<METurn METURNVERSION="V2.0.2"><TurnInfo><GameNo>141</GameNo><TurnNo>24</TurnNo><NationNo>21</NationNo><GameType>Fourth Age, circa 1000</GameType><NationCapitalHex>2137</NationCapitalHex><DueDate>SEPTEMBER 8 2013</DueDate><Secret>3789</Secret><Player>NATE KEENE</Player><Account>110758</Account><NationEliminated>0</NationEliminated><Int>9A6D9C6C669A99679564649D9C6E</Int></TurnInfo><Characters><Character ID="aldhe"><Name>Aldhelm Demuret</Name><Location>2137</Location><Nation>21</Nation><Command>0</Command><TotalCommand>0</TotalCommand><Agent>68</Agent><TotalAgent>68</TotalAgent><Emmisary>0</Emmisary><TotalEmmisary>0</TotalEmmisary><Mage>0</Mage><TotalMage>0</TotalMage><Stealth>0</Stealth><TotalStealth>0</TotalStealth><Challenge>51</Challenge><Health>100</Health><Title></Title><InformationSource>0</InformationSource><Artifacts/><Spells/></Character><Character ID="light"><Name>Light</Name><Location>2137</Location><Nation>21</Nation><Command>0</Command><TotalCommand>0</TotalCommand><Agent>0</Agent><TotalAgent>0</TotalAgent><Emmisary>73</Emmisary><TotalEmmisary>73</TotalEmmisary><Mage>0</Mage><TotalMage>0</TotalMage><Stealth>0</Stealth><TotalStealth>0</TotalStealth><Challenge>36</Challenge><Health>100</Health><Title></Title><InformationSource>0</InformationSource><Artifacts/><Spells/></Character><Character ID="earth"><Name>Earth</Name><Location>2139</Location><Nation>21</Nation><Command>37</Command><TotalCommand>37</TotalCommand><Agent>0</Agent><TotalAgent>0</TotalAgent><Emmisary>90</Emmisary><TotalEmmisary>90</TotalEmmisary><Mage>0</Mage><TotalMage>0</TotalMage><Stealth>0</Stealth><TotalStealth>0</TotalStealth><Challenge>54</Challenge><Health>100</Health><Title></Title><InformationSource>0</InformationSource><Artifacts/><Spells/></Character><Character ID="dark "><Name>Dark </Name><Location>2534</Location><Nation>21</Nation><Command>65</Command><TotalCommand>65</TotalCommand><Agent>0</Agent><TotalAgent>0</TotalAgent><Emmisary>0</Emmisary><TotalEmmisary>0</TotalEmmisary><Mage>45</Mage><TotalMage>45</TotalMage><Stealth>0</Stealth><TotalStealth>0</TotalStealth><Challenge>76</Challenge><Health>100</Health><Title></Title><InformationSource>0</InformationSource><Artifacts/><Spells><Spell>#406 Divine Army(98)</Spell><Spell>#412 Research Artifact(100)</Spell><Spell>#413 Scry Population Center(100)</Spell><Spell>#415 Scry Area(90)</Spell><Spell>#418 Locate Artifact(60)</Spell><Spell>#428 Locate Artifact True(73)</Spell></Spells></Character><Character ID="fire "><Name>Fire </Name><Location>2536</Location><Nation>21</Nation><Command>70</Command><TotalCommand>70</TotalCommand><Agent>53</Agent><TotalAgent>53</TotalAgent><Emmisary>0</Emmisary><TotalEmmisary>0</TotalEmmisary><Mage>0</Mage><TotalMage>0</TotalMage><Stealth>0</Stealth><TotalStealth>0</TotalStealth><Challenge>79</Challenge><Health>100</Health><Title></Title><InformationSource>0</InformationSource><Artifacts/><Spells/></Character><Character ID="water"><Name>Water</Name><Location>2734</Location><Nation>21</Nation><Command>0</Command><TotalCommand>0</TotalCommand><Agent>0</Agent><TotalAgent>0</TotalAgent><Emmisary>92</Emmisary><TotalEmmisary>92</TotalEmmisary><Mage>0</Mage><TotalMage>0</TotalMage><Stealth>0</Stealth><TotalStealth>0</TotalStealth><Challenge>46</Challenge><Health>100</Health><Title></Title><InformationSource>0</InformationSource><Artifacts/><Spells/></Character><Character ID="wind "><Name>Wind </Name><Location>2734</Location><Nation>21</Nation><Command>0</Command><TotalCommand>0</TotalCommand><Agent>0</Agent><TotalAgent>0</TotalAgent><Emmisary>83</Emmisary><TotalEmmisary>83</TotalEmmisary><Mage>0</Mage><TotalMage>0</TotalMage><Stealth>0</Stealth><TotalStealth>0</TotalStealth><Challenge>41</Challenge><Health>100</Health><Title></Title><InformationSource>0</InformationSource><Artifacts/><Spells/></Character><Character ID="null "><Name>Null </Name><Location>2834</Location><Nation>21</Nation><Command>54</Command><TotalCommand>54</TotalCommand><Agent>0</Agent><TotalAgent>0</TotalAgent><Emmisary>0</Emmisary><TotalEmmisary>0</TotalEmmisary><Mage>48</Mage><TotalMage>48</TotalMage><Stealth>0</Stealth><TotalStealth>0</TotalStealth><Challenge>66</Challenge><Health>100</Health><Title></Title><InformationSource>0</InformationSource><Artifacts/><Spells><Spell>#412 Research Artifact(78)</Spell><Spell>#413 Scry Population Center(72)</Spell><Spell>#415 Scry Area(56)</Spell><Spell>#418 Locate Artifact(68)</Spell><Spell>#428 Locate Artifact True(71)</Spell></Spells></Character><Character ID="qesse"><Name>Qesset</Name><Location>2834</Location><Nation>21</Nation><Command>0</Command><TotalCommand>0</TotalCommand><Agent>78</Agent><TotalAgent>78</TotalAgent><Emmisary>0</Emmisary><TotalEmmisary>0</TotalEmmisary><Mage>0</Mage><TotalMage>0</TotalMage><Stealth>0</Stealth><TotalStealth>0</TotalStealth><Challenge>78</Challenge><Health>100</Health><Title></Title><InformationSource>0</InformationSource><Artifacts><Artifact>#85 Stinging Tongue</Artifact><Artifact>#91 Sulhelka</Artifact></Artifacts><Spells/></Character><Character ID="tarta"><Name>Tartas Izain</Name><Location>2834</Location><Nation>21</Nation><Command>0</Command><TotalCommand>0</TotalCommand><Agent>77</Agent><TotalAgent>77</TotalAgent><Emmisary>0</Emmisary><TotalEmmisary>0</TotalEmmisary><Mage>0</Mage><TotalMage>0</TotalMage><Stealth>0</Stealth><TotalStealth>0</TotalStealth><Challenge>57</Challenge><Health>100</Health><Title></Title><InformationSource>0</InformationSource><Artifacts><Artifact>#162 Cuiviegurth</Artifact></Artifacts><Spells/></Character><Character ID="cinar"><Name>Cinard</Name><Location>3034</Location><Nation>21</Nation><Command>0</Command><TotalCommand>0</TotalCommand><Agent>77</Agent><TotalAgent>77</TotalAgent><Emmisary>0</Emmisary><TotalEmmisary>0</TotalEmmisary><Mage>0</Mage><TotalMage>0</TotalMage><Stealth>0</Stealth><TotalStealth>0</TotalStealth><Challenge>57</Challenge><Health>100</Health><Title></Title><InformationSource>0</InformationSource><Artifacts/><Spells/></Character><Character ID="klu r"><Name>Klú Relortin</Name><Location>3034</Location><Nation>21</Nation><Command>0</Command><TotalCommand>0</TotalCommand><Agent>73</Agent><TotalAgent>73</TotalAgent><Emmisary>0</Emmisary><TotalEmmisary>0</TotalEmmisary><Mage>0</Mage><TotalMage>0</TotalMage><Stealth>0</Stealth><TotalStealth>0</TotalStealth><Challenge>54</Challenge><Health>100</Health><Title></Title><InformationSource>0</InformationSource><Artifacts/><Spells/></Character><Character ID="tabay"><Name>Tabaya Kas</Name><Location>3034</Location><Nation>21</Nation><Command>0</Command><TotalCommand>0</TotalCommand><Agent>76</Agent><TotalAgent>76</TotalAgent><Emmisary>0</Emmisary><TotalEmmisary>0</TotalEmmisary><Mage>0</Mage><TotalMage>0</TotalMage><Stealth>0</Stealth><TotalStealth>0</TotalStealth><Challenge>57</Challenge><Health>100</Health><Title></Title><InformationSource>0</InformationSource><Artifacts/><Spells/></Character></Characters>
<Economy><Nation><ArmyMaint>10000</ArmyMaint><PopMaint>2500</PopMaint><CharMaint>23180</CharMaint><TotalMaint>35680</TotalMaint><TaxRate>60</TaxRate><Revenue>17600</Revenue><Surplus>-18080</Surplus><Reserve>376</Reserve><TaxBase>8</TaxBase></Nation><Market><Product type="le"><BuyPrice>3</BuyPrice><SellPrice>1</SellPrice><MarketAvail>27683</MarketAvail><NationStores>0</NationStores><NationProduction>1040</NationProduction></Product><Product type="br"><BuyPrice>3</BuyPrice><SellPrice>1</SellPrice><MarketAvail>18477</MarketAvail><NationStores>3115</NationStores><NationProduction>390</NationProduction></Product><Product type="st"><BuyPrice>5</BuyPrice><SellPrice>3</SellPrice><MarketAvail>6409</MarketAvail><NationStores>871</NationStores><NationProduction>152</NationProduction></Product><Product type="mi"><BuyPrice>12</BuyPrice><SellPrice>6</SellPrice><MarketAvail>4448</MarketAvail><NationStores>0</NationStores><NationProduction>0</NationProduction></Product><Product type="fo"><BuyPrice>2</BuyPrice><SellPrice>1</SellPrice><MarketAvail>290847</MarketAvail><NationStores>6462</NationStores><NationProduction>3156</NationProduction></Product><Product type="ti"><BuyPrice>3</BuyPrice><SellPrice>1</SellPrice><MarketAvail>28107</MarketAvail><NationStores>0</NationStores><NationProduction>1107</NationProduction></Product><Product type="mo"><BuyPrice>8</BuyPrice><SellPrice>4</SellPrice><MarketAvail>4057</MarketAvail><NationStores>755</NationStores><NationProduction>64</NationProduction></Product></Market></Economy>
<PopCentres><PopCentre HexID="1627"><Name>Unknown (Map Icon)</Name><Nation>0</Nation><NationAllegience>0</NationAllegience><FortificationLevel>0</FortificationLevel><Size>2</Size><Dock>0</Dock><Capital>0</Capital><Loyalty>0</Loyalty><InformationSource>4</InformationSource><Hidden>0</Hidden></PopCentre><PopCentre HexID="2135"><Name>Narqelion</Name><Nation>21</Nation><NationAllegience>0</NationAllegience><FortificationLevel>0</FortificationLevel><Size>1</Size><Dock>0</Dock><Capital>0</Capital><Loyalty>25</Loyalty><InformationSource>1</InformationSource><Hidden>0</Hidden></PopCentre><PopCentre HexID="2136"><Name>Mountains</Name><Nation>21</Nation><NationAllegience>0</NationAllegience><FortificationLevel>0</FortificationLevel><Size>2</Size><Dock>0</Dock><Capital>0</Capital><Loyalty>45</Loyalty><InformationSource>1</InformationSource><Hidden>0</Hidden></PopCentre><PopCentre HexID="2137"><Name>Hills</Name><Nation>21</Nation><NationAllegience>0</NationAllegience><FortificationLevel>2</FortificationLevel><Size>5</Size><Dock>0</Dock><Capital>1</Capital><Loyalty>54</Loyalty><InformationSource>1</InformationSource><Hidden>0</Hidden></PopCentre><PopCentre HexID="2139"><Name>Rough</Name><Nation>21</Nation><NationAllegience>0</NationAllegience><FortificationLevel>1</FortificationLevel><Size>4</Size><Dock>0</Dock><Capital>0</Capital><Loyalty>34</Loyalty><InformationSource>1</InformationSource><Hidden>0</Hidden></PopCentre><PopCentre HexID="2227"><Name>Unknown (Map Icon)</Name><Nation>0</Nation><NationAllegience>0</NationAllegience><FortificationLevel>1</FortificationLevel><Size>3</Size><Dock>1</Dock><Capital>0</Capital><Loyalty>0</Loyalty><InformationSource>4</InformationSource><Hidden>0</Hidden></PopCentre><PopCentre HexID="2235"><Name>Unknown (Map Icon)</Name><Nation>0</Nation><NationAllegience>0</NationAllegience><FortificationLevel>0</FortificationLevel><Size>3</Size><Dock>0</Dock><Capital>0</Capital><Loyalty>0</Loyalty><InformationSource>4</InformationSource><Hidden>0</Hidden></PopCentre><PopCentre HexID="2236"><Name>Desert</Name><Nation>21</Nation><NationAllegience>0</NationAllegience><FortificationLevel>1</FortificationLevel><Size>1</Size><Dock>0</Dock><Capital>0</Capital><Loyalty>44</Loyalty><InformationSource>1</InformationSource><Hidden>0</Hidden></PopCentre><PopCentre HexID="2239"><Name>Unknown (Map Icon)</Name><Nation>0</Nation><NationAllegience>0</NationAllegience><FortificationLevel>0</FortificationLevel><Size>2</Size><Dock>0</Dock><Capital>0</Capital><Loyalty>0</Loyalty><InformationSource>4</InformationSource><Hidden>0</Hidden></PopCentre><PopCentre HexID="2335"><Name>Swamp</Name><Nation>21</Nation><NationAllegience>0</NationAllegience><FortificationLevel>1</FortificationLevel><Size>1</Size><Dock>0</Dock><Capital>0</Capital><Loyalty>30</Loyalty><InformationSource>1</InformationSource><Hidden>0</Hidden></PopCentre><PopCentre HexID="2336"><Name>Amrûn</Name><Nation>21</Nation><NationAllegience>0</NationAllegience><FortificationLevel>0</FortificationLevel><Size>1</Size><Dock>0</Dock><Capital>0</Capital><Loyalty>54</Loyalty><InformationSource>1</InformationSource><Hidden>0</Hidden></PopCentre><PopCentre HexID="2337"><Name>Unknown (Map Icon)</Name><Nation>0</Nation><NationAllegience>0</NationAllegience><FortificationLevel>1</FortificationLevel><Size>2</Size><Dock>0</Dock><Capital>0</Capital><Loyalty>0</Loyalty><InformationSource>4</InformationSource><Hidden>0</Hidden></PopCentre><PopCentre HexID="2339"><Name>Unknown (Map Icon)</Name><Nation>0</Nation><NationAllegience>0</NationAllegience><FortificationLevel>1</FortificationLevel><Size>1</Size><Dock>0</Dock><Capital>0</Capital><Loyalty>0</Loyalty><InformationSource>4</InformationSource><Hidden>0</Hidden></PopCentre><PopCentre HexID="2435"><Name>Deldúwath</Name><Nation>21</Nation><NationAllegience>0</NationAllegience><FortificationLevel>0</FortificationLevel><Size>1</Size><Dock>0</Dock><Capital>0</Capital><Loyalty>19</Loyalty><InformationSource>1</InformationSource><Hidden>0</Hidden></PopCentre><PopCentre HexID="2437"><Name>Thargelion</Name><Nation>21</Nation><NationAllegience>0</NationAllegience><FortificationLevel>0</FortificationLevel><Size>1</Size><Dock>0</Dock><Capital>0</Capital><Loyalty>41</Loyalty><InformationSource>1</InformationSource><Hidden>0</Hidden></PopCentre><PopCentre HexID="2534"><Name>Cacanga</Name><Nation>18</Nation><NationAllegience>0</NationAllegience><FortificationLevel>0</FortificationLevel><Size>1</Size><Dock>0</Dock><Capital>0</Capital><Loyalty>0</Loyalty><InformationSource>3</InformationSource><Hidden>0</Hidden></PopCentre><PopCentre HexID="2536"><Name>Mae Govannon</Name><Nation>18</Nation><NationAllegience>0</NationAllegience><FortificationLevel>0</FortificationLevel><Size>1</Size><Dock>0</Dock><Capital>0</Capital><Loyalty>0</Loyalty><InformationSource>3</InformationSource><Hidden>0</Hidden></PopCentre><PopCentre HexID="2537"><Name>Melyanna</Name><Nation>21</Nation><NationAllegience>0</NationAllegience><FortificationLevel>0</FortificationLevel><Size>1</Size><Dock>0</Dock><Capital>0</Capital><Loyalty>35</Loyalty><InformationSource>1</InformationSource><Hidden>0</Hidden></PopCentre><PopCentre HexID="2634"><Name>Mukatana</Name><Nation>21</Nation><NationAllegience>0</NationAllegience><FortificationLevel>0</FortificationLevel><Size>1</Size><Dock>0</Dock><Capital>0</Capital><Loyalty>36</Loyalty><InformationSource>1</InformationSource><Hidden>0</Hidden></PopCentre><PopCentre HexID="2734"><Name>Of Fear</Name><Nation>18</Nation><NationAllegience>0</NationAllegience><FortificationLevel>1</FortificationLevel><Size>3</Size><Dock>0</Dock><Capital>0</Capital><Loyalty>0</Loyalty><InformationSource>3</InformationSource><Hidden>0</Hidden></PopCentre><PopCentre HexID="2834"><Name>Herenya</Name><Nation>18</Nation><NationAllegience>0</NationAllegience><FortificationLevel>0</FortificationLevel><Size>3</Size><Dock>0</Dock><Capital>0</Capital><Loyalty>0</Loyalty><InformationSource>3</InformationSource><Hidden>0</Hidden></PopCentre><PopCentre HexID="2935"><Name>Lámina</Name><Nation>21</Nation><NationAllegience>0</NationAllegience><FortificationLevel>0</FortificationLevel><Size>1</Size><Dock>0</Dock><Capital>0</Capital><Loyalty>55</Loyalty><InformationSource>1</InformationSource><Hidden>0</Hidden></PopCentre><PopCentre HexID="3034"><Name>Of Hate</Name><Nation>24</Nation><NationAllegience>0</NationAllegience><FortificationLevel>3</FortificationLevel><Size>5</Size><Dock>0</Dock><Capital>0</Capital><Loyalty>0</Loyalty><InformationSource>3</InformationSource><Hidden>0</Hidden></PopCentre><PopCentre HexID="3336"><Name>MPEG-2</Name><Nation>21</Nation><NationAllegience>0</NationAllegience><FortificationLevel>0</FortificationLevel><Size>1</Size><Dock>0</Dock><Capital>0</Capital><Loyalty>32</Loyalty><InformationSource>1</InformationSource><Hidden>0</Hidden></PopCentre></PopCentres><Armies><Army HexID="2139"><Nation>21</Nation><NationAllegience>0</NationAllegience><Size>2</Size><TroopCount>100</TroopCount><Commander>Earth</Commander><CommanderTitle>Commander</CommanderTitle><ExtraInfo>100MA</ExtraInfo><Navy>0</Navy><InformationSource>1</InformationSource><CharsTravellingWith></CharsTravellingWith></Army><Army HexID="2139"><Nation>0</Nation><NationAllegience>1</NationAllegience><Size>0</Size><TroopCount>0</TroopCount><Commander>Unknown (Map Icon)</Commander><CommanderTitle></CommanderTitle><ExtraInfo></ExtraInfo><Navy>0</Navy><InformationSource>4</InformationSource><CharsTravellingWith></CharsTravellingWith></Army><Army HexID="2227"><Nation>0</Nation><NationAllegience>1</NationAllegience><Size>0</Size><TroopCount>0</TroopCount><Commander>Unknown (Map Icon)</Commander><CommanderTitle></CommanderTitle><ExtraInfo></ExtraInfo><Navy>0</Navy><InformationSource>4</InformationSource><CharsTravellingWith></CharsTravellingWith></Army><Army HexID="2534"><Nation>21</Nation><NationAllegience>0</NationAllegience><Size>0</Size><TroopCount>200</TroopCount><Commander>Dark </Commander><CommanderTitle>Regent</CommanderTitle><ExtraInfo>200HC</ExtraInfo><Navy>0</Navy><InformationSource>1</InformationSource><CharsTravellingWith></CharsTravellingWith></Army><Army HexID="2536"><Nation>21</Nation><NationAllegience>0</NationAllegience><Size>0</Size><TroopCount>628</TroopCount><Commander>Fire </Commander><CommanderTitle>Warlord</CommanderTitle><ExtraInfo>628HC</ExtraInfo><Navy>0</Navy><InformationSource>1</InformationSource><CharsTravellingWith></CharsTravellingWith></Army><Army HexID="2834"><Nation>21</Nation><NationAllegience>0</NationAllegience><Size>0</Size><TroopCount>822</TroopCount><Commander>Null </Commander><CommanderTitle>Lord</CommanderTitle><ExtraInfo>822HC</ExtraInfo><Navy>0</Navy><InformationSource>1</InformationSource><CharsTravellingWith></CharsTravellingWith></Army></Armies><NationInfo><EmptyPopHexes HexIDList="1628,1629,1630,1631,1632,1633,1634,1635,1636,1637,1638,1639,1727,1728,1729,1730,1731,1732,1733,1734,1735,1736,1737,1738,1739,1827,1828,1829,1830,1831,1832,1833,1834,1835,1836,1837,1838,1839,1927,1928,1929,1930,1931,1932,1933,1934,1935,1936,1937,1938,1939,2027,2028,2029,2030,2031,2032,2033,2034,2035,2036,2037,2038,2039,2127,2128,2129,2130,2131,2132,2133,2134,2138,2228,2229,2230,2231,2232,2233,2234,2237,2238,2327,2328,2329,2330,2331,2332,2333,2334,2338,2427,2429,2431,2433,2439"/><PopHexes HexIDList="1627,2135,2136,2137,2139,2227,2235,2236,2239,2335,2336,2337,2339,2435,2437"/><NationMessages><NationMessage>There are rumors of a personal challenge involving Fish and Sabbiolina at 3712. </NationMessage><NationMessage>There are rumors of a theft attempt involving Balkhmog at Cúarthol. </NationMessage></NationMessages></NationInfo><Nations><Nation ID="0">Unknown</Nation><Nation ID="1">North Kingdom</Nation><Nation ID="2">South Kingdom</Nation><Nation ID="3">Wise Council</Nation><Nation ID="4">Acadians</Nation><Nation ID="5">Silent Assembly</Nation><Nation ID="6">Thorinar</Nation><Nation ID="7">Sapphic Enclave</Nation><Nation ID="8">Nameless</Nation><Nation ID="9">Ground Pounders</Nation><Nation ID="10">Sundered</Nation><Nation ID="11">Lohmai'gwaith</Nation><Nation ID="12">Sheri-Urk</Nation><Nation ID="13">Red Witches</Nation><Nation ID="14">Dark Feast</Nation><Nation ID="15">Twilight Hammer</Nation><Nation ID="16">Sh'iar Empire</Nation><Nation ID="17">Great Trollusk</Nation><Nation ID="18">Benîm an Pharazôn</Nation><Nation ID="19">RhunLandChattelCo</Nation><Nation ID="20">Tribes of Angmar</Nation><Nation ID="21">Lands</Nation><Nation ID="22">Sing a Song</Nation><Nation ID="23">Once Upon a Time</Nation><Nation ID="24">Plane</Nation><Nation ID="25">Alvernus</Nation></Nations></METurn>
