<METurn METURNVERSION="V2.0.2"><TurnInfo><GameNo>47</GameNo><TurnNo>33</TurnNo><NationNo>25</NationNo><GameType>Fourth Age, circa 1000</GameType><NationCapitalHex>2314</NationCapitalHex><DueDate>FEBRUARY 5 2013</DueDate><Secret>9369</Secret><Player>ERNEST HAKEY</Player><Account>109238</Account><NationEliminated>0</NationEliminated><Int>A0699A6C6799996B95636D989A6E</Int></TurnInfo><Characters><Character ID="narya"><Name>Narya the Red</Name><Location>2116</Location><Nation>25</Nation><Command>10</Command><TotalCommand>10</TotalCommand><Agent>20</Agent><TotalAgent>20</TotalAgent><Emmisary>10</Emmisary><TotalEmmisary>10</TotalEmmisary><Mage>0</Mage><TotalMage>0</TotalMage><Stealth>0</Stealth><TotalStealth>0</TotalStealth><Challenge>18</Challenge><Health>100</Health><Title></Title><InformationSource>0</InformationSource><Artifacts/><Spells/></Character><Character ID="xandr"><Name>Xandros the Fair</Name><Location>2309</Location><Nation>25</Nation><Command>0</Command><TotalCommand>0</TotalCommand><Agent>0</Agent><TotalAgent>0</TotalAgent><Emmisary>100</Emmisary><TotalEmmisary>100</TotalEmmisary><Mage>0</Mage><TotalMage>0</TotalMage><Stealth>0</Stealth><TotalStealth>0</TotalStealth><Challenge>50</Challenge><Health>100</Health><Title></Title><InformationSource>0</InformationSource><Artifacts/><Spells/></Character><Character ID="anast"><Name>Anastrial</Name><Location>2314</Location><Nation>0</Nation><Command>0</Command><TotalCommand>0</TotalCommand><Agent>0</Agent><TotalAgent>0</TotalAgent><Emmisary>0</Emmisary><TotalEmmisary>0</TotalEmmisary><Mage>0</Mage><TotalMage>0</TotalMage><Stealth>0</Stealth><TotalStealth>0</TotalStealth><Challenge>0</Challenge><Health>0</Health><Title></Title><InformationSource>2</InformationSource><Artifacts/><Spells/></Character><Character ID="calca"><Name>Calcawe</Name><Location>2314</Location><Nation>0</Nation><Command>0</Command><TotalCommand>0</TotalCommand><Agent>0</Agent><TotalAgent>0</TotalAgent><Emmisary>0</Emmisary><TotalEmmisary>0</TotalEmmisary><Mage>0</Mage><TotalMage>0</TotalMage><Stealth>0</Stealth><TotalStealth>0</TotalStealth><Challenge>0</Challenge><Health>0</Health><Title></Title><InformationSource>2</InformationSource><Artifacts/><Spells/></Character><Character ID="slorf"><Name>Slorf</Name><Location>2314</Location><Nation>0</Nation><Command>0</Command><TotalCommand>0</TotalCommand><Agent>0</Agent><TotalAgent>0</TotalAgent><Emmisary>0</Emmisary><TotalEmmisary>0</TotalEmmisary><Mage>0</Mage><TotalMage>0</TotalMage><Stealth>0</Stealth><TotalStealth>0</TotalStealth><Challenge>0</Challenge><Health>0</Health><Title></Title><InformationSource>2</InformationSource><Artifacts/><Spells/></Character><Character ID="taeri"><Name>Taerin</Name><Location>2314</Location><Nation>0</Nation><Command>0</Command><TotalCommand>0</TotalCommand><Agent>0</Agent><TotalAgent>0</TotalAgent><Emmisary>0</Emmisary><TotalEmmisary>0</TotalEmmisary><Mage>0</Mage><TotalMage>0</TotalMage><Stealth>0</Stealth><TotalStealth>0</TotalStealth><Challenge>0</Challenge><Health>0</Health><Title></Title><InformationSource>2</InformationSource><Artifacts/><Spells/></Character><Character ID="allek"><Name>Allek the Kind</Name><Location>2314</Location><Nation>25</Nation><Command>0</Command><TotalCommand>0</TotalCommand><Agent>67</Agent><TotalAgent>67</TotalAgent><Emmisary>0</Emmisary><TotalEmmisary>0</TotalEmmisary><Mage>0</Mage><TotalMage>0</TotalMage><Stealth>21</Stealth><TotalStealth>21</TotalStealth><Challenge>50</Challenge><Health>100</Health><Title></Title><InformationSource>0</InformationSource><Artifacts/><Spells/></Character><Character ID="andam"><Name>Andamundo</Name><Location>2314</Location><Nation>0</Nation><Command>0</Command><TotalCommand>0</TotalCommand><Agent>0</Agent><TotalAgent>0</TotalAgent><Emmisary>0</Emmisary><TotalEmmisary>0</TotalEmmisary><Mage>0</Mage><TotalMage>0</TotalMage><Stealth>0</Stealth><TotalStealth>0</TotalStealth><Challenge>0</Challenge><Health>0</Health><Title></Title><InformationSource>1</InformationSource><Artifacts/><Spells/></Character><Character ID="carla"><Name>Carla Darkeye</Name><Location>2314</Location><Nation>25</Nation><Command>0</Command><TotalCommand>0</TotalCommand><Agent>34</Agent><TotalAgent>34</TotalAgent><Emmisary>0</Emmisary><TotalEmmisary>0</TotalEmmisary><Mage>0</Mage><TotalMage>0</TotalMage><Stealth>0</Stealth><TotalStealth>0</TotalStealth><Challenge>25</Challenge><Health>100</Health><Title></Title><InformationSource>0</InformationSource><Artifacts/><Spells/></Character><Character ID="harod"><Name>Harodh Clubfoot</Name><Location>2314</Location><Nation>25</Nation><Command>27</Command><TotalCommand>27</TotalCommand><Agent>37</Agent><TotalAgent>37</TotalAgent><Emmisary>0</Emmisary><TotalEmmisary>0</TotalEmmisary><Mage>0</Mage><TotalMage>0</TotalMage><Stealth>0</Stealth><TotalStealth>0</TotalStealth><Challenge>33</Challenge><Health>100</Health><Title></Title><InformationSource>0</InformationSource><Artifacts/><Spells/></Character><Character ID="jalik"><Name>Jalik Macehand</Name><Location>2314</Location><Nation>25</Nation><Command>0</Command><TotalCommand>0</TotalCommand><Agent>30</Agent><TotalAgent>30</TotalAgent><Emmisary>0</Emmisary><TotalEmmisary>0</TotalEmmisary><Mage>0</Mage><TotalMage>0</TotalMage><Stealth>0</Stealth><TotalStealth>0</TotalStealth><Challenge>22</Challenge><Health>100</Health><Title></Title><InformationSource>0</InformationSource><Artifacts/><Spells/></Character><Character ID="padra"><Name>Padraic</Name><Location>2314</Location><Nation>25</Nation><Command>41</Command><TotalCommand>41</TotalCommand><Agent>0</Agent><TotalAgent>0</TotalAgent><Emmisary>20</Emmisary><TotalEmmisary>20</TotalEmmisary><Mage>0</Mage><TotalMage>0</TotalMage><Stealth>0</Stealth><TotalStealth>0</TotalStealth><Challenge>43</Challenge><Health>100</Health><Title></Title><InformationSource>0</InformationSource><Artifacts/><Spells/></Character><Character ID="quarg"><Name>Quargala</Name><Location>2314</Location><Nation>25</Nation><Command>0</Command><TotalCommand>0</TotalCommand><Agent>35</Agent><TotalAgent>35</TotalAgent><Emmisary>0</Emmisary><TotalEmmisary>0</TotalEmmisary><Mage>0</Mage><TotalMage>0</TotalMage><Stealth>0</Stealth><TotalStealth>0</TotalStealth><Challenge>26</Challenge><Health>100</Health><Title></Title><InformationSource>0</InformationSource><Artifacts/><Spells/></Character><Character ID="ferdh"><Name>Ferdh Feyheart</Name><Location>2315</Location><Nation>25</Nation><Command>0</Command><TotalCommand>0</TotalCommand><Agent>63</Agent><TotalAgent>63</TotalAgent><Emmisary>0</Emmisary><TotalEmmisary>0</TotalEmmisary><Mage>0</Mage><TotalMage>0</TotalMage><Stealth>29</Stealth><TotalStealth>39</TotalStealth><Challenge>47</Challenge><Health>100</Health><Title></Title><InformationSource>0</InformationSource><Artifacts><Artifact>#92 Helm of Shadow</Artifact></Artifacts><Spells/></Character><Character ID="lamro"><Name>Lamronos</Name><Location>2315</Location><Nation>25</Nation><Command>33</Command><TotalCommand>33</TotalCommand><Agent>0</Agent><TotalAgent>0</TotalAgent><Emmisary>0</Emmisary><TotalEmmisary>0</TotalEmmisary><Mage>0</Mage><TotalMage>0</TotalMage><Stealth>0</Stealth><TotalStealth>0</TotalStealth><Challenge>33</Challenge><Health>100</Health><Title></Title><InformationSource>0</InformationSource><Artifacts/><Spells/></Character><Character ID="sarah"><Name>Sarah Redblade</Name><Location>2315</Location><Nation>25</Nation><Command>76</Command><TotalCommand>76</TotalCommand><Agent>0</Agent><TotalAgent>0</TotalAgent><Emmisary>0</Emmisary><TotalEmmisary>0</TotalEmmisary><Mage>0</Mage><TotalMage>0</TotalMage><Stealth>0</Stealth><TotalStealth>0</TotalStealth><Challenge>76</Challenge><Health>100</Health><Title></Title><InformationSource>0</InformationSource><Artifacts/><Spells/></Character><Character ID="yazmi"><Name>Yazmina Blackhand</Name><Location>2413</Location><Nation>25</Nation><Command>66</Command><TotalCommand>66</TotalCommand><Agent>65</Agent><TotalAgent>65</TotalAgent><Emmisary>0</Emmisary><TotalEmmisary>0</TotalEmmisary><Mage>0</Mage><TotalMage>0</TotalMage><Stealth>0</Stealth><TotalStealth>0</TotalStealth><Challenge>78</Challenge><Health>100</Health><Title></Title><InformationSource>0</InformationSource><Artifacts/><Spells/></Character><Character ID="glany"><Name>Glanyssa</Name><Location>2415</Location><Nation>25</Nation><Command>10</Command><TotalCommand>10</TotalCommand><Agent>21</Agent><TotalAgent>21</TotalAgent><Emmisary>12</Emmisary><TotalEmmisary>12</TotalEmmisary><Mage>0</Mage><TotalMage>0</TotalMage><Stealth>20</Stealth><TotalStealth>20</TotalStealth><Challenge>19</Challenge><Health>3</Health><Title></Title><InformationSource>0</InformationSource><Artifacts/><Spells/></Character><Character ID="inga "><Name>Inga the Gay</Name><Location>2818</Location><Nation>25</Nation><Command>36</Command><TotalCommand>36</TotalCommand><Agent>36</Agent><TotalAgent>36</TotalAgent><Emmisary>0</Emmisary><TotalEmmisary>0</TotalEmmisary><Mage>0</Mage><TotalMage>0</TotalMage><Stealth>0</Stealth><TotalStealth>0</TotalStealth><Challenge>57</Challenge><BonusChallenge/><Health>100</Health><Title></Title><InformationSource>0</InformationSource><Artifacts/><Spells/></Character><Character ID="melan"><Name>Melani Goldeye</Name><Location>2818</Location><Nation>25</Nation><Command>53</Command><TotalCommand>53</TotalCommand><Agent>44</Agent><TotalAgent>44</TotalAgent><Emmisary>0</Emmisary><TotalEmmisary>0</TotalEmmisary><Mage>0</Mage><TotalMage>0</TotalMage><Stealth>0</Stealth><TotalStealth>0</TotalStealth><Challenge>61</Challenge><Health>100</Health><Title></Title><InformationSource>0</InformationSource><Artifacts/><Spells/></Character><Character ID="zelik"><Name>Zelik the Mad</Name><Location>2819</Location><Nation>25</Nation><Command>0</Command><TotalCommand>0</TotalCommand><Agent>56</Agent><TotalAgent>56</TotalAgent><Emmisary>0</Emmisary><TotalEmmisary>0</TotalEmmisary><Mage>0</Mage><TotalMage>0</TotalMage><Stealth>19</Stealth><TotalStealth>19</TotalStealth><Challenge>42</Challenge><Health>47</Health><Title></Title><InformationSource>0</InformationSource><Artifacts/><Spells/></Character><Character ID="gamli"><Name>Gamling</Name><Location>2907</Location><Nation>0</Nation><Command>0</Command><TotalCommand>0</TotalCommand><Agent>0</Agent><TotalAgent>0</TotalAgent><Emmisary>0</Emmisary><TotalEmmisary>0</TotalEmmisary><Mage>0</Mage><TotalMage>0</TotalMage><Stealth>0</Stealth><TotalStealth>0</TotalStealth><Challenge>0</Challenge><Health>0</Health><Title></Title><InformationSource>2</InformationSource><Artifacts/><Spells/></Character><Character ID="ezkor"><Name>Ezkoria</Name><Location>HOST</Location><Nation>25</Nation><Command>0</Command><TotalCommand>0</TotalCommand><Agent>30</Agent><TotalAgent>30</TotalAgent><Emmisary>0</Emmisary><TotalEmmisary>0</TotalEmmisary><Mage>0</Mage><TotalMage>0</TotalMage><Stealth>20</Stealth><TotalStealth>20</TotalStealth><Challenge>22</Challenge><Health>100</Health><Title></Title><InformationSource>0</InformationSource><Artifacts/><Spells/></Character><Character ID="kirah"><Name>Kirah the Knife</Name><Location>HOST</Location><Nation>25</Nation><Command>54</Command><TotalCommand>54</TotalCommand><Agent>0</Agent><TotalAgent>0</TotalAgent><Emmisary>0</Emmisary><TotalEmmisary>0</TotalEmmisary><Mage>0</Mage><TotalMage>0</TotalMage><Stealth>29</Stealth><TotalStealth>29</TotalStealth><Challenge>54</Challenge><Health>65</Health><Title></Title><InformationSource>0</InformationSource><Artifacts/><Spells/></Character><Character ID="tarik"><Name>Tarik the Bold</Name><Location>HOST</Location><Nation>25</Nation><Command>57</Command><TotalCommand>57</TotalCommand><Agent>0</Agent><TotalAgent>0</TotalAgent><Emmisary>0</Emmisary><TotalEmmisary>0</TotalEmmisary><Mage>61</Mage><TotalMage>61</TotalMage><Stealth>0</Stealth><TotalStealth>0</TotalStealth><Challenge>75</Challenge><Health>100</Health><Title></Title><InformationSource>0</InformationSource><Artifacts/><Spells><Spell>#104 Resistances(71)</Spell><Spell>#412 Research Artifact(94)</Spell><Spell>#416 Reveal Production(100)</Spell><Spell>#418 Locate Artifact(69)</Spell><Spell>#420 Reveal Character(70)</Spell><Spell>#430 Reveal Character True(74)</Spell><Spell>#434 Reveal Population Center(49)</Spell></Spells></Character></Characters>
<Economy><Nation><ArmyMaint>10401</ArmyMaint><PopMaint>2500</PopMaint><CharMaint>24080</CharMaint><TotalMaint>36981</TotalMaint><TaxRate>60</TaxRate><Revenue>54440</Revenue><Surplus>17459</Surplus><Reserve>20323</Reserve><TaxBase>35</TaxBase></Nation><Market><Product type="le"><BuyPrice>3</BuyPrice><SellPrice>1</SellPrice><MarketAvail>15226</MarketAvail><NationStores>2974</NationStores><NationProduction>760</NationProduction></Product><Product type="br"><BuyPrice>3</BuyPrice><SellPrice>1</SellPrice><MarketAvail>22726</MarketAvail><NationStores>591</NationStores><NationProduction>77</NationProduction></Product><Product type="st"><BuyPrice>7</BuyPrice><SellPrice>3</SellPrice><MarketAvail>3747</MarketAvail><NationStores>988</NationStores><NationProduction>96</NationProduction></Product><Product type="mi"><BuyPrice>105</BuyPrice><SellPrice>49</SellPrice><MarketAvail>0</MarketAvail><NationStores>20</NationStores><NationProduction>5</NationProduction></Product><Product type="fo"><BuyPrice>2</BuyPrice><SellPrice>1</SellPrice><MarketAvail>62743</MarketAvail><NationStores>10632</NationStores><NationProduction>5187</NationProduction></Product><Product type="ti"><BuyPrice>3</BuyPrice><SellPrice>1</SellPrice><MarketAvail>21798</MarketAvail><NationStores>1245</NationStores><NationProduction>1743</NationProduction></Product><Product type="mo"><BuyPrice>9</BuyPrice><SellPrice>4</SellPrice><MarketAvail>2955</MarketAvail><NationStores>348</NationStores><NationProduction>48</NationProduction></Product></Market></Economy>
<PopCentres><PopCentre HexID="0412"><Name>Unseen</Name><Nation>25</Nation><NationAllegience>0</NationAllegience><FortificationLevel>0</FortificationLevel><Size>4</Size><Dock>0</Dock><Capital>0</Capital><Loyalty>52</Loyalty><InformationSource>1</InformationSource><Hidden>0</Hidden></PopCentre><PopCentre HexID="1310"><Name>Unknown (Map Icon)</Name><Nation>0</Nation><NationAllegience>0</NationAllegience><FortificationLevel>0</FortificationLevel><Size>2</Size><Dock>0</Dock><Capital>0</Capital><Loyalty>0</Loyalty><InformationSource>4</InformationSource><Hidden>0</Hidden></PopCentre><PopCentre HexID="1409"><Name>Bree</Name><Nation>25</Nation><NationAllegience>0</NationAllegience><FortificationLevel>1</FortificationLevel><Size>4</Size><Dock>0</Dock><Capital>0</Capital><Loyalty>66</Loyalty><InformationSource>1</InformationSource><Hidden>0</Hidden></PopCentre><PopCentre HexID="1410"><Name>Unknown (Map Icon)</Name><Nation>0</Nation><NationAllegience>0</NationAllegience><FortificationLevel>0</FortificationLevel><Size>2</Size><Dock>0</Dock><Capital>0</Capital><Loyalty>0</Loyalty><InformationSource>4</InformationSource><Hidden>0</Hidden></PopCentre><PopCentre HexID="1411"><Name>Panalar</Name><Nation>25</Nation><NationAllegience>0</NationAllegience><FortificationLevel>0</FortificationLevel><Size>3</Size><Dock>0</Dock><Capital>0</Capital><Loyalty>3</Loyalty><InformationSource>1</InformationSource><Hidden>0</Hidden></PopCentre><PopCentre HexID="1508"><Name>Labothdol</Name><Nation>25</Nation><NationAllegience>0</NationAllegience><FortificationLevel>0</FortificationLevel><Size>3</Size><Dock>0</Dock><Capital>0</Capital><Loyalty>39</Loyalty><InformationSource>1</InformationSource><Hidden>0</Hidden></PopCentre><PopCentre HexID="1814"><Name>Entwhine</Name><Nation>25</Nation><NationAllegience>0</NationAllegience><FortificationLevel>0</FortificationLevel><Size>1</Size><Dock>0</Dock><Capital>0</Capital><Loyalty>48</Loyalty><InformationSource>1</InformationSource><Hidden>0</Hidden></PopCentre><PopCentre HexID="2010"><Name>Unknown (Map Icon)</Name><Nation>0</Nation><NationAllegience>0</NationAllegience><FortificationLevel>0</FortificationLevel><Size>2</Size><Dock>0</Dock><Capital>0</Capital><Loyalty>0</Loyalty><InformationSource>4</InformationSource><Hidden>0</Hidden></PopCentre><PopCentre HexID="2012"><Name>Unknown (Map Icon)</Name><Nation>0</Nation><NationAllegience>0</NationAllegience><FortificationLevel>0</FortificationLevel><Size>1</Size><Dock>0</Dock><Capital>0</Capital><Loyalty>0</Loyalty><InformationSource>4</InformationSource><Hidden>0</Hidden></PopCentre><PopCentre HexID="2013"><Name>Unknown (Map Icon)</Name><Nation>0</Nation><NationAllegience>0</NationAllegience><FortificationLevel>0</FortificationLevel><Size>1</Size><Dock>0</Dock><Capital>0</Capital><Loyalty>0</Loyalty><InformationSource>4</InformationSource><Hidden>0</Hidden></PopCentre><PopCentre HexID="2014"><Name>Unknown (Map Icon)</Name><Nation>0</Nation><NationAllegience>0</NationAllegience><FortificationLevel>0</FortificationLevel><Size>2</Size><Dock>0</Dock><Capital>0</Capital><Loyalty>0</Loyalty><InformationSource>4</InformationSource><Hidden>0</Hidden></PopCentre><PopCentre HexID="2015"><Name>Unknown (Map Icon)</Name><Nation>0</Nation><NationAllegience>0</NationAllegience><FortificationLevel>0</FortificationLevel><Size>1</Size><Dock>0</Dock><Capital>0</Capital><Loyalty>0</Loyalty><InformationSource>4</InformationSource><Hidden>0</Hidden></PopCentre><PopCentre HexID="2016"><Name>Unknown (Map Icon)</Name><Nation>0</Nation><NationAllegience>0</NationAllegience><FortificationLevel>0</FortificationLevel><Size>1</Size><Dock>0</Dock><Capital>0</Capital><Loyalty>0</Loyalty><InformationSource>4</InformationSource><Hidden>0</Hidden></PopCentre><PopCentre HexID="2017"><Name>Unknown (Map Icon)</Name><Nation>0</Nation><NationAllegience>0</NationAllegience><FortificationLevel>0</FortificationLevel><Size>2</Size><Dock>0</Dock><Capital>0</Capital><Loyalty>0</Loyalty><InformationSource>4</InformationSource><Hidden>0</Hidden></PopCentre><PopCentre HexID="2018"><Name>Unknown (Map Icon)</Name><Nation>0</Nation><NationAllegience>0</NationAllegience><FortificationLevel>1</FortificationLevel><Size>4</Size><Dock>0</Dock><Capital>0</Capital><Loyalty>0</Loyalty><InformationSource>4</InformationSource><Hidden>0</Hidden></PopCentre><PopCentre HexID="2019"><Name>Unknown (Map Icon)</Name><Nation>0</Nation><NationAllegience>0</NationAllegience><FortificationLevel>1</FortificationLevel><Size>2</Size><Dock>0</Dock><Capital>0</Capital><Loyalty>0</Loyalty><InformationSource>4</InformationSource><Hidden>0</Hidden></PopCentre><PopCentre HexID="2021"><Name>Unknown (Map Icon)</Name><Nation>0</Nation><NationAllegience>0</NationAllegience><FortificationLevel>0</FortificationLevel><Size>2</Size><Dock>0</Dock><Capital>0</Capital><Loyalty>0</Loyalty><InformationSource>4</InformationSource><Hidden>0</Hidden></PopCentre><PopCentre HexID="2111"><Name>Unknown (Map Icon)</Name><Nation>0</Nation><NationAllegience>0</NationAllegience><FortificationLevel>0</FortificationLevel><Size>1</Size><Dock>0</Dock><Capital>0</Capital><Loyalty>0</Loyalty><InformationSource>4</InformationSource><Hidden>0</Hidden></PopCentre><PopCentre HexID="2116"><Name>Kirandol</Name><Nation>25</Nation><NationAllegience>0</NationAllegience><FortificationLevel>0</FortificationLevel><Size>4</Size><Dock>0</Dock><Capital>0</Capital><Loyalty>55</Loyalty><InformationSource>1</InformationSource><Hidden>0</Hidden></PopCentre><PopCentre HexID="2119"><Name>Unknown (Map Icon)</Name><Nation>0</Nation><NationAllegience>0</NationAllegience><FortificationLevel>1</FortificationLevel><Size>1</Size><Dock>0</Dock><Capital>0</Capital><Loyalty>0</Loyalty><InformationSource>4</InformationSource><Hidden>0</Hidden></PopCentre><PopCentre HexID="2120"><Name>Unknown (Map Icon)</Name><Nation>0</Nation><NationAllegience>0</NationAllegience><FortificationLevel>0</FortificationLevel><Size>1</Size><Dock>0</Dock><Capital>0</Capital><Loyalty>0</Loyalty><InformationSource>4</InformationSource><Hidden>0</Hidden></PopCentre><PopCentre HexID="2121"><Name>Unknown (Map Icon)</Name><Nation>0</Nation><NationAllegience>0</NationAllegience><FortificationLevel>1</FortificationLevel><Size>2</Size><Dock>0</Dock><Capital>0</Capital><Loyalty>0</Loyalty><InformationSource>4</InformationSource><Hidden>0</Hidden></PopCentre><PopCentre HexID="2209"><Name>Unknown (Map Icon)</Name><Nation>0</Nation><NationAllegience>0</NationAllegience><FortificationLevel>1</FortificationLevel><Size>4</Size><Dock>0</Dock><Capital>0</Capital><Loyalty>0</Loyalty><InformationSource>4</InformationSource><Hidden>0</Hidden></PopCentre><PopCentre HexID="2210"><Name>Unknown (Map Icon)</Name><Nation>0</Nation><NationAllegience>0</NationAllegience><FortificationLevel>1</FortificationLevel><Size>4</Size><Dock>0</Dock><Capital>0</Capital><Loyalty>0</Loyalty><InformationSource>4</InformationSource><Hidden>0</Hidden></PopCentre><PopCentre HexID="2212"><Name>Unknown (Map Icon)</Name><Nation>0</Nation><NationAllegience>0</NationAllegience><FortificationLevel>1</FortificationLevel><Size>5</Size><Dock>0</Dock><Capital>0</Capital><Loyalty>0</Loyalty><InformationSource>4</InformationSource><Hidden>0</Hidden></PopCentre><PopCentre HexID="2213"><Name>Unknown (Map Icon)</Name><Nation>0</Nation><NationAllegience>0</NationAllegience><FortificationLevel>0</FortificationLevel><Size>1</Size><Dock>0</Dock><Capital>0</Capital><Loyalty>0</Loyalty><InformationSource>4</InformationSource><Hidden>0</Hidden></PopCentre><PopCentre HexID="2214"><Name>Unknown (Map Icon)</Name><Nation>0</Nation><NationAllegience>0</NationAllegience><FortificationLevel>0</FortificationLevel><Size>3</Size><Dock>0</Dock><Capital>0</Capital><Loyalty>0</Loyalty><InformationSource>4</InformationSource><Hidden>0</Hidden></PopCentre><PopCentre HexID="2215"><Name>Unknown (Map Icon)</Name><Nation>0</Nation><NationAllegience>0</NationAllegience><FortificationLevel>0</FortificationLevel><Size>2</Size><Dock>0</Dock><Capital>0</Capital><Loyalty>0</Loyalty><InformationSource>4</InformationSource><Hidden>0</Hidden></PopCentre><PopCentre HexID="2216"><Name>Canastaur</Name><Nation>25</Nation><NationAllegience>0</NationAllegience><FortificationLevel>0</FortificationLevel><Size>3</Size><Dock>0</Dock><Capital>0</Capital><Loyalty>43</Loyalty><InformationSource>1</InformationSource><Hidden>0</Hidden></PopCentre><PopCentre HexID="2218"><Name>Unknown (Map Icon)</Name><Nation>0</Nation><NationAllegience>0</NationAllegience><FortificationLevel>0</FortificationLevel><Size>2</Size><Dock>0</Dock><Capital>0</Capital><Loyalty>0</Loyalty><InformationSource>4</InformationSource><Hidden>0</Hidden></PopCentre><PopCentre HexID="2309"><Name>Orod thoron</Name><Nation>11</Nation><NationAllegience>0</NationAllegience><FortificationLevel>2</FortificationLevel><Size>3</Size><Dock>0</Dock><Capital>0</Capital><Loyalty>0</Loyalty><InformationSource>3</InformationSource><Hidden>0</Hidden></PopCentre><PopCentre HexID="2311"><Name>Unknown (Map Icon)</Name><Nation>0</Nation><NationAllegience>0</NationAllegience><FortificationLevel>0</FortificationLevel><Size>2</Size><Dock>0</Dock><Capital>0</Capital><Loyalty>0</Loyalty><InformationSource>4</InformationSource><Hidden>0</Hidden></PopCentre><PopCentre HexID="2312"><Name>Unknown (Map Icon)</Name><Nation>0</Nation><NationAllegience>0</NationAllegience><FortificationLevel>0</FortificationLevel><Size>1</Size><Dock>0</Dock><Capital>0</Capital><Loyalty>0</Loyalty><InformationSource>4</InformationSource><Hidden>0</Hidden></PopCentre><PopCentre HexID="2313"><Name>Unknown (Map Icon)</Name><Nation>0</Nation><NationAllegience>0</NationAllegience><FortificationLevel>0</FortificationLevel><Size>2</Size><Dock>0</Dock><Capital>0</Capital><Loyalty>0</Loyalty><InformationSource>4</InformationSource><Hidden>0</Hidden></PopCentre><PopCentre HexID="2314"><Name>Ardhenath</Name><Nation>25</Nation><NationAllegience>0</NationAllegience><FortificationLevel>2</FortificationLevel><Size>5</Size><Dock>0</Dock><Capital>1</Capital><Loyalty>95</Loyalty><InformationSource>1</InformationSource><Hidden>0</Hidden></PopCentre><PopCentre HexID="2315"><Name>Dolendyr</Name><Nation>25</Nation><NationAllegience>0</NationAllegience><FortificationLevel>0</FortificationLevel><Size>4</Size><Dock>0</Dock><Capital>0</Capital><Loyalty>70</Loyalty><InformationSource>1</InformationSource><Hidden>0</Hidden></PopCentre><PopCentre HexID="2321"><Name>Unknown (Map Icon)</Name><Nation>0</Nation><NationAllegience>0</NationAllegience><FortificationLevel>0</FortificationLevel><Size>2</Size><Dock>0</Dock><Capital>0</Capital><Loyalty>0</Loyalty><InformationSource>4</InformationSource><Hidden>0</Hidden></PopCentre><PopCentre HexID="2412"><Name>Unknown (Map Icon)</Name><Nation>0</Nation><NationAllegience>0</NationAllegience><FortificationLevel>2</FortificationLevel><Size>2</Size><Dock>0</Dock><Capital>0</Capital><Loyalty>0</Loyalty><InformationSource>4</InformationSource><Hidden>0</Hidden></PopCentre><PopCentre HexID="2413"><Name>Hadronim</Name><Nation>2</Nation><NationAllegience>0</NationAllegience><FortificationLevel>0</FortificationLevel><Size>3</Size><Dock>0</Dock><Capital>0</Capital><Loyalty>0</Loyalty><InformationSource>3</InformationSource><Hidden>0</Hidden></PopCentre><PopCentre HexID="2414"><Name>Imcelon</Name><Nation>25</Nation><NationAllegience>0</NationAllegience><FortificationLevel>1</FortificationLevel><Size>2</Size><Dock>0</Dock><Capital>0</Capital><Loyalty>29</Loyalty><InformationSource>1</InformationSource><Hidden>0</Hidden></PopCentre><PopCentre HexID="2415"><Name>Farothhand</Name><Nation>25</Nation><NationAllegience>0</NationAllegience><FortificationLevel>0</FortificationLevel><Size>2</Size><Dock>0</Dock><Capital>0</Capital><Loyalty>36</Loyalty><InformationSource>1</InformationSource><Hidden>0</Hidden></PopCentre><PopCentre HexID="2416"><Name>Maranwë</Name><Nation>25</Nation><NationAllegience>0</NationAllegience><FortificationLevel>0</FortificationLevel><Size>1</Size><Dock>0</Dock><Capital>0</Capital><Loyalty>14</Loyalty><InformationSource>1</InformationSource><Hidden>0</Hidden></PopCentre><PopCentre HexID="2420"><Name>Unknown (Map Icon)</Name><Nation>0</Nation><NationAllegience>0</NationAllegience><FortificationLevel>0</FortificationLevel><Size>2</Size><Dock>0</Dock><Capital>0</Capital><Loyalty>0</Loyalty><InformationSource>4</InformationSource><Hidden>0</Hidden></PopCentre><PopCentre HexID="2421"><Name>Quenlos</Name><Nation>25</Nation><NationAllegience>0</NationAllegience><FortificationLevel>0</FortificationLevel><Size>2</Size><Dock>0</Dock><Capital>0</Capital><Loyalty>35</Loyalty><InformationSource>1</InformationSource><Hidden>0</Hidden></PopCentre><PopCentre HexID="2512"><Name>Razaria</Name><Nation>25</Nation><NationAllegience>0</NationAllegience><FortificationLevel>0</FortificationLevel><Size>2</Size><Dock>0</Dock><Capital>0</Capital><Loyalty>38</Loyalty><InformationSource>1</InformationSource><Hidden>0</Hidden></PopCentre><PopCentre HexID="2513"><Name>Orniath</Name><Nation>25</Nation><NationAllegience>0</NationAllegience><FortificationLevel>0</FortificationLevel><Size>2</Size><Dock>0</Dock><Capital>0</Capital><Loyalty>26</Loyalty><InformationSource>1</InformationSource><Hidden>0</Hidden></PopCentre><PopCentre HexID="2514"><Name>Unknown (Map Icon)</Name><Nation>0</Nation><NationAllegience>0</NationAllegience><FortificationLevel>0</FortificationLevel><Size>3</Size><Dock>0</Dock><Capital>0</Capital><Loyalty>0</Loyalty><InformationSource>4</InformationSource><Hidden>0</Hidden></PopCentre><PopCentre HexID="2515"><Name>Unknown (Map Icon)</Name><Nation>0</Nation><NationAllegience>0</NationAllegience><FortificationLevel>1</FortificationLevel><Size>1</Size><Dock>0</Dock><Capital>0</Capital><Loyalty>0</Loyalty><InformationSource>4</InformationSource><Hidden>0</Hidden></PopCentre><PopCentre HexID="2516"><Name>Galadhir</Name><Nation>25</Nation><NationAllegience>0</NationAllegience><FortificationLevel>0</FortificationLevel><Size>2</Size><Dock>0</Dock><Capital>0</Capital><Loyalty>24</Loyalty><InformationSource>1</InformationSource><Hidden>0</Hidden></PopCentre><PopCentre HexID="2715"><Name>Unknown (Map Icon)</Name><Nation>0</Nation><NationAllegience>0</NationAllegience><FortificationLevel>2</FortificationLevel><Size>4</Size><Dock>0</Dock><Capital>0</Capital><Loyalty>0</Loyalty><InformationSource>4</InformationSource><Hidden>0</Hidden></PopCentre><PopCentre HexID="2809"><Name>Unknown (Map Icon)</Name><Nation>0</Nation><NationAllegience>0</NationAllegience><FortificationLevel>0</FortificationLevel><Size>1</Size><Dock>0</Dock><Capital>0</Capital><Loyalty>0</Loyalty><InformationSource>4</InformationSource><Hidden>0</Hidden></PopCentre><PopCentre HexID="2817"><Name>Phaelin</Name><Nation>25</Nation><NationAllegience>0</NationAllegience><FortificationLevel>0</FortificationLevel><Size>1</Size><Dock>0</Dock><Capital>0</Capital><Loyalty>26</Loyalty><InformationSource>1</InformationSource><Hidden>0</Hidden></PopCentre><PopCentre HexID="2818"><Name>Daggerford</Name><Nation>6</Nation><NationAllegience>0</NationAllegience><FortificationLevel>1</FortificationLevel><Size>3</Size><Dock>0</Dock><Capital>0</Capital><Loyalty>0</Loyalty><InformationSource>3</InformationSource><Hidden>0</Hidden></PopCentre><PopCentre HexID="2819"><Name>Neferous</Name><Nation>4</Nation><NationAllegience>0</NationAllegience><FortificationLevel>0</FortificationLevel><Size>2</Size><Dock>0</Dock><Capital>0</Capital><Loyalty>0</Loyalty><InformationSource>3</InformationSource><Hidden>0</Hidden></PopCentre><PopCentre HexID="2907"><Name>Stronhold</Name><Nation>25</Nation><NationAllegience>0</NationAllegience><FortificationLevel>1</FortificationLevel><Size>3</Size><Dock>0</Dock><Capital>0</Capital><Loyalty>21</Loyalty><InformationSource>1</InformationSource><Hidden>0</Hidden></PopCentre><PopCentre HexID="2908"><Name>Judgement</Name><Nation>25</Nation><NationAllegience>0</NationAllegience><FortificationLevel>0</FortificationLevel><Size>4</Size><Dock>0</Dock><Capital>0</Capital><Loyalty>35</Loyalty><InformationSource>1</InformationSource><Hidden>0</Hidden></PopCentre><PopCentre HexID="2917"><Name>Valdenost</Name><Nation>25</Nation><NationAllegience>0</NationAllegience><FortificationLevel>0</FortificationLevel><Size>1</Size><Dock>0</Dock><Capital>0</Capital><Loyalty>39</Loyalty><InformationSource>1</InformationSource><Hidden>0</Hidden></PopCentre><PopCentre HexID="3009"><Name>Nornorsa</Name><Nation>25</Nation><NationAllegience>0</NationAllegience><FortificationLevel>0</FortificationLevel><Size>2</Size><Dock>0</Dock><Capital>0</Capital><Loyalty>22</Loyalty><InformationSource>1</InformationSource><Hidden>0</Hidden></PopCentre><PopCentre HexID="3010"><Name>Jusot</Name><Nation>25</Nation><NationAllegience>0</NationAllegience><FortificationLevel>0</FortificationLevel><Size>2</Size><Dock>0</Dock><Capital>0</Capital><Loyalty>16</Loyalty><InformationSource>1</InformationSource><Hidden>0</Hidden></PopCentre></PopCentres><Armies><Army HexID="2009"><Nation>0</Nation><NationAllegience>3</NationAllegience><Size>0</Size><TroopCount>0</TroopCount><Commander>Unknown (Map Icon)</Commander><CommanderTitle></CommanderTitle><ExtraInfo></ExtraInfo><Navy>0</Navy><InformationSource>4</InformationSource><CharsTravellingWith></CharsTravellingWith></Army><Army HexID="2210"><Nation>0</Nation><NationAllegience>2</NationAllegience><Size>0</Size><TroopCount>0</TroopCount><Commander>Unknown (Map Icon)</Commander><CommanderTitle></CommanderTitle><ExtraInfo></ExtraInfo><Navy>0</Navy><InformationSource>4</InformationSource><CharsTravellingWith></CharsTravellingWith></Army><Army HexID="2212"><Nation>0</Nation><NationAllegience>3</NationAllegience><Size>0</Size><TroopCount>0</TroopCount><Commander>Unknown (Map Icon)</Commander><CommanderTitle></CommanderTitle><ExtraInfo></ExtraInfo><Navy>0</Navy><InformationSource>4</InformationSource><CharsTravellingWith></CharsTravellingWith></Army><Army HexID="2314"><Nation>1</Nation><NationAllegience>0</NationAllegience><Size>4</Size><TroopCount>0</TroopCount><Commander>Andamundo</Commander><CommanderTitle>Regent</CommanderTitle><ExtraInfo></ExtraInfo><Navy>0</Navy><InformationSource>3</InformationSource><CharsTravellingWith></CharsTravellingWith></Army><Army HexID="2314"><Nation>25</Nation><NationAllegience>0</NationAllegience><Size>2</Size><TroopCount>600</TroopCount><Commander>Padraic</Commander><CommanderTitle>Captain</CommanderTitle><ExtraInfo>600HI</ExtraInfo><Navy>0</Navy><InformationSource>1</InformationSource><CharsTravellingWith>Harodh Clubfoot</CharsTravellingWith></Army><Army HexID="2314"><Nation>0</Nation><NationAllegience>3</NationAllegience><Size>0</Size><TroopCount>0</TroopCount><Commander>Unknown (Map Icon)</Commander><CommanderTitle></CommanderTitle><ExtraInfo></ExtraInfo><Navy>0</Navy><InformationSource>4</InformationSource><CharsTravellingWith></CharsTravellingWith></Army><Army HexID="2315"><Nation>10</Nation><NationAllegience>0</NationAllegience><Size>2</Size><TroopCount>0</TroopCount><Commander>Beodred</Commander><CommanderTitle>Captain</CommanderTitle><ExtraInfo></ExtraInfo><Navy>0</Navy><InformationSource>3</InformationSource><CharsTravellingWith></CharsTravellingWith></Army><Army HexID="2315"><Nation>25</Nation><NationAllegience>0</NationAllegience><Size>3</Size><TroopCount>1500</TroopCount><Commander>Lamronos</Commander><CommanderTitle>Commander</CommanderTitle><ExtraInfo>1500HI</ExtraInfo><Navy>0</Navy><InformationSource>3</InformationSource><CharsTravellingWith></CharsTravellingWith></Army><Army HexID="2315"><Nation>25</Nation><NationAllegience>0</NationAllegience><Size>2</Size><TroopCount>522</TroopCount><Commander>Sarah Redblade</Commander><CommanderTitle>Warlord</CommanderTitle><ExtraInfo>493HI 29MA</ExtraInfo><Navy>0</Navy><InformationSource>1</InformationSource><CharsTravellingWith>Ferdh Feyheart</CharsTravellingWith></Army><Army HexID="2315"><Nation>0</Nation><NationAllegience>3</NationAllegience><Size>0</Size><TroopCount>0</TroopCount><Commander>Unknown (Map Icon)</Commander><CommanderTitle></CommanderTitle><ExtraInfo></ExtraInfo><Navy>0</Navy><InformationSource>4</InformationSource><CharsTravellingWith></CharsTravellingWith></Army><Army HexID="2315"><Nation>0</Nation><NationAllegience>1</NationAllegience><Size>0</Size><TroopCount>0</TroopCount><Commander>Unknown (Map Icon)</Commander><CommanderTitle></CommanderTitle><ExtraInfo></ExtraInfo><Navy>0</Navy><InformationSource>4</InformationSource><CharsTravellingWith></CharsTravellingWith></Army><Army HexID="2320"><Nation>0</Nation><NationAllegience>3</NationAllegience><Size>0</Size><TroopCount>0</TroopCount><Commander>Unknown (Map Icon)</Commander><CommanderTitle></CommanderTitle><ExtraInfo></ExtraInfo><Navy>0</Navy><InformationSource>4</InformationSource><CharsTravellingWith></CharsTravellingWith></Army><Army HexID="2414"><Nation>10</Nation><NationAllegience>0</NationAllegience><Size>3</Size><TroopCount>0</TroopCount><Commander>Warmog</Commander><CommanderTitle>Warlord</CommanderTitle><ExtraInfo></ExtraInfo><Navy>0</Navy><InformationSource>3</InformationSource><CharsTravellingWith></CharsTravellingWith></Army><Army HexID="2414"><Nation>0</Nation><NationAllegience>1</NationAllegience><Size>0</Size><TroopCount>0</TroopCount><Commander>Unknown (Map Icon)</Commander><CommanderTitle></CommanderTitle><ExtraInfo></ExtraInfo><Navy>0</Navy><InformationSource>4</InformationSource><CharsTravellingWith></CharsTravellingWith></Army><Army HexID="2715"><Nation>0</Nation><NationAllegience>1</NationAllegience><Size>0</Size><TroopCount>0</TroopCount><Commander>Unknown (Map Icon)</Commander><CommanderTitle></CommanderTitle><ExtraInfo></ExtraInfo><Navy>0</Navy><InformationSource>4</InformationSource><CharsTravellingWith></CharsTravellingWith></Army><Army HexID="2817"><Nation>4</Nation><NationAllegience>0</NationAllegience><Size>2</Size><TroopCount>0</TroopCount><Commander>Obsidian</Commander><CommanderTitle>Warlord</CommanderTitle><ExtraInfo></ExtraInfo><Navy>0</Navy><InformationSource>3</InformationSource><CharsTravellingWith></CharsTravellingWith></Army><Army HexID="2817"><Nation>0</Nation><NationAllegience>1</NationAllegience><Size>0</Size><TroopCount>0</TroopCount><Commander>Unknown (Map Icon)</Commander><CommanderTitle></CommanderTitle><ExtraInfo></ExtraInfo><Navy>0</Navy><InformationSource>4</InformationSource><CharsTravellingWith></CharsTravellingWith></Army></Armies><NationInfo><LostControlOf Name="Orod thoron"/><EmptyPopHexes HexIDList="1308,1309,1408,1509,2009,2011,2020,2109,2110,2112,2113,2114,2115,2117,2118,2211,2217,2219,2220,2221,2310,2316,2317,2318,2319,2320,2409,2410,2411,2417,2418,2419,2509,2510,2511,2517,2518,2519,2520,2521,2609,2610,2611,2612,2613,2614,2615,2616,2617,2618,2619,2620,2621,2709,2710,2711,2712,2713,2714,2716,2717,2718,2719,2720,2721,2811,2813,2815,2821"/><PopHexes HexIDList="1310,1409,1410,2010,2012,2013,2014,2015,2016,2017,2018,2019,2021,2111,2116,2119,2120,2121,2209,2210,2212,2213,2214,2215,2216,2218,2309,2311,2312,2313,2314,2315,2321,2412,2413,2414,2415,2416,2420,2421,2512,2513,2514,2515,2516,2715,2809,2817,2819"/><NationMessages><NationMessage>The loyalty was influenced from the efforts or presence of Radagast the Brown at Dolendyr. </NationMessage><NationMessage>The loyalty was influenced/reduced at Orod thoron. </NationMessage><NationMessage>Orod thoron is no longer under our control. </NationMessage><NationMessage>Local militia spotted Gundor at Farothhand and thwarted his mission. </NationMessage><NationMessage>There are rumors of an assassination attempt involving Rathulf and Yazmina Blackhand. </NationMessage><NationMessage>1475 Gold was stolen at Imcelon. </NationMessage></NationMessages></NationInfo><Nations><Nation ID="0">Unknown</Nation><Nation ID="1">North Kingdom</Nation><Nation ID="2">South Kingdom</Nation><Nation ID="3">Duaron</Nation><Nation ID="4">Stonekeep's Watch</Nation><Nation ID="5">Wardens</Nation><Nation ID="6">Nurn Freeholders</Nation><Nation ID="7">Daloriennes</Nation><Nation ID="8">Vallian</Nation><Nation ID="9">Esgal Edhel</Nation><Nation ID="10">Beogrim</Nation><Nation ID="11">Dothraki</Nation><Nation ID="12">Hastily Patient</Nation><Nation ID="13">Haven's Bane</Nation><Nation ID="14">Unseeing Eye</Nation><Nation ID="15">Gondimarim</Nation><Nation ID="16">Isteroth Kingdom</Nation><Nation ID="17">Clavero</Nation><Nation ID="18">Cechove</Nation><Nation ID="19">Tsalagi</Nation><Nation ID="20">Corsairs</Nation><Nation ID="21">Nothraman</Nation><Nation ID="22">Eriadorian</Nation><Nation ID="23">Shadow Crew</Nation><Nation ID="24">Riverlands</Nation><Nation ID="25">Deepwood Rangers</Nation></Nations></METurn>
