<METurn METURNVERSION="V2.0.2"><TurnInfo><GameNo>141</GameNo><TurnNo>14</TurnNo><NationNo>9</NationNo><GameType>Fourth Age, circa 1000</GameType><NationCapitalHex>3520</NationCapitalHex><DueDate>APRIL 21 2013</DueDate><Secret>5121</Secret><Player>PAUL MAHONEY</Player><Account>110713</Account><NationEliminated>0</NationEliminated><Int>9C679664659AA06795636B979A</Int></TurnInfo><Characters><Character ID="aeran"><Name>Aerandir</Name><Location>3017</Location><Nation>9</Nation><Command>0</Command><TotalCommand>0</TotalCommand><Agent>0</Agent><TotalAgent>0</TotalAgent><Emmisary>59</Emmisary><TotalEmmisary>59</TotalEmmisary><Mage>0</Mage><TotalMage>0</TotalMage><Stealth>0</Stealth><TotalStealth>0</TotalStealth><Challenge>29</Challenge><Health>100</Health><Title></Title><InformationSource>0</InformationSource><Artifacts/><Spells/></Character><Character ID="rian "><Name>Rían </Name><Location>3221</Location><Nation>9</Nation><Command>0</Command><TotalCommand>0</TotalCommand><Agent>0</Agent><TotalAgent>0</TotalAgent><Emmisary>67</Emmisary><TotalEmmisary>67</TotalEmmisary><Mage>0</Mage><TotalMage>0</TotalMage><Stealth>0</Stealth><TotalStealth>0</TotalStealth><Challenge>33</Challenge><Health>100</Health><Title></Title><InformationSource>0</InformationSource><Artifacts/><Spells/></Character><Character ID="valac"><Name>Valacar</Name><Location>3221</Location><Nation>9</Nation><Command>0</Command><TotalCommand>0</TotalCommand><Agent>0</Agent><TotalAgent>0</TotalAgent><Emmisary>83</Emmisary><TotalEmmisary>83</TotalEmmisary><Mage>0</Mage><TotalMage>0</TotalMage><Stealth>0</Stealth><TotalStealth>0</TotalStealth><Challenge>41</Challenge><Health>100</Health><Title></Title><InformationSource>0</InformationSource><Artifacts/><Spells/></Character><Character ID="zymra"><Name>Zymraan</Name><Location>3221</Location><Nation>9</Nation><Command>0</Command><TotalCommand>0</TotalCommand><Agent>52</Agent><TotalAgent>52</TotalAgent><Emmisary>68</Emmisary><TotalEmmisary>68</TotalEmmisary><Mage>0</Mage><TotalMage>0</TotalMage><Stealth>10</Stealth><TotalStealth>10</TotalStealth><Challenge>47</Challenge><Health>100</Health><Title></Title><InformationSource>0</InformationSource><Artifacts/><Spells/></Character><Character ID="urthe"><Name>Urthel</Name><Location>3320</Location><Nation>9</Nation><Command>51</Command><TotalCommand>51</TotalCommand><Agent>0</Agent><TotalAgent>0</TotalAgent><Emmisary>0</Emmisary><TotalEmmisary>0</TotalEmmisary><Mage>0</Mage><TotalMage>0</TotalMage><Stealth>0</Stealth><TotalStealth>0</TotalStealth><Challenge>71</Challenge><Health>100</Health><Title></Title><InformationSource>0</InformationSource><Artifacts><Artifact>#153 Herugrim</Artifact></Artifacts><Spells/></Character><Character ID="angel"><Name>Angelimar</Name><Location>3520</Location><Nation>9</Nation><Command>0</Command><TotalCommand>0</TotalCommand><Agent>49</Agent><TotalAgent>49</TotalAgent><Emmisary>0</Emmisary><TotalEmmisary>0</TotalEmmisary><Mage>0</Mage><TotalMage>0</TotalMage><Stealth>0</Stealth><TotalStealth>0</TotalStealth><Challenge>36</Challenge><Health>100</Health><Title></Title><InformationSource>0</InformationSource><Artifacts/><Spells/></Character><Character ID="duinh"><Name>Duinhir</Name><Location>3520</Location><Nation>9</Nation><Command>20</Command><TotalCommand>20</TotalCommand><Agent>0</Agent><TotalAgent>0</TotalAgent><Emmisary>0</Emmisary><TotalEmmisary>0</TotalEmmisary><Mage>52</Mage><TotalMage>52</TotalMage><Stealth>0</Stealth><TotalStealth>0</TotalStealth><Challenge>57</Challenge><Health>100</Health><Title></Title><InformationSource>0</InformationSource><Artifacts/><Spells><Spell>#412 Research Artifact(78)</Spell><Spell>#413 Scry Population Center(88)</Spell><Spell>#415 Scry Area(98)</Spell><Spell>#510 Conjure Food(81)</Spell></Spells></Character><Character ID="guthl"><Name>Guthláf</Name><Location>3520</Location><Nation>9</Nation><Command>30</Command><TotalCommand>30</TotalCommand><Agent>0</Agent><TotalAgent>0</TotalAgent><Emmisary>0</Emmisary><TotalEmmisary>0</TotalEmmisary><Mage>0</Mage><TotalMage>0</TotalMage><Stealth>0</Stealth><TotalStealth>0</TotalStealth><Challenge>30</Challenge><Health>84</Health><Title></Title><InformationSource>0</InformationSource><Artifacts/><Spells/></Character><Character ID="malan"><Name>Malantur</Name><Location>3520</Location><Nation>9</Nation><Command>61</Command><TotalCommand>61</TotalCommand><Agent>0</Agent><TotalAgent>0</TotalAgent><Emmisary>0</Emmisary><TotalEmmisary>0</TotalEmmisary><Mage>0</Mage><TotalMage>0</TotalMage><Stealth>0</Stealth><TotalStealth>0</TotalStealth><Challenge>61</Challenge><Health>100</Health><Title></Title><InformationSource>0</InformationSource><Artifacts/><Spells/></Character><Character ID="trall"><Name>Trallor</Name><Location>3520</Location><Nation>9</Nation><Command>0</Command><TotalCommand>0</TotalCommand><Agent>54</Agent><TotalAgent>54</TotalAgent><Emmisary>0</Emmisary><TotalEmmisary>0</TotalEmmisary><Mage>53</Mage><TotalMage>53</TotalMage><Stealth>0</Stealth><TotalStealth>0</TotalStealth><Challenge>63</Challenge><Health>100</Health><Title></Title><InformationSource>0</InformationSource><Artifacts/><Spells><Spell>#4 Major Heal(100)</Spell><Spell>#104 Resistances(75)</Spell><Spell>#413 Scry Population Center(75)</Spell><Spell>#415 Scry Area(80)</Spell><Spell>#510 Conjure Food(100)</Spell></Spells></Character><Character ID="wilwa"><Name>Wilwarin</Name><Location>3520</Location><Nation>9</Nation><Command>30</Command><TotalCommand>30</TotalCommand><Agent>0</Agent><TotalAgent>0</TotalAgent><Emmisary>0</Emmisary><TotalEmmisary>0</TotalEmmisary><Mage>0</Mage><TotalMage>0</TotalMage><Stealth>0</Stealth><TotalStealth>0</TotalStealth><Challenge>30</Challenge><Health>15</Health><Title></Title><InformationSource>0</InformationSource><Artifacts/><Spells/></Character><Character ID="brytt"><Name>Brytta</Name><Location>3620</Location><Nation>9</Nation><Command>0</Command><TotalCommand>0</TotalCommand><Agent>0</Agent><TotalAgent>0</TotalAgent><Emmisary>69</Emmisary><TotalEmmisary>69</TotalEmmisary><Mage>0</Mage><TotalMage>0</TotalMage><Stealth>0</Stealth><TotalStealth>0</TotalStealth><Challenge>34</Challenge><Health>100</Health><Title></Title><InformationSource>0</InformationSource><Artifacts/><Spells/></Character><Character ID="finar"><Name>Finarfin</Name><Location>3718</Location><Nation>9</Nation><Command>0</Command><TotalCommand>0</TotalCommand><Agent>0</Agent><TotalAgent>0</TotalAgent><Emmisary>57</Emmisary><TotalEmmisary>57</TotalEmmisary><Mage>0</Mage><TotalMage>0</TotalMage><Stealth>0</Stealth><TotalStealth>0</TotalStealth><Challenge>28</Challenge><Health>100</Health><Title></Title><InformationSource>0</InformationSource><Artifacts/><Spells/></Character></Characters>
<Economy><Nation><ArmyMaint>6000</ArmyMaint><PopMaint>2000</PopMaint><CharMaint>17100</CharMaint><TotalMaint>25100</TotalMaint><TaxRate>78</TaxRate><Revenue>26300</Revenue><Surplus>1200</Surplus><Reserve>0</Reserve><TaxBase>12</TaxBase></Nation><Market><Product type="le"><BuyPrice>3</BuyPrice><SellPrice>2</SellPrice><MarketAvail>32411</MarketAvail><NationStores>2834</NationStores><NationProduction>925</NationProduction></Product><Product type="br"><BuyPrice>3</BuyPrice><SellPrice>2</SellPrice><MarketAvail>21956</MarketAvail><NationStores>1100</NationStores><NationProduction>550</NationProduction></Product><Product type="st"><BuyPrice>3</BuyPrice><SellPrice>2</SellPrice><MarketAvail>10562</MarketAvail><NationStores>492</NationStores><NationProduction>120</NationProduction></Product><Product type="mi"><BuyPrice>92</BuyPrice><SellPrice>65</SellPrice><MarketAvail>0</MarketAvail><NationStores>428</NationStores><NationProduction>60</NationProduction></Product><Product type="fo"><BuyPrice>2</BuyPrice><SellPrice>1</SellPrice><MarketAvail>231447</MarketAvail><NationStores>4197</NationStores><NationProduction>2598</NationProduction></Product><Product type="ti"><BuyPrice>3</BuyPrice><SellPrice>2</SellPrice><MarketAvail>22605</MarketAvail><NationStores>0</NationStores><NationProduction>0</NationProduction></Product><Product type="mo"><BuyPrice>6</BuyPrice><SellPrice>4</SellPrice><MarketAvail>6052</MarketAvail><NationStores>310</NationStores><NationProduction>75</NationProduction></Product></Market></Economy>
<PopCentres><PopCentre HexID="3017"><Name></Name><Nation>2</Nation><NationAllegience>0</NationAllegience><FortificationLevel>0</FortificationLevel><Size>2</Size><Dock>0</Dock><Capital>0</Capital><Loyalty>0</Loyalty><InformationSource>2</InformationSource><Hidden>0</Hidden></PopCentre><PopCentre HexID="3110"><Name>Maranwë</Name><Nation>9</Nation><NationAllegience>0</NationAllegience><FortificationLevel>0</FortificationLevel><Size>1</Size><Dock>0</Dock><Capital>0</Capital><Loyalty>37</Loyalty><InformationSource>1</InformationSource><Hidden>0</Hidden></PopCentre><PopCentre HexID="3221"><Name>Morannon</Name><Nation>2</Nation><NationAllegience>0</NationAllegience><FortificationLevel>1</FortificationLevel><Size>4</Size><Dock>0</Dock><Capital>0</Capital><Loyalty>0</Loyalty><InformationSource>3</InformationSource><Hidden>0</Hidden></PopCentre><PopCentre HexID="3224"><Name>Unknown (Map Icon)</Name><Nation>0</Nation><NationAllegience>0</NationAllegience><FortificationLevel>0</FortificationLevel><Size>1</Size><Dock>0</Dock><Capital>0</Capital><Loyalty>0</Loyalty><InformationSource>4</InformationSource><Hidden>0</Hidden></PopCentre><PopCentre HexID="3319"><Name>Our Town</Name><Nation>9</Nation><NationAllegience>0</NationAllegience><FortificationLevel>2</FortificationLevel><Size>4</Size><Dock>0</Dock><Capital>0</Capital><Loyalty>27</Loyalty><InformationSource>1</InformationSource><Hidden>0</Hidden></PopCentre><PopCentre HexID="3320"><Name>Grassland</Name><Nation>9</Nation><NationAllegience>0</NationAllegience><FortificationLevel>1</FortificationLevel><Size>4</Size><Dock>0</Dock><Capital>0</Capital><Loyalty>29</Loyalty><InformationSource>1</InformationSource><Hidden>0</Hidden></PopCentre><PopCentre HexID="3321"><Name>Unknown (Map Icon)</Name><Nation>0</Nation><NationAllegience>0</NationAllegience><FortificationLevel>0</FortificationLevel><Size>1</Size><Dock>0</Dock><Capital>0</Capital><Loyalty>0</Loyalty><InformationSource>4</InformationSource><Hidden>0</Hidden></PopCentre><PopCentre HexID="3322"><Name>Unknown (Map Icon)</Name><Nation>0</Nation><NationAllegience>0</NationAllegience><FortificationLevel>0</FortificationLevel><Size>2</Size><Dock>0</Dock><Capital>0</Capital><Loyalty>0</Loyalty><InformationSource>4</InformationSource><Hidden>0</Hidden></PopCentre><PopCentre HexID="3326"><Name>Unknown (Map Icon)</Name><Nation>0</Nation><NationAllegience>0</NationAllegience><FortificationLevel>0</FortificationLevel><Size>1</Size><Dock>0</Dock><Capital>0</Capital><Loyalty>0</Loyalty><InformationSource>4</InformationSource><Hidden>0</Hidden></PopCentre><PopCentre HexID="3421"><Name>Unknown (Map Icon)</Name><Nation>0</Nation><NationAllegience>0</NationAllegience><FortificationLevel>0</FortificationLevel><Size>2</Size><Dock>0</Dock><Capital>0</Capital><Loyalty>0</Loyalty><InformationSource>4</InformationSource><Hidden>0</Hidden></PopCentre><PopCentre HexID="3422"><Name>Unknown (Map Icon)</Name><Nation>0</Nation><NationAllegience>0</NationAllegience><FortificationLevel>0</FortificationLevel><Size>1</Size><Dock>0</Dock><Capital>0</Capital><Loyalty>0</Loyalty><InformationSource>4</InformationSource><Hidden>0</Hidden></PopCentre><PopCentre HexID="3423"><Name>Unknown (Map Icon)</Name><Nation>0</Nation><NationAllegience>0</NationAllegience><FortificationLevel>1</FortificationLevel><Size>3</Size><Dock>0</Dock><Capital>0</Capital><Loyalty>0</Loyalty><InformationSource>4</InformationSource><Hidden>0</Hidden></PopCentre><PopCentre HexID="3426"><Name>Unknown (Map Icon)</Name><Nation>0</Nation><NationAllegience>0</NationAllegience><FortificationLevel>1</FortificationLevel><Size>3</Size><Dock>0</Dock><Capital>0</Capital><Loyalty>0</Loyalty><InformationSource>4</InformationSource><Hidden>0</Hidden></PopCentre><PopCentre HexID="3427"><Name>Unknown (Map Icon)</Name><Nation>0</Nation><NationAllegience>0</NationAllegience><FortificationLevel>0</FortificationLevel><Size>1</Size><Dock>0</Dock><Capital>0</Capital><Loyalty>0</Loyalty><InformationSource>4</InformationSource><Hidden>0</Hidden></PopCentre><PopCentre HexID="3520"><Name>Field of Dreams</Name><Nation>9</Nation><NationAllegience>0</NationAllegience><FortificationLevel>1</FortificationLevel><Size>5</Size><Dock>0</Dock><Capital>1</Capital><Loyalty>59</Loyalty><InformationSource>1</InformationSource><Hidden>0</Hidden></PopCentre><PopCentre HexID="3522"><Name>Rockfall</Name><Nation>9</Nation><NationAllegience>0</NationAllegience><FortificationLevel>0</FortificationLevel><Size>1</Size><Dock>0</Dock><Capital>0</Capital><Loyalty>30</Loyalty><InformationSource>1</InformationSource><Hidden>0</Hidden></PopCentre><PopCentre HexID="3527"><Name>Unknown (Map Icon)</Name><Nation>0</Nation><NationAllegience>0</NationAllegience><FortificationLevel>0</FortificationLevel><Size>1</Size><Dock>0</Dock><Capital>0</Capital><Loyalty>0</Loyalty><InformationSource>4</InformationSource><Hidden>0</Hidden></PopCentre><PopCentre HexID="3607"><Name>Zug-Sa</Name><Nation>9</Nation><NationAllegience>0</NationAllegience><FortificationLevel>0</FortificationLevel><Size>1</Size><Dock>0</Dock><Capital>0</Capital><Loyalty>36</Loyalty><InformationSource>1</InformationSource><Hidden>0</Hidden></PopCentre><PopCentre HexID="3716"><Name>Petticoat Junct'n</Name><Nation>9</Nation><NationAllegience>0</NationAllegience><FortificationLevel>0</FortificationLevel><Size>2</Size><Dock>0</Dock><Capital>0</Capital><Loyalty>25</Loyalty><InformationSource>1</InformationSource><Hidden>0</Hidden></PopCentre><PopCentre HexID="3718"><Name>Ginglith</Name><Nation>9</Nation><NationAllegience>0</NationAllegience><FortificationLevel>0</FortificationLevel><Size>1</Size><Dock>0</Dock><Capital>0</Capital><Loyalty>25</Loyalty><InformationSource>1</InformationSource><Hidden>0</Hidden></PopCentre><PopCentre HexID="3720"><Name>Outfield</Name><Nation>9</Nation><NationAllegience>0</NationAllegience><FortificationLevel>0</FortificationLevel><Size>2</Size><Dock>0</Dock><Capital>0</Capital><Loyalty>50</Loyalty><InformationSource>1</InformationSource><Hidden>0</Hidden></PopCentre><PopCentre HexID="3721"><Name>Unknown (Map Icon)</Name><Nation>0</Nation><NationAllegience>0</NationAllegience><FortificationLevel>0</FortificationLevel><Size>2</Size><Dock>0</Dock><Capital>0</Capital><Loyalty>0</Loyalty><InformationSource>4</InformationSource><Hidden>0</Hidden></PopCentre><PopCentre HexID="3722"><Name>Highpoint</Name><Nation>9</Nation><NationAllegience>0</NationAllegience><FortificationLevel>0</FortificationLevel><Size>1</Size><Dock>0</Dock><Capital>0</Capital><Loyalty>46</Loyalty><InformationSource>1</InformationSource><Hidden>0</Hidden></PopCentre><PopCentre HexID="3723"><Name>Unknown (Map Icon)</Name><Nation>0</Nation><NationAllegience>0</NationAllegience><FortificationLevel>1</FortificationLevel><Size>3</Size><Dock>0</Dock><Capital>0</Capital><Loyalty>0</Loyalty><InformationSource>4</InformationSource><Hidden>0</Hidden></PopCentre><PopCentre HexID="3821"><Name>Unknown (Map Icon)</Name><Nation>0</Nation><NationAllegience>0</NationAllegience><FortificationLevel>0</FortificationLevel><Size>2</Size><Dock>0</Dock><Capital>0</Capital><Loyalty>0</Loyalty><InformationSource>4</InformationSource><Hidden>0</Hidden></PopCentre><PopCentre HexID="3822"><Name>Estolad</Name><Nation>9</Nation><NationAllegience>0</NationAllegience><FortificationLevel>0</FortificationLevel><Size>1</Size><Dock>0</Dock><Capital>0</Capital><Loyalty>29</Loyalty><InformationSource>1</InformationSource><Hidden>0</Hidden></PopCentre><PopCentre HexID="3921"><Name>Unknown (Map Icon)</Name><Nation>0</Nation><NationAllegience>0</NationAllegience><FortificationLevel>0</FortificationLevel><Size>1</Size><Dock>0</Dock><Capital>0</Capital><Loyalty>0</Loyalty><InformationSource>4</InformationSource><Hidden>0</Hidden></PopCentre><PopCentre HexID="4015"><Name>Unknown (Map Icon)</Name><Nation>0</Nation><NationAllegience>0</NationAllegience><FortificationLevel>1</FortificationLevel><Size>4</Size><Dock>0</Dock><Capital>0</Capital><Loyalty>0</Loyalty><InformationSource>4</InformationSource><Hidden>0</Hidden></PopCentre><PopCentre HexID="4017"><Name>Unknown (Map Icon)</Name><Nation>0</Nation><NationAllegience>0</NationAllegience><FortificationLevel>0</FortificationLevel><Size>1</Size><Dock>0</Dock><Capital>0</Capital><Loyalty>0</Loyalty><InformationSource>4</InformationSource><Hidden>0</Hidden></PopCentre></PopCentres><Armies><Army HexID="3221"><Nation>0</Nation><NationAllegience>2</NationAllegience><Size>0</Size><TroopCount>0</TroopCount><Commander>Unknown (Map Icon)</Commander><CommanderTitle></CommanderTitle><ExtraInfo></ExtraInfo><Navy>0</Navy><InformationSource>4</InformationSource><CharsTravellingWith></CharsTravellingWith></Army><Army HexID="3320"><Nation>9</Nation><NationAllegience>0</NationAllegience><Size>3</Size><TroopCount>1000</TroopCount><Commander>Urthel</Commander><CommanderTitle>Lord</CommanderTitle><ExtraInfo>1000HI</ExtraInfo><Navy>0</Navy><InformationSource>1</InformationSource><CharsTravellingWith></CharsTravellingWith></Army><Army HexID="3320"><Nation>0</Nation><NationAllegience>1</NationAllegience><Size>0</Size><TroopCount>0</TroopCount><Commander>Unknown (Map Icon)</Commander><CommanderTitle></CommanderTitle><ExtraInfo></ExtraInfo><Navy>0</Navy><InformationSource>4</InformationSource><CharsTravellingWith></CharsTravellingWith></Army><Army HexID="3423"><Nation>0</Nation><NationAllegience>2</NationAllegience><Size>0</Size><TroopCount>0</TroopCount><Commander>Unknown (Map Icon)</Commander><CommanderTitle></CommanderTitle><ExtraInfo></ExtraInfo><Navy>0</Navy><InformationSource>4</InformationSource><CharsTravellingWith></CharsTravellingWith></Army><Army HexID="3426"><Nation>0</Nation><NationAllegience>1</NationAllegience><Size>0</Size><TroopCount>0</TroopCount><Commander>Unknown (Map Icon)</Commander><CommanderTitle></CommanderTitle><ExtraInfo></ExtraInfo><Navy>0</Navy><InformationSource>4</InformationSource><CharsTravellingWith></CharsTravellingWith></Army><Army HexID="3520"><Nation>9</Nation><NationAllegience>0</NationAllegience><Size>2</Size><TroopCount>500</TroopCount><Commander>Duinhir</Commander><CommanderTitle>Hero</CommanderTitle><ExtraInfo>500HI</ExtraInfo><Navy>0</Navy><InformationSource>1</InformationSource><CharsTravellingWith>Malantur</CharsTravellingWith></Army><Army HexID="3520"><Nation>0</Nation><NationAllegience>1</NationAllegience><Size>0</Size><TroopCount>0</TroopCount><Commander>Unknown (Map Icon)</Commander><CommanderTitle></CommanderTitle><ExtraInfo></ExtraInfo><Navy>0</Navy><InformationSource>4</InformationSource><CharsTravellingWith></CharsTravellingWith></Army><Army HexID="3723"><Nation>0</Nation><NationAllegience>2</NationAllegience><Size>0</Size><TroopCount>0</TroopCount><Commander>Unknown (Map Icon)</Commander><CommanderTitle></CommanderTitle><ExtraInfo></ExtraInfo><Navy>0</Navy><InformationSource>4</InformationSource><CharsTravellingWith></CharsTravellingWith></Army><Army HexID="4015"><Nation>0</Nation><NationAllegience>1</NationAllegience><Size>0</Size><TroopCount>0</TroopCount><Commander>Unknown (Map Icon)</Commander><CommanderTitle></CommanderTitle><ExtraInfo></ExtraInfo><Navy>0</Navy><InformationSource>4</InformationSource><CharsTravellingWith></CharsTravellingWith></Army></Armies><NationInfo><EmptyPopHexes HexIDList="3215,3216,3217,3218,3219,3220,3222,3223,3225,3226,3227,3315,3316,3317,3318,3323,3324,3325,3327,3415,3416,3417,3418,3419,3420,3424,3425,3515,3516,3517,3518,3519,3521,3523,3524,3525,3526,3615,3616,3617,3618,3619,3620,3621,3622,3623,3624,3625,3626,3627,3715,3717,3719,3724,3725,3726,3727,3815,3816,3817,3818,3819,3820,3823,3824,3825,3826,3827,3915,3916,3917,3918,3919,3920,3922,3923,3924,3925,3926,3927,4019,4021,4023,4025,4027"/><PopHexes HexIDList="3221,3224,3319,3320,3321,3322,3326,3421,3422,3423,3426,3427,3520,3522,3527,3716,3718,3720,3721,3722,3723,3821,3822,3921,4015,4017"/><NationMessages><NationMessage>There are rumors of an armed conflict involving the Alvernus and the Tribes of Angmar at 0702. </NationMessage><NationMessage>The tax rate was increased to avoid going bankrupt! Loyalty has been affected. </NationMessage><NationMessage>There are rumors of an encounter involving Dernwyn at 2404. </NationMessage><NationMessage>There are rumors of an encounter involving Broussard at 1005. </NationMessage></NationMessages></NationInfo><Nations><Nation ID="0">Unknown</Nation><Nation ID="1">North Kingdom</Nation><Nation ID="2">South Kingdom</Nation><Nation ID="3">Wise Council</Nation><Nation ID="4">Acadians</Nation><Nation ID="5">Silent Assembly</Nation><Nation ID="6">Thorinar</Nation><Nation ID="7">Sapphic Enclave</Nation><Nation ID="8">Nameless</Nation><Nation ID="9">Ground Pounders</Nation><Nation ID="10">Sundered</Nation><Nation ID="11">Lohmai'gwaith</Nation><Nation ID="12">Sheri-Urk</Nation><Nation ID="13">Red Witches</Nation><Nation ID="14">Dark Feast</Nation><Nation ID="15">Twilight Hammer</Nation><Nation ID="16">Sh'iar Empire</Nation><Nation ID="17">Great Trollusk</Nation><Nation ID="18">Benîm an Pharazôn</Nation><Nation ID="19">RhunLandChattelCo</Nation><Nation ID="20">Tribes of Angmar</Nation><Nation ID="21">Lands</Nation><Nation ID="22">Sing a Song</Nation><Nation ID="23">Once Upon a Time</Nation><Nation ID="24">Plane</Nation><Nation ID="25">Alvernus</Nation></Nations></METurn>
