<METurn METURNVERSION="V2.0.2"><TurnInfo><GameNo>47</GameNo><TurnNo>32</TurnNo><NationNo>12</NationNo><GameType>Fourth Age, circa 1000</GameType><NationCapitalHex>2906</NationCapitalHex><DueDate>JANUARY 22 2013</DueDate><Secret>6170</Secret><Player>NATE KEENE</Player><Account>110758</Account><NationEliminated>0</NationEliminated><Int>9D679B63679898689564649D9C6E</Int></TurnInfo><Characters><Character ID="orkam"><Name>Orkamûr</Name><Location>1211</Location><Nation>12</Nation><Command>22</Command><TotalCommand>22</TotalCommand><Agent>26</Agent><TotalAgent>26</TotalAgent><Emmisary>37</Emmisary><TotalEmmisary>37</TotalEmmisary><Mage>0</Mage><TotalMage>0</TotalMage><Stealth>0</Stealth><TotalStealth>0</TotalStealth><Challenge>31</Challenge><Health>100</Health><Title></Title><InformationSource>0</InformationSource><Artifacts/><Spells/></Character><Character ID="uldui"><Name>Ulduin</Name><Location>2210</Location><Nation>12</Nation><Command>30</Command><TotalCommand>30</TotalCommand><Agent>0</Agent><TotalAgent>0</TotalAgent><Emmisary>0</Emmisary><TotalEmmisary>0</TotalEmmisary><Mage>0</Mage><TotalMage>0</TotalMage><Stealth>0</Stealth><TotalStealth>0</TotalStealth><Challenge>30</Challenge><Health>100</Health><Title></Title><InformationSource>0</InformationSource><Artifacts/><Spells/></Character><Character ID="gorth"><Name>Gorthaur</Name><Location>2906</Location><Nation>12</Nation><Command>0</Command><TotalCommand>0</TotalCommand><Agent>0</Agent><TotalAgent>0</TotalAgent><Emmisary>0</Emmisary><TotalEmmisary>0</TotalEmmisary><Mage>30</Mage><TotalMage>30</TotalMage><Stealth>0</Stealth><TotalStealth>0</TotalStealth><Challenge>30</Challenge><Health>100</Health><Title></Title><InformationSource>0</InformationSource><Artifacts/><Spells><Spell>#102 Barriers(57)</Spell><Spell>#308 Capital Return(54)</Spell><Spell>#410 Divine Allegiance Forces(84)</Spell></Spells></Character><Character ID="maugr"><Name>Maugrath</Name><Location>2906</Location><Nation>12</Nation><Command>0</Command><TotalCommand>0</TotalCommand><Agent>0</Agent><TotalAgent>0</TotalAgent><Emmisary>0</Emmisary><TotalEmmisary>0</TotalEmmisary><Mage>30</Mage><TotalMage>30</TotalMage><Stealth>0</Stealth><TotalStealth>0</TotalStealth><Challenge>30</Challenge><Health>100</Health><Title></Title><InformationSource>0</InformationSource><Artifacts/><Spells><Spell>#104 Resistances(100)</Spell><Spell>#308 Capital Return(76)</Spell><Spell>#402 Perceive Allegiance(62)</Spell><Spell>#502 Weakness(78)</Spell></Spells></Character><Character ID="train"><Name>Trainer</Name><Location>2906</Location><Nation>12</Nation><Command>56</Command><TotalCommand>56</TotalCommand><Agent>0</Agent><TotalAgent>0</TotalAgent><Emmisary>0</Emmisary><TotalEmmisary>0</TotalEmmisary><Mage>34</Mage><TotalMage>34</TotalMage><Stealth>0</Stealth><TotalStealth>0</TotalStealth><Challenge>64</Challenge><Health>100</Health><Title></Title><InformationSource>0</InformationSource><Artifacts/><Spells><Spell>#502 Weakness(62)</Spell><Spell>#512 Conjure Hordes(66)</Spell></Spells></Character><Character ID="ulwat"><Name>Ulwath</Name><Location>2906</Location><Nation>12</Nation><Command>40</Command><TotalCommand>40</TotalCommand><Agent>0</Agent><TotalAgent>0</TotalAgent><Emmisary>0</Emmisary><TotalEmmisary>0</TotalEmmisary><Mage>0</Mage><TotalMage>0</TotalMage><Stealth>0</Stealth><TotalStealth>0</TotalStealth><Challenge>40</Challenge><Health>100</Health><Title></Title><InformationSource>0</InformationSource><Artifacts/><Spells/></Character><Character ID="drake"><Name>Drakeman</Name><Location>3107</Location><Nation>12</Nation><Command>82</Command><TotalCommand>102</TotalCommand><Agent>0</Agent><TotalAgent>0</TotalAgent><Emmisary>0</Emmisary><TotalEmmisary>0</TotalEmmisary><Mage>55</Mage><TotalMage>55</TotalMage><Stealth>0</Stealth><TotalStealth>0</TotalStealth><Challenge>115</Challenge><Health>100</Health><Title></Title><InformationSource>0</InformationSource><Artifacts><Artifact>#7 Helm of the Dark</Artifact></Artifacts><Spells><Spell>#2 Minor Heal(100)</Spell><Spell>#8 Heal True(73)</Spell><Spell>#502 Weakness(96)</Spell><Spell>#512 Conjure Hordes(73)</Spell></Spells></Character><Character ID="elosi"><Name>Elosian</Name><Location>3107</Location><Nation>12</Nation><Command>0</Command><TotalCommand>0</TotalCommand><Agent>0</Agent><TotalAgent>0</TotalAgent><Emmisary>0</Emmisary><TotalEmmisary>0</TotalEmmisary><Mage>68</Mage><TotalMage>68</TotalMage><Stealth>0</Stealth><TotalStealth>0</TotalStealth><Challenge>68</Challenge><Health>100</Health><Title></Title><InformationSource>0</InformationSource><Artifacts/><Spells><Spell>#102 Barriers(70)</Spell><Spell>#308 Capital Return(53)</Spell><Spell>#402 Perceive Allegiance(100)</Spell><Spell>#410 Divine Allegiance Forces(58)</Spell><Spell>#512 Conjure Hordes(83)</Spell></Spells></Character><Character ID="gorgu"><Name>Gorgûn</Name><Location>3107</Location><Nation>12</Nation><Command>0</Command><TotalCommand>0</TotalCommand><Agent>0</Agent><TotalAgent>0</TotalAgent><Emmisary>0</Emmisary><TotalEmmisary>0</TotalEmmisary><Mage>54</Mage><TotalMage>54</TotalMage><Stealth>0</Stealth><TotalStealth>0</TotalStealth><Challenge>64</Challenge><Health>100</Health><Title></Title><InformationSource>0</InformationSource><Artifacts><Artifact>#81 Stone-mace of Setmaenen</Artifact><Artifact>#127 Morlhach</Artifact></Artifacts><Spells><Spell>#102 Barriers(87)</Spell><Spell>#302 Long Stride(100)</Spell><Spell>#314 Teleport(89)</Spell><Spell>#413 Scry Population Center(100)</Spell><Spell>#502 Weakness(78)</Spell><Spell>#512 Conjure Hordes(83)</Spell></Spells></Character><Character ID="stime"><Name>Stimey</Name><Location>3107</Location><Nation>12</Nation><Command>49</Command><TotalCommand>49</TotalCommand><Agent>0</Agent><TotalAgent>0</TotalAgent><Emmisary>0</Emmisary><TotalEmmisary>0</TotalEmmisary><Mage>51</Mage><TotalMage>51</TotalMage><Stealth>0</Stealth><TotalStealth>0</TotalStealth><Challenge>63</Challenge><Health>100</Health><Title></Title><InformationSource>0</InformationSource><Artifacts/><Spells><Spell>#102 Barriers(95)</Spell><Spell>#106 Deflections(80)</Spell><Spell>#413 Scry Population Center(91)</Spell><Spell>#415 Scry Area(71)</Spell><Spell>#502 Weakness(63)</Spell><Spell>#512 Conjure Hordes(67)</Spell></Spells></Character><Character ID="waren"><Name>Waren</Name><Location>4404</Location><Nation>12</Nation><Command>0</Command><TotalCommand>0</TotalCommand><Agent>94</Agent><TotalAgent>94</TotalAgent><Emmisary>0</Emmisary><TotalEmmisary>0</TotalEmmisary><Mage>0</Mage><TotalMage>0</TotalMage><Stealth>0</Stealth><TotalStealth>0</TotalStealth><Challenge>70</Challenge><Health>65</Health><Title></Title><InformationSource>0</InformationSource><Artifacts/><Spells/></Character></Characters>
<Economy><Nation><ArmyMaint>1200</ArmyMaint><PopMaint>500</PopMaint><CharMaint>15160</CharMaint><TotalMaint>16860</TotalMaint><TaxRate>74</TaxRate><Revenue>11500</Revenue><Surplus>-5360</Surplus><Reserve>363</Reserve><TaxBase>6</TaxBase></Nation><Market><Product type="le"><BuyPrice>3</BuyPrice><SellPrice>1</SellPrice><MarketAvail>22657</MarketAvail><NationStores>200</NationStores><NationProduction>0</NationProduction></Product><Product type="br"><BuyPrice>3</BuyPrice><SellPrice>1</SellPrice><MarketAvail>28057</MarketAvail><NationStores>191</NationStores><NationProduction>27</NationProduction></Product><Product type="st"><BuyPrice>10</BuyPrice><SellPrice>4</SellPrice><MarketAvail>3650</MarketAvail><NationStores>60</NationStores><NationProduction>24</NationProduction></Product><Product type="mi"><BuyPrice>18</BuyPrice><SellPrice>8</SellPrice><MarketAvail>3918</MarketAvail><NationStores>0</NationStores><NationProduction>0</NationProduction></Product><Product type="fo"><BuyPrice>3</BuyPrice><SellPrice>1</SellPrice><MarketAvail>1954</MarketAvail><NationStores>215</NationStores><NationProduction>86</NationProduction></Product><Product type="ti"><BuyPrice>3</BuyPrice><SellPrice>1</SellPrice><MarketAvail>26292</MarketAvail><NationStores>30</NationStores><NationProduction>30</NationProduction></Product><Product type="mo"><BuyPrice>15</BuyPrice><SellPrice>7</SellPrice><MarketAvail>1833</MarketAvail><NationStores>773</NationStores><NationProduction>0</NationProduction></Product></Market></Economy>
<PopCentres><PopCentre HexID="1211"><Name>Geshaan</Name><Nation>1</Nation><NationAllegience>0</NationAllegience><FortificationLevel>1</FortificationLevel><Size>2</Size><Dock>0</Dock><Capital>0</Capital><Loyalty>0</Loyalty><InformationSource>3</InformationSource><Hidden>0</Hidden></PopCentre><PopCentre HexID="2210"><Name>Wen Sereg</Name><Nation>12</Nation><NationAllegience>0</NationAllegience><FortificationLevel>1</FortificationLevel><Size>4</Size><Dock>0</Dock><Capital>0</Capital><Loyalty>24</Loyalty><InformationSource>1</InformationSource><Hidden>0</Hidden></PopCentre><PopCentre HexID="2412"><Name>Unknown (Map Icon)</Name><Nation>0</Nation><NationAllegience>0</NationAllegience><FortificationLevel>2</FortificationLevel><Size>2</Size><Dock>0</Dock><Capital>0</Capital><Loyalty>0</Loyalty><InformationSource>4</InformationSource><Hidden>0</Hidden></PopCentre><PopCentre HexID="2413"><Name>Unknown (Map Icon)</Name><Nation>0</Nation><NationAllegience>0</NationAllegience><FortificationLevel>0</FortificationLevel><Size>3</Size><Dock>0</Dock><Capital>0</Capital><Loyalty>0</Loyalty><InformationSource>4</InformationSource><Hidden>0</Hidden></PopCentre><PopCentre HexID="2512"><Name>Unknown (Map Icon)</Name><Nation>0</Nation><NationAllegience>0</NationAllegience><FortificationLevel>0</FortificationLevel><Size>2</Size><Dock>0</Dock><Capital>0</Capital><Loyalty>0</Loyalty><InformationSource>4</InformationSource><Hidden>0</Hidden></PopCentre><PopCentre HexID="2513"><Name>Unknown (Map Icon)</Name><Nation>0</Nation><NationAllegience>0</NationAllegience><FortificationLevel>0</FortificationLevel><Size>2</Size><Dock>0</Dock><Capital>0</Capital><Loyalty>0</Loyalty><InformationSource>4</InformationSource><Hidden>0</Hidden></PopCentre><PopCentre HexID="2708"><Name>Unknown (Map Icon)</Name><Nation>0</Nation><NationAllegience>0</NationAllegience><FortificationLevel>0</FortificationLevel><Size>2</Size><Dock>0</Dock><Capital>0</Capital><Loyalty>0</Loyalty><InformationSource>4</InformationSource><Hidden>0</Hidden></PopCentre><PopCentre HexID="2801"><Name>Unknown (Map Icon)</Name><Nation>0</Nation><NationAllegience>0</NationAllegience><FortificationLevel>0</FortificationLevel><Size>2</Size><Dock>0</Dock><Capital>0</Capital><Loyalty>0</Loyalty><InformationSource>4</InformationSource><Hidden>0</Hidden></PopCentre><PopCentre HexID="2806"><Name>Unknown (Map Icon)</Name><Nation>0</Nation><NationAllegience>0</NationAllegience><FortificationLevel>1</FortificationLevel><Size>2</Size><Dock>0</Dock><Capital>0</Capital><Loyalty>0</Loyalty><InformationSource>4</InformationSource><Hidden>0</Hidden></PopCentre><PopCentre HexID="2807"><Name>Unknown (Map Icon)</Name><Nation>0</Nation><NationAllegience>0</NationAllegience><FortificationLevel>0</FortificationLevel><Size>1</Size><Dock>0</Dock><Capital>0</Capital><Loyalty>0</Loyalty><InformationSource>4</InformationSource><Hidden>0</Hidden></PopCentre><PopCentre HexID="2809"><Name>Unknown (Map Icon)</Name><Nation>0</Nation><NationAllegience>0</NationAllegience><FortificationLevel>0</FortificationLevel><Size>1</Size><Dock>0</Dock><Capital>0</Capital><Loyalty>0</Loyalty><InformationSource>4</InformationSource><Hidden>0</Hidden></PopCentre><PopCentre HexID="2812"><Name>Unknown (Map Icon)</Name><Nation>0</Nation><NationAllegience>0</NationAllegience><FortificationLevel>0</FortificationLevel><Size>3</Size><Dock>0</Dock><Capital>0</Capital><Loyalty>0</Loyalty><InformationSource>4</InformationSource><Hidden>0</Hidden></PopCentre><PopCentre HexID="2901"><Name>Unknown (Map Icon)</Name><Nation>0</Nation><NationAllegience>0</NationAllegience><FortificationLevel>2</FortificationLevel><Size>2</Size><Dock>0</Dock><Capital>0</Capital><Loyalty>0</Loyalty><InformationSource>4</InformationSource><Hidden>0</Hidden></PopCentre><PopCentre HexID="2903"><Name>Unknown (Map Icon)</Name><Nation>0</Nation><NationAllegience>0</NationAllegience><FortificationLevel>1</FortificationLevel><Size>5</Size><Dock>0</Dock><Capital>0</Capital><Loyalty>0</Loyalty><InformationSource>4</InformationSource><Hidden>0</Hidden></PopCentre><PopCentre HexID="2906"><Name>Pillar</Name><Nation>12</Nation><NationAllegience>0</NationAllegience><FortificationLevel>0</FortificationLevel><Size>4</Size><Dock>0</Dock><Capital>1</Capital><Loyalty>6</Loyalty><InformationSource>1</InformationSource><Hidden>1</Hidden></PopCentre><PopCentre HexID="2907"><Name>Unknown (Map Icon)</Name><Nation>0</Nation><NationAllegience>0</NationAllegience><FortificationLevel>1</FortificationLevel><Size>3</Size><Dock>0</Dock><Capital>0</Capital><Loyalty>0</Loyalty><InformationSource>4</InformationSource><Hidden>0</Hidden></PopCentre><PopCentre HexID="2908"><Name>Unknown (Map Icon)</Name><Nation>0</Nation><NationAllegience>0</NationAllegience><FortificationLevel>0</FortificationLevel><Size>4</Size><Dock>0</Dock><Capital>0</Capital><Loyalty>0</Loyalty><InformationSource>4</InformationSource><Hidden>0</Hidden></PopCentre><PopCentre HexID="2909"><Name>Unknown (Map Icon)</Name><Nation>0</Nation><NationAllegience>0</NationAllegience><FortificationLevel>0</FortificationLevel><Size>1</Size><Dock>0</Dock><Capital>0</Capital><Loyalty>0</Loyalty><InformationSource>4</InformationSource><Hidden>0</Hidden></PopCentre><PopCentre HexID="3001"><Name>Unknown (Map Icon)</Name><Nation>0</Nation><NationAllegience>0</NationAllegience><FortificationLevel>1</FortificationLevel><Size>4</Size><Dock>0</Dock><Capital>0</Capital><Loyalty>0</Loyalty><InformationSource>4</InformationSource><Hidden>0</Hidden></PopCentre><PopCentre HexID="3003"><Name>Unknown (Map Icon)</Name><Nation>0</Nation><NationAllegience>0</NationAllegience><FortificationLevel>2</FortificationLevel><Size>4</Size><Dock>0</Dock><Capital>0</Capital><Loyalty>0</Loyalty><InformationSource>4</InformationSource><Hidden>0</Hidden></PopCentre><PopCentre HexID="3009"><Name>Unknown (Map Icon)</Name><Nation>0</Nation><NationAllegience>0</NationAllegience><FortificationLevel>0</FortificationLevel><Size>2</Size><Dock>0</Dock><Capital>0</Capital><Loyalty>0</Loyalty><InformationSource>4</InformationSource><Hidden>0</Hidden></PopCentre><PopCentre HexID="3010"><Name>Unknown (Map Icon)</Name><Nation>0</Nation><NationAllegience>0</NationAllegience><FortificationLevel>0</FortificationLevel><Size>2</Size><Dock>0</Dock><Capital>0</Capital><Loyalty>0</Loyalty><InformationSource>4</InformationSource><Hidden>0</Hidden></PopCentre><PopCentre HexID="3107"><Name>Nenning</Name><Nation>8</Nation><NationAllegience>0</NationAllegience><FortificationLevel>0</FortificationLevel><Size>2</Size><Dock>0</Dock><Capital>0</Capital><Loyalty>0</Loyalty><InformationSource>3</InformationSource><Hidden>0</Hidden></PopCentre><PopCentre HexID="3108"><Name>Unknown (Map Icon)</Name><Nation>0</Nation><NationAllegience>0</NationAllegience><FortificationLevel>0</FortificationLevel><Size>2</Size><Dock>0</Dock><Capital>0</Capital><Loyalty>0</Loyalty><InformationSource>4</InformationSource><Hidden>0</Hidden></PopCentre><PopCentre HexID="3201"><Name>Unknown (Map Icon)</Name><Nation>0</Nation><NationAllegience>0</NationAllegience><FortificationLevel>0</FortificationLevel><Size>2</Size><Dock>0</Dock><Capital>0</Capital><Loyalty>0</Loyalty><InformationSource>4</InformationSource><Hidden>0</Hidden></PopCentre><PopCentre HexID="3714"><Name>Unknown (Map Icon)</Name><Nation>0</Nation><NationAllegience>0</NationAllegience><FortificationLevel>1</FortificationLevel><Size>1</Size><Dock>0</Dock><Capital>0</Capital><Loyalty>0</Loyalty><InformationSource>4</InformationSource><Hidden>0</Hidden></PopCentre><PopCentre HexID="3715"><Name>Unknown (Map Icon)</Name><Nation>0</Nation><NationAllegience>0</NationAllegience><FortificationLevel>0</FortificationLevel><Size>1</Size><Dock>0</Dock><Capital>0</Capital><Loyalty>0</Loyalty><InformationSource>4</InformationSource><Hidden>0</Hidden></PopCentre><PopCentre HexID="3716"><Name>Unknown (Map Icon)</Name><Nation>0</Nation><NationAllegience>0</NationAllegience><FortificationLevel>1</FortificationLevel><Size>2</Size><Dock>0</Dock><Capital>0</Capital><Loyalty>0</Loyalty><InformationSource>4</InformationSource><Hidden>0</Hidden></PopCentre><PopCentre HexID="3815"><Name>Unknown (Map Icon)</Name><Nation>0</Nation><NationAllegience>0</NationAllegience><FortificationLevel>2</FortificationLevel><Size>4</Size><Dock>0</Dock><Capital>0</Capital><Loyalty>0</Loyalty><InformationSource>4</InformationSource><Hidden>0</Hidden></PopCentre><PopCentre HexID="4404"><Name>A Oculta</Name><Nation>13</Nation><NationAllegience>0</NationAllegience><FortificationLevel>0</FortificationLevel><Size>4</Size><Dock>0</Dock><Capital>0</Capital><Loyalty>0</Loyalty><InformationSource>3</InformationSource><Hidden>0</Hidden></PopCentre></PopCentres><Armies><Army HexID="2413"><Nation>0</Nation><NationAllegience>3</NationAllegience><Size>0</Size><TroopCount>0</TroopCount><Commander>Unknown (Map Icon)</Commander><CommanderTitle></CommanderTitle><ExtraInfo></ExtraInfo><Navy>0</Navy><InformationSource>4</InformationSource><CharsTravellingWith></CharsTravellingWith></Army><Army HexID="2413"><Nation>0</Nation><NationAllegience>1</NationAllegience><Size>0</Size><TroopCount>0</TroopCount><Commander>Unknown (Map Icon)</Commander><CommanderTitle></CommanderTitle><ExtraInfo></ExtraInfo><Navy>0</Navy><InformationSource>4</InformationSource><CharsTravellingWith></CharsTravellingWith></Army><Army HexID="2908"><Nation>0</Nation><NationAllegience>3</NationAllegience><Size>0</Size><TroopCount>0</TroopCount><Commander>Unknown (Map Icon)</Commander><CommanderTitle></CommanderTitle><ExtraInfo></ExtraInfo><Navy>0</Navy><InformationSource>4</InformationSource><CharsTravellingWith></CharsTravellingWith></Army><Army HexID="3001"><Nation>0</Nation><NationAllegience>2</NationAllegience><Size>0</Size><TroopCount>0</TroopCount><Commander>Unknown (Map Icon)</Commander><CommanderTitle></CommanderTitle><ExtraInfo></ExtraInfo><Navy>0</Navy><InformationSource>4</InformationSource><CharsTravellingWith></CharsTravellingWith></Army><Army HexID="3107"><Nation>12</Nation><NationAllegience>0</NationAllegience><Size>0</Size><TroopCount>200</TroopCount><Commander>Drakeman</Commander><CommanderTitle>General</CommanderTitle><ExtraInfo>200HC</ExtraInfo><Navy>0</Navy><InformationSource>1</InformationSource><CharsTravellingWith>Elosian - Gorgûn - Stimey</CharsTravellingWith></Army><Army HexID="3107"><Nation>0</Nation><NationAllegience>2</NationAllegience><Size>0</Size><TroopCount>0</TroopCount><Commander>Unknown (Map Icon)</Commander><CommanderTitle></CommanderTitle><ExtraInfo></ExtraInfo><Navy>0</Navy><InformationSource>4</InformationSource><CharsTravellingWith></CharsTravellingWith></Army></Armies><NationInfo><EmptyPopHexes HexIDList="2401,2402,2403,2404,2405,2406,2407,2408,2409,2410,2411,2501,2502,2503,2504,2505,2506,2507,2508,2509,2510,2511,2601,2602,2603,2604,2605,2606,2607,2608,2609,2610,2611,2612,2613,2701,2702,2703,2704,2705,2706,2707,2709,2710,2711,2712,2713,2802,2803,2804,2805,2808,2810,2811,2813,2902,2904,2905,2910,2911,2912,2913,3002,3004,3005,3006,3007,3008,3011,3012,3013,3101,3102,3103,3104,3105,3106,3109,3110,3111,3112,3113,3203,3205,3207,3209,3211,3213,3614,3615,3616"/><PopHexes HexIDList="2412,2413,2512,2513,2708,2801,2806,2807,2809,2812,2901,2903,2906,2907,2908,2909,3001,3003,3009,3010,3107,3108,3201,3714,3715,3716,3815"/><NationMessages><NationMessage>There are rumors of a personal challenge involving Hisab and Imlida at 2327. </NationMessage><NationMessage>There are rumors of an assassination attempt involving Ferdh Feyheart and Balton. </NationMessage><NationMessage>There are rumors of a theft attempt involving Ulgundó at Kornale. </NationMessage><NationMessage>505 Mounts transported from the Haven's Bane to Wen Sereg. </NationMessage></NationMessages></NationInfo><Nations><Nation ID="0">Unknown</Nation><Nation ID="1">North Kingdom</Nation><Nation ID="2">South Kingdom</Nation><Nation ID="3">Duaron</Nation><Nation ID="4">Stonekeep's Watch</Nation><Nation ID="5">Wardens</Nation><Nation ID="6">Nurn Freeholders</Nation><Nation ID="7">Daloriennes</Nation><Nation ID="8">Vallian</Nation><Nation ID="9">Esgal Edhel</Nation><Nation ID="10">Beogrim</Nation><Nation ID="11">Dothraki</Nation><Nation ID="12">Hastily Patient</Nation><Nation ID="13">Haven's Bane</Nation><Nation ID="14">Unseeing Eye</Nation><Nation ID="15">Gondimarim</Nation><Nation ID="16">Isteroth Kingdom</Nation><Nation ID="17">Clavero</Nation><Nation ID="18">Cechove</Nation><Nation ID="19">Tsalagi</Nation><Nation ID="20">Corsairs</Nation><Nation ID="21">Nothraman</Nation><Nation ID="22">Eriadorian</Nation><Nation ID="23">Shadow Crew</Nation><Nation ID="24">Riverlands</Nation><Nation ID="25">Deepwood Rangers</Nation></Nations></METurn>
