<METurn METURNVERSION="V2.0.2"><TurnInfo><GameNo>143</GameNo><TurnNo>0</TurnNo><NationNo>6</NationNo><GameType>Fourth Age, circa 1000</GameType><NationCapitalHex>3721</NationCapitalHex><DueDate>AUGUST 5 2013</DueDate><Secret>2877</Secret><Player>GALEN KEENE</Player><Account>110759</Account><NationEliminated>0</NationEliminated><Int>996E9B6A649C9867946A699F</Int></TurnInfo><Characters><Character ID="dorf "><Name>Dorf in the Flask</Name><Location>3721</Location><Nation>6</Nation><Command>60</Command><TotalCommand>60</TotalCommand><Agent>20</Agent><TotalAgent>20</TotalAgent><Emmisary>10</Emmisary><TotalEmmisary>10</TotalEmmisary><Mage>40</Mage><TotalMage>40</TotalMage><Stealth>0</Stealth><TotalStealth>0</TotalStealth><Challenge>75</Challenge><Health>100</Health><Title></Title><InformationSource>0</InformationSource><Artifacts/><Spells><Spell>#2 Minor Heal(80)</Spell><Spell>#8 Heal True(77)</Spell><Spell>#314 Teleport(65)</Spell><Spell>#502 Weakness(81)</Spell></Spells></Character><Character ID="envy "><Name>Envy </Name><Location>3721</Location><Nation>6</Nation><Command>0</Command><TotalCommand>0</TotalCommand><Agent>0</Agent><TotalAgent>0</TotalAgent><Emmisary>0</Emmisary><TotalEmmisary>0</TotalEmmisary><Mage>40</Mage><TotalMage>40</TotalMage><Stealth>0</Stealth><TotalStealth>0</TotalStealth><Challenge>40</Challenge><Health>100</Health><Title></Title><InformationSource>0</InformationSource><Artifacts/><Spells><Spell>#406 Divine Army(100)</Spell><Spell>#413 Scry Population Center(99)</Spell><Spell>#415 Scry Area(76)</Spell><Spell>#417 Divine Characters w/Forces(82)</Spell></Spells></Character><Character ID="greed"><Name>Greed</Name><Location>3721</Location><Nation>6</Nation><Command>0</Command><TotalCommand>0</TotalCommand><Agent>0</Agent><TotalAgent>0</TotalAgent><Emmisary>0</Emmisary><TotalEmmisary>0</TotalEmmisary><Mage>40</Mage><TotalMage>40</TotalMage><Stealth>0</Stealth><TotalStealth>0</TotalStealth><Challenge>40</Challenge><Health>100</Health><Title></Title><InformationSource>0</InformationSource><Artifacts/><Spells><Spell>#408 Perceive Nationality(66)</Spell><Spell>#412 Research Artifact(96)</Spell><Spell>#418 Locate Artifact(77)</Spell><Spell>#428 Locate Artifact True(56)</Spell></Spells></Character><Character ID="hohen"><Name>Hohenheim</Name><Location>3721</Location><Nation>6</Nation><Command>0</Command><TotalCommand>0</TotalCommand><Agent>40</Agent><TotalAgent>40</TotalAgent><Emmisary>0</Emmisary><TotalEmmisary>0</TotalEmmisary><Mage>30</Mage><TotalMage>30</TotalMage><Stealth>0</Stealth><TotalStealth>0</TotalStealth><Challenge>37</Challenge><Health>100</Health><Title></Title><InformationSource>0</InformationSource><Artifacts/><Spells><Spell>#406 Divine Army(67)</Spell><Spell>#413 Scry Population Center(66)</Spell><Spell>#415 Scry Area(75)</Spell></Spells></Character><Character ID="lust "><Name>Lust </Name><Location>3721</Location><Nation>6</Nation><Command>0</Command><TotalCommand>0</TotalCommand><Agent>0</Agent><TotalAgent>0</TotalAgent><Emmisary>50</Emmisary><TotalEmmisary>50</TotalEmmisary><Mage>0</Mage><TotalMage>0</TotalMage><Stealth>0</Stealth><TotalStealth>0</TotalStealth><Challenge>25</Challenge><Health>100</Health><Title></Title><InformationSource>0</InformationSource><Artifacts/><Spells/></Character><Character ID="pride"><Name>Pride</Name><Location>3721</Location><Nation>6</Nation><Command>20</Command><TotalCommand>20</TotalCommand><Agent>0</Agent><TotalAgent>0</TotalAgent><Emmisary>0</Emmisary><TotalEmmisary>0</TotalEmmisary><Mage>10</Mage><TotalMage>10</TotalMage><Stealth>0</Stealth><TotalStealth>0</TotalStealth><Challenge>22</Challenge><Health>100</Health><Title></Title><InformationSource>0</InformationSource><Artifacts/><Spells><Spell>#412 Research Artifact(100)</Spell></Spells></Character><Character ID="sloth"><Name>Sloth</Name><Location>3721</Location><Nation>6</Nation><Command>0</Command><TotalCommand>0</TotalCommand><Agent>0</Agent><TotalAgent>0</TotalAgent><Emmisary>0</Emmisary><TotalEmmisary>0</TotalEmmisary><Mage>40</Mage><TotalMage>40</TotalMage><Stealth>0</Stealth><TotalStealth>0</TotalStealth><Challenge>40</Challenge><Health>100</Health><Title></Title><InformationSource>0</InformationSource><Artifacts/><Spells><Spell>#314 Teleport(80)</Spell><Spell>#408 Perceive Nationality(82)</Spell><Spell>#412 Research Artifact(71)</Spell><Spell>#418 Locate Artifact(71)</Spell><Spell>#428 Locate Artifact True(73)</Spell></Spells></Character><Character ID="wrath"><Name>Wrath</Name><Location>3721</Location><Nation>6</Nation><Command>50</Command><TotalCommand>50</TotalCommand><Agent>0</Agent><TotalAgent>0</TotalAgent><Emmisary>0</Emmisary><TotalEmmisary>0</TotalEmmisary><Mage>10</Mage><TotalMage>10</TotalMage><Stealth>0</Stealth><TotalStealth>0</TotalStealth><Challenge>52</Challenge><Health>100</Health><Title></Title><InformationSource>0</InformationSource><Artifacts/><Spells><Spell>#412 Research Artifact(50)</Spell></Spells></Character></Characters>
<Economy><Nation><ArmyMaint>1200</ArmyMaint><PopMaint>500</PopMaint><CharMaint>7200</CharMaint><TotalMaint>8900</TotalMaint><TaxRate>40</TaxRate><Revenue>13000</Revenue><Surplus>4100</Surplus><Reserve>28000</Reserve><TaxBase>6</TaxBase></Nation><Market><Product type="le"><BuyPrice>5</BuyPrice><SellPrice>3</SellPrice><MarketAvail>6000</MarketAvail><NationStores>0</NationStores><NationProduction>0</NationProduction></Product><Product type="br"><BuyPrice>10</BuyPrice><SellPrice>6</SellPrice><MarketAvail>4000</MarketAvail><NationStores>560</NationStores><NationProduction>560</NationProduction></Product><Product type="st"><BuyPrice>11</BuyPrice><SellPrice>7</SellPrice><MarketAvail>3000</MarketAvail><NationStores>386</NationStores><NationProduction>386</NationProduction></Product><Product type="mi"><BuyPrice>86</BuyPrice><SellPrice>55</SellPrice><MarketAvail>500</MarketAvail><NationStores>90</NationStores><NationProduction>90</NationProduction></Product><Product type="fo"><BuyPrice>3</BuyPrice><SellPrice>2</SellPrice><MarketAvail>6328</MarketAvail><NationStores>6000</NationStores><NationProduction>0</NationProduction></Product><Product type="ti"><BuyPrice>10</BuyPrice><SellPrice>6</SellPrice><MarketAvail>5000</MarketAvail><NationStores>0</NationStores><NationProduction>0</NationProduction></Product><Product type="mo"><BuyPrice>18</BuyPrice><SellPrice>11</SellPrice><MarketAvail>2000</MarketAvail><NationStores>0</NationStores><NationProduction>0</NationProduction></Product></Market></Economy>
<PopCentres><PopCentre HexID="3221"><Name>Unknown (Map Icon)</Name><Nation>0</Nation><NationAllegience>0</NationAllegience><FortificationLevel>1</FortificationLevel><Size>1</Size><Dock>0</Dock><Capital>0</Capital><Loyalty>0</Loyalty><InformationSource>4</InformationSource><Hidden>0</Hidden></PopCentre><PopCentre HexID="3416"><Name>Unknown (Map Icon)</Name><Nation>0</Nation><NationAllegience>0</NationAllegience><FortificationLevel>1</FortificationLevel><Size>1</Size><Dock>0</Dock><Capital>0</Capital><Loyalty>0</Loyalty><InformationSource>4</InformationSource><Hidden>0</Hidden></PopCentre><PopCentre HexID="3422"><Name>East</Name><Nation>6</Nation><NationAllegience>0</NationAllegience><FortificationLevel>0</FortificationLevel><Size>2</Size><Dock>0</Dock><Capital>0</Capital><Loyalty>50</Loyalty><InformationSource>1</InformationSource><Hidden>0</Hidden></PopCentre><PopCentre HexID="3423"><Name>Unknown (Map Icon)</Name><Nation>0</Nation><NationAllegience>0</NationAllegience><FortificationLevel>1</FortificationLevel><Size>1</Size><Dock>0</Dock><Capital>0</Capital><Loyalty>0</Loyalty><InformationSource>4</InformationSource><Hidden>0</Hidden></PopCentre><PopCentre HexID="3622"><Name>Devil's Nest</Name><Nation>6</Nation><NationAllegience>0</NationAllegience><FortificationLevel>0</FortificationLevel><Size>1</Size><Dock>0</Dock><Capital>0</Capital><Loyalty>50</Loyalty><InformationSource>1</InformationSource><Hidden>0</Hidden></PopCentre><PopCentre HexID="3721"><Name>Central</Name><Nation>6</Nation><NationAllegience>0</NationAllegience><FortificationLevel>1</FortificationLevel><Size>4</Size><Dock>0</Dock><Capital>1</Capital><Loyalty>75</Loyalty><InformationSource>1</InformationSource><Hidden>0</Hidden></PopCentre><PopCentre HexID="3722"><Name>Dublith</Name><Nation>6</Nation><NationAllegience>0</NationAllegience><FortificationLevel>2</FortificationLevel><Size>3</Size><Dock>0</Dock><Capital>0</Capital><Loyalty>50</Loyalty><InformationSource>1</InformationSource><Hidden>0</Hidden></PopCentre><PopCentre HexID="3816"><Name>Unknown (Map Icon)</Name><Nation>0</Nation><NationAllegience>0</NationAllegience><FortificationLevel>1</FortificationLevel><Size>1</Size><Dock>0</Dock><Capital>0</Capital><Loyalty>0</Loyalty><InformationSource>4</InformationSource><Hidden>0</Hidden></PopCentre><PopCentre HexID="3821"><Name>Unknown (Map Icon)</Name><Nation>0</Nation><NationAllegience>0</NationAllegience><FortificationLevel>1</FortificationLevel><Size>4</Size><Dock>0</Dock><Capital>0</Capital><Loyalty>0</Loyalty><InformationSource>4</InformationSource><Hidden>0</Hidden></PopCentre><PopCentre HexID="3822"><Name>South</Name><Nation>6</Nation><NationAllegience>0</NationAllegience><FortificationLevel>0</FortificationLevel><Size>1</Size><Dock>0</Dock><Capital>0</Capital><Loyalty>50</Loyalty><InformationSource>1</InformationSource><Hidden>0</Hidden></PopCentre><PopCentre HexID="3823"><Name>West</Name><Nation>6</Nation><NationAllegience>0</NationAllegience><FortificationLevel>0</FortificationLevel><Size>1</Size><Dock>0</Dock><Capital>0</Capital><Loyalty>50</Loyalty><InformationSource>1</InformationSource><Hidden>0</Hidden></PopCentre></PopCentres><Armies><Army HexID="3721"><Nation>6</Nation><NationAllegience>0</NationAllegience><Size>2</Size><TroopCount>400</TroopCount><Commander>Pride</Commander><CommanderTitle>Hero</CommanderTitle><ExtraInfo>400HC</ExtraInfo><Navy>0</Navy><InformationSource>1</InformationSource><CharsTravellingWith></CharsTravellingWith></Army><Army HexID="3721"><Nation>0</Nation><NationAllegience>1</NationAllegience><Size>0</Size><TroopCount>0</TroopCount><Commander>Unknown (Map Icon)</Commander><CommanderTitle></CommanderTitle><ExtraInfo></ExtraInfo><Navy>0</Navy><InformationSource>4</InformationSource><CharsTravellingWith></CharsTravellingWith></Army></Armies><NationInfo><EmptyPopHexes HexIDList="3215,3216,3217,3218,3219,3220,3222,3223,3224,3225,3226,3227,3315,3316,3317,3318,3319,3320,3321,3322,3323,3324,3325,3326,3327,3415,3417,3418,3419,3420,3421,3424,3425,3426,3427,3515,3516,3517,3518,3519,3520,3521,3522,3523,3524,3525,3526,3527,3615,3616,3617,3618,3619,3620,3621,3623,3624,3625,3626,3627,3715,3716,3717,3718,3719,3720,3723,3724,3725,3726,3727,3815,3817,3818,3819,3820,3824,3825,3826,3827,3915,3916,3917,3918,3919,3920,3921,3922,3923,3924,3925,3926,3927,4015,4017,4019,4021,4023,4025,4027"/><PopHexes HexIDList="3221,3416,3422,3423,3622,3721,3722,3816,3821,3822,3823"/><NationMessages><NationMessage>Reports suggest the presence of Good holdings/forces of the Dustbighters at 3416. </NationMessage><NationMessage>Reports suggest the presence of Good holdings/forces of the Half-Orcs at 3816. </NationMessage><NationMessage>Reports suggest the presence of Neutral holdings/forces of the South Kingdom at 3221. </NationMessage><NationMessage>Reports suggest the presence of Neutral holdings/forces of the South Kingdom at 3423. </NationMessage></NationMessages></NationInfo><Nations><Nation ID="0">Unknown</Nation><Nation ID="1">North Kingdom</Nation><Nation ID="2">South Kingdom</Nation><Nation ID="3">Frost Men</Nation><Nation ID="4">Dustbighters</Nation><Nation ID="5">Aerithryn</Nation><Nation ID="6">Amestrians</Nation><Nation ID="7">Faux Meddle Aarmy</Nation><Nation ID="8">Twin Scorpions</Nation><Nation ID="9">Rhosgobel</Nation><Nation ID="10">Half-Orcs</Nation><Nation ID="11">Galadhrim</Nation><Nation ID="12">Drib Le Chin</Nation><Nation ID="13">Ull Navala</Nation><Nation ID="14">Farrely</Nation><Nation ID="15">Nacth Strum</Nation><Nation ID="16">Shadowborn</Nation><Nation ID="17">Heathen Kings</Nation><Nation ID="18">Vampiric Order</Nation><Nation ID="19">Scourge</Nation><Nation ID="20">Black Numenroeans</Nation><Nation ID="21">Enlightned Shadow</Nation><Nation ID="22">Fallen</Nation><Nation ID="23">Amun-Musa</Nation><Nation ID="24">Darokin</Nation><Nation ID="25">Karameikos</Nation></Nations></METurn>
