<METurn METURNVERSION="V2.0.2"><TurnInfo><GameNo>47</GameNo><TurnNo>32</TurnNo><NationNo>22</NationNo><GameType>Fourth Age, circa 1000</GameType><NationCapitalHex>1120</NationCapitalHex><DueDate>JANUARY 22 2013</DueDate><Secret>3755</Secret><Player>BRANDON FLETCH</Player><Account>110859</Account><NationEliminated>0</NationEliminated><Int>9A6D9968679899689564649E9C6F</Int></TurnInfo><Characters><Character ID="jesen"><Name>Jesen</Name><Location>1119</Location><Nation>22</Nation><Command>30</Command><TotalCommand>30</TotalCommand><Agent>0</Agent><TotalAgent>0</TotalAgent><Emmisary>0</Emmisary><TotalEmmisary>0</TotalEmmisary><Mage>0</Mage><TotalMage>0</TotalMage><Stealth>0</Stealth><TotalStealth>0</TotalStealth><Challenge>30</Challenge><Health>100</Health><Title></Title><InformationSource>0</InformationSource><Artifacts/><Spells/></Character><Character ID="arbit"><Name>Arbit</Name><Location>1120</Location><Nation>22</Nation><Command>0</Command><TotalCommand>0</TotalCommand><Agent>66</Agent><TotalAgent>66</TotalAgent><Emmisary>0</Emmisary><TotalEmmisary>0</TotalEmmisary><Mage>0</Mage><TotalMage>0</TotalMage><Stealth>0</Stealth><TotalStealth>0</TotalStealth><Challenge>49</Challenge><Health>100</Health><Title></Title><InformationSource>0</InformationSource><Artifacts/><Spells/></Character><Character ID="armit"><Name>Armit</Name><Location>1120</Location><Nation>22</Nation><Command>0</Command><TotalCommand>0</TotalCommand><Agent>49</Agent><TotalAgent>49</TotalAgent><Emmisary>0</Emmisary><TotalEmmisary>0</TotalEmmisary><Mage>0</Mage><TotalMage>0</TotalMage><Stealth>0</Stealth><TotalStealth>0</TotalStealth><Challenge>36</Challenge><Health>100</Health><Title></Title><InformationSource>0</InformationSource><Artifacts/><Spells/></Character><Character ID="baran"><Name>Baranor</Name><Location>1120</Location><Nation>22</Nation><Command>0</Command><TotalCommand>0</TotalCommand><Agent>0</Agent><TotalAgent>0</TotalAgent><Emmisary>0</Emmisary><TotalEmmisary>0</TotalEmmisary><Mage>53</Mage><TotalMage>53</TotalMage><Stealth>0</Stealth><TotalStealth>0</TotalStealth><Challenge>53</Challenge><Health>100</Health><Title></Title><InformationSource>0</InformationSource><Artifacts/><Spells><Spell>#102 Barriers(67)</Spell><Spell>#218 Wall of Wind(89)</Spell><Spell>#308 Capital Return(85)</Spell><Spell>#314 Teleport(65)</Spell><Spell>#416 Reveal Production(76)</Spell><Spell>#502 Weakness(85)</Spell><Spell>#508 Conjure Mounts(85)</Spell></Spells></Character><Character ID="del i"><Name>Del Imat</Name><Location>1120</Location><Nation>22</Nation><Command>0</Command><TotalCommand>0</TotalCommand><Agent>0</Agent><TotalAgent>0</TotalAgent><Emmisary>0</Emmisary><TotalEmmisary>0</TotalEmmisary><Mage>71</Mage><TotalMage>71</TotalMage><Stealth>0</Stealth><TotalStealth>0</TotalStealth><Challenge>71</Challenge><Health>68</Health><Title></Title><InformationSource>0</InformationSource><Artifacts/><Spells><Spell>#412 Research Artifact(88)</Spell><Spell>#418 Locate Artifact(77)</Spell><Spell>#428 Locate Artifact True(76)</Spell><Spell>#502 Weakness(100)</Spell><Spell>#508 Conjure Mounts(100)</Spell></Spells></Character><Character ID="fiora"><Name>Fioral</Name><Location>1120</Location><Nation>22</Nation><Command>0</Command><TotalCommand>0</TotalCommand><Agent>0</Agent><TotalAgent>0</TotalAgent><Emmisary>0</Emmisary><TotalEmmisary>0</TotalEmmisary><Mage>63</Mage><TotalMage>63</TotalMage><Stealth>0</Stealth><TotalStealth>0</TotalStealth><Challenge>63</Challenge><Health>100</Health><Title></Title><InformationSource>0</InformationSource><Artifacts/><Spells><Spell>#104 Resistances(100)</Spell><Spell>#216 Wild Winds(94)</Spell><Spell>#308 Capital Return(100)</Spell><Spell>#404 Perceive Relations(81)</Spell><Spell>#502 Weakness(83)</Spell><Spell>#508 Conjure Mounts(98)</Spell></Spells></Character><Character ID="fiore"><Name>Fiorel</Name><Location>1120</Location><Nation>22</Nation><Command>71</Command><TotalCommand>71</TotalCommand><Agent>70</Agent><TotalAgent>70</TotalAgent><Emmisary>0</Emmisary><TotalEmmisary>0</TotalEmmisary><Mage>0</Mage><TotalMage>0</TotalMage><Stealth>0</Stealth><TotalStealth>0</TotalStealth><Challenge>84</Challenge><Health>100</Health><Title></Title><InformationSource>0</InformationSource><Artifacts/><Spells/></Character><Character ID="fiori"><Name>Fioril</Name><Location>1120</Location><Nation>22</Nation><Command>0</Command><TotalCommand>0</TotalCommand><Agent>0</Agent><TotalAgent>0</TotalAgent><Emmisary>0</Emmisary><TotalEmmisary>0</TotalEmmisary><Mage>67</Mage><TotalMage>67</TotalMage><Stealth>0</Stealth><TotalStealth>0</TotalStealth><Challenge>87</Challenge><Health>97</Health><Title></Title><InformationSource>0</InformationSource><Artifacts><Artifact>#13 Morgurth</Artifact><Artifact>#15 Palantír of Minas Ithil</Artifact></Artifacts><Spells><Spell>#102 Barriers(79)</Spell><Spell>#206 Wall of Fire(84)</Spell><Spell>#308 Capital Return(74)</Spell><Spell>#412 Research Artifact(86)</Spell><Spell>#502 Weakness(97)</Spell><Spell>#508 Conjure Mounts(86)</Spell></Spells></Character><Character ID="hande"><Name>Handen</Name><Location>1120</Location><Nation>22</Nation><Command>0</Command><TotalCommand>0</TotalCommand><Agent>0</Agent><TotalAgent>0</TotalAgent><Emmisary>0</Emmisary><TotalEmmisary>0</TotalEmmisary><Mage>55</Mage><TotalMage>55</TotalMage><Stealth>0</Stealth><TotalStealth>0</TotalStealth><Challenge>55</Challenge><Health>100</Health><Title></Title><InformationSource>0</InformationSource><Artifacts/><Spells><Spell>#104 Resistances(71)</Spell><Spell>#206 Wall of Fire(100)</Spell><Spell>#302 Long Stride(98)</Spell><Spell>#406 Divine Army(100)</Spell><Spell>#502 Weakness(96)</Spell><Spell>#508 Conjure Mounts(100)</Spell></Spells></Character><Character ID="iarle"><Name>Iarless</Name><Location>1120</Location><Nation>22</Nation><Command>38</Command><TotalCommand>38</TotalCommand><Agent>0</Agent><TotalAgent>0</TotalAgent><Emmisary>0</Emmisary><TotalEmmisary>0</TotalEmmisary><Mage>0</Mage><TotalMage>0</TotalMage><Stealth>0</Stealth><TotalStealth>0</TotalStealth><Challenge>38</Challenge><Health>100</Health><Title></Title><InformationSource>0</InformationSource><Artifacts/><Spells/></Character><Character ID="izain"><Name>Izainson</Name><Location>1120</Location><Nation>22</Nation><Command>0</Command><TotalCommand>0</TotalCommand><Agent>0</Agent><TotalAgent>0</TotalAgent><Emmisary>0</Emmisary><TotalEmmisary>0</TotalEmmisary><Mage>73</Mage><TotalMage>128</TotalMage><Stealth>0</Stealth><TotalStealth>0</TotalStealth><Challenge>128</Challenge><Health>100</Health><Title></Title><InformationSource>0</InformationSource><Artifacts><Artifact>#44 Staff of Earthmastery</Artifact><Artifact>#60 Thôlogaer Ciryatano</Artifact></Artifacts><Spells><Spell>#104 Resistances(68)</Spell><Spell>#214 Call Winds(83)</Spell><Spell>#302 Long Stride(66)</Spell><Spell>#406 Divine Army(84)</Spell><Spell>#412 Research Artifact(100)</Spell><Spell>#502 Weakness(100)</Spell><Spell>#506 Curses(52)</Spell><Spell>#508 Conjure Mounts(100)</Spell></Spells></Character><Character ID="megli"><Name>Meglivorn</Name><Location>1120</Location><Nation>22</Nation><Command>30</Command><TotalCommand>30</TotalCommand><Agent>0</Agent><TotalAgent>0</TotalAgent><Emmisary>0</Emmisary><TotalEmmisary>0</TotalEmmisary><Mage>0</Mage><TotalMage>0</TotalMage><Stealth>0</Stealth><TotalStealth>0</TotalStealth><Challenge>30</Challenge><Health>100</Health><BonusHeal/><Title></Title><InformationSource>0</InformationSource><Artifacts/><Spells/></Character><Character ID="ortra"><Name>Ortrane</Name><Location>1120</Location><Nation>22</Nation><Command>39</Command><TotalCommand>39</TotalCommand><Agent>0</Agent><TotalAgent>0</TotalAgent><Emmisary>0</Emmisary><TotalEmmisary>0</TotalEmmisary><Mage>0</Mage><TotalMage>0</TotalMage><Stealth>0</Stealth><TotalStealth>0</TotalStealth><Challenge>39</Challenge><Health>100</Health><Title></Title><InformationSource>0</InformationSource><Artifacts/><Spells/></Character><Character ID="tarta"><Name>Tartas Izain</Name><Location>1120</Location><Nation>22</Nation><Command>0</Command><TotalCommand>0</TotalCommand><Agent>0</Agent><TotalAgent>0</TotalAgent><Emmisary>19</Emmisary><TotalEmmisary>19</TotalEmmisary><Mage>73</Mage><TotalMage>73</TotalMage><Stealth>0</Stealth><TotalStealth>0</TotalStealth><Challenge>75</Challenge><Health>56</Health><Title></Title><InformationSource>0</InformationSource><Artifacts/><Spells><Spell>#412 Research Artifact(72)</Spell><Spell>#416 Reveal Production(60)</Spell><Spell>#420 Reveal Character(58)</Spell><Spell>#430 Reveal Character True(82)</Spell><Spell>#502 Weakness(97)</Spell><Spell>#508 Conjure Mounts(100)</Spell></Spells></Character><Character ID="nedde"><Name>Neddet</Name><Location>1321</Location><Nation>22</Nation><Command>37</Command><TotalCommand>37</TotalCommand><Agent>0</Agent><TotalAgent>0</TotalAgent><Emmisary>0</Emmisary><TotalEmmisary>0</TotalEmmisary><Mage>0</Mage><TotalMage>0</TotalMage><Stealth>0</Stealth><TotalStealth>0</TotalStealth><Challenge>37</Challenge><Health>100</Health><Title></Title><InformationSource>0</InformationSource><Artifacts/><Spells/></Character><Character ID="a bal"><Name>A Balrog</Name><Location>1327</Location><Nation>0</Nation><Command>0</Command><TotalCommand>0</TotalCommand><Agent>0</Agent><TotalAgent>0</TotalAgent><Emmisary>0</Emmisary><TotalEmmisary>0</TotalEmmisary><Mage>0</Mage><TotalMage>0</TotalMage><Stealth>0</Stealth><TotalStealth>0</TotalStealth><Challenge>0</Challenge><Health>0</Health><Title></Title><InformationSource>2</InformationSource><Artifacts/><Spells/></Character><Character ID="dulis"><Name>Dulish</Name><Location>1422</Location><Nation>22</Nation><Command>73</Command><TotalCommand>73</TotalCommand><Agent>39</Agent><TotalAgent>39</TotalAgent><Emmisary>0</Emmisary><TotalEmmisary>0</TotalEmmisary><Mage>0</Mage><TotalMage>0</TotalMage><Stealth>0</Stealth><TotalStealth>0</TotalStealth><Challenge>80</Challenge><Health>100</Health><Title></Title><InformationSource>0</InformationSource><Artifacts/><Spells/></Character><Character ID="hedre"><Name>Hedren</Name><Location>1422</Location><Nation>22</Nation><Command>47</Command><TotalCommand>47</TotalCommand><Agent>0</Agent><TotalAgent>0</TotalAgent><Emmisary>0</Emmisary><TotalEmmisary>0</TotalEmmisary><Mage>0</Mage><TotalMage>0</TotalMage><Stealth>0</Stealth><TotalStealth>0</TotalStealth><Challenge>47</Challenge><Health>100</Health><Title></Title><InformationSource>0</InformationSource><Artifacts/><Spells/></Character><Character ID="hedra"><Name>Hedran</Name><Location>1718</Location><Nation>22</Nation><Command>0</Command><TotalCommand>0</TotalCommand><Agent>68</Agent><TotalAgent>68</TotalAgent><Emmisary>0</Emmisary><TotalEmmisary>0</TotalEmmisary><Mage>0</Mage><TotalMage>0</TotalMage><Stealth>0</Stealth><TotalStealth>0</TotalStealth><Challenge>51</Challenge><Health>100</Health><Title></Title><InformationSource>0</InformationSource><Artifacts/><Spells/></Character><Character ID="ablis"><Name>Ablish</Name><Location>2427</Location><Nation>22</Nation><Command>0</Command><TotalCommand>0</TotalCommand><Agent>0</Agent><TotalAgent>0</TotalAgent><Emmisary>81</Emmisary><TotalEmmisary>81</TotalEmmisary><Mage>0</Mage><TotalMage>0</TotalMage><Stealth>0</Stealth><TotalStealth>0</TotalStealth><Challenge>40</Challenge><Health>100</Health><Title></Title><InformationSource>0</InformationSource><Artifacts/><Spells/></Character><Character ID="lumba"><Name>Lumban</Name><Location>3806</Location><Nation>22</Nation><Command>51</Command><TotalCommand>51</TotalCommand><Agent>0</Agent><TotalAgent>0</TotalAgent><Emmisary>0</Emmisary><TotalEmmisary>0</TotalEmmisary><Mage>0</Mage><TotalMage>0</TotalMage><Stealth>0</Stealth><TotalStealth>0</TotalStealth><Challenge>51</Challenge><Health>100</Health><Title></Title><InformationSource>0</InformationSource><Artifacts><Artifact>#67 Maikarama</Artifact></Artifacts><Spells/></Character></Characters>
<Economy><Nation><ArmyMaint>20548</ArmyMaint><PopMaint>3750</PopMaint><CharMaint>25260</CharMaint><TotalMaint>49558</TotalMaint><TaxRate>59</TaxRate><Revenue>31755</Revenue><Surplus>-17803</Surplus><Reserve>21258</Reserve><TaxBase>21</TaxBase></Nation><Market><Product type="le"><BuyPrice>3</BuyPrice><SellPrice>1</SellPrice><MarketAvail>22657</MarketAvail><NationStores>786</NationStores><NationProduction>723</NationProduction></Product><Product type="br"><BuyPrice>3</BuyPrice><SellPrice>1</SellPrice><MarketAvail>28057</MarketAvail><NationStores>0</NationStores><NationProduction>0</NationProduction></Product><Product type="st"><BuyPrice>10</BuyPrice><SellPrice>4</SellPrice><MarketAvail>3650</MarketAvail><NationStores>144</NationStores><NationProduction>54</NationProduction></Product><Product type="mi"><BuyPrice>18</BuyPrice><SellPrice>8</SellPrice><MarketAvail>3918</MarketAvail><NationStores>140</NationStores><NationProduction>6</NationProduction></Product><Product type="fo"><BuyPrice>3</BuyPrice><SellPrice>1</SellPrice><MarketAvail>1954</MarketAvail><NationStores>7505</NationStores><NationProduction>3667</NationProduction></Product><Product type="ti"><BuyPrice>3</BuyPrice><SellPrice>1</SellPrice><MarketAvail>26292</MarketAvail><NationStores>1140</NationStores><NationProduction>380</NationProduction></Product><Product type="mo"><BuyPrice>15</BuyPrice><SellPrice>7</SellPrice><MarketAvail>1833</MarketAvail><NationStores>79</NationStores><NationProduction>79</NationProduction></Product></Market></Economy>
<PopCentres><PopCentre HexID="0713"><Name>Unknown (Map Icon)</Name><Nation>0</Nation><NationAllegience>0</NationAllegience><FortificationLevel>0</FortificationLevel><Size>5</Size><Dock>0</Dock><Capital>0</Capital><Loyalty>0</Loyalty><InformationSource>4</InformationSource><Hidden>0</Hidden></PopCentre><PopCentre HexID="0813"><Name>Unknown (Map Icon)</Name><Nation>0</Nation><NationAllegience>0</NationAllegience><FortificationLevel>0</FortificationLevel><Size>1</Size><Dock>0</Dock><Capital>0</Capital><Loyalty>0</Loyalty><InformationSource>4</InformationSource><Hidden>0</Hidden></PopCentre><PopCentre HexID="0814"><Name>Unknown (Map Icon)</Name><Nation>0</Nation><NationAllegience>0</NationAllegience><FortificationLevel>1</FortificationLevel><Size>1</Size><Dock>0</Dock><Capital>0</Capital><Loyalty>0</Loyalty><InformationSource>4</InformationSource><Hidden>0</Hidden></PopCentre><PopCentre HexID="1014"><Name>Unknown (Map Icon)</Name><Nation>0</Nation><NationAllegience>0</NationAllegience><FortificationLevel>0</FortificationLevel><Size>2</Size><Dock>0</Dock><Capital>0</Capital><Loyalty>0</Loyalty><InformationSource>4</InformationSource><Hidden>0</Hidden></PopCentre><PopCentre HexID="1119"><Name>Malduin</Name><Nation>22</Nation><NationAllegience>0</NationAllegience><FortificationLevel>0</FortificationLevel><Size>4</Size><Dock>1</Dock><Capital>0</Capital><Loyalty>44</Loyalty><InformationSource>1</InformationSource><Hidden>0</Hidden></PopCentre><PopCentre HexID="1120"><Name>Lost City</Name><Nation>22</Nation><NationAllegience>0</NationAllegience><FortificationLevel>2</FortificationLevel><Size>5</Size><Dock>0</Dock><Capital>1</Capital><Loyalty>75</Loyalty><InformationSource>1</InformationSource><Hidden>0</Hidden></PopCentre><PopCentre HexID="1202"><Name>Tumbalemorna</Name><Nation>22</Nation><NationAllegience>0</NationAllegience><FortificationLevel>0</FortificationLevel><Size>2</Size><Dock>0</Dock><Capital>0</Capital><Loyalty>30</Loyalty><InformationSource>1</InformationSource><Hidden>0</Hidden></PopCentre><PopCentre HexID="1219"><Name>Ûsakan</Name><Nation>22</Nation><NationAllegience>0</NationAllegience><FortificationLevel>1</FortificationLevel><Size>4</Size><Dock>0</Dock><Capital>0</Capital><Loyalty>62</Loyalty><InformationSource>1</InformationSource><Hidden>0</Hidden></PopCentre><PopCentre HexID="1320"><Name>Esgalduin</Name><Nation>22</Nation><NationAllegience>0</NationAllegience><FortificationLevel>0</FortificationLevel><Size>2</Size><Dock>0</Dock><Capital>0</Capital><Loyalty>42</Loyalty><InformationSource>1</InformationSource><Hidden>0</Hidden></PopCentre><PopCentre HexID="1321"><Name>Gorbana</Name><Nation>22</Nation><NationAllegience>0</NationAllegience><FortificationLevel>1</FortificationLevel><Size>5</Size><Dock>2</Dock><Capital>0</Capital><Loyalty>47</Loyalty><InformationSource>1</InformationSource><Hidden>0</Hidden></PopCentre><PopCentre HexID="1322"><Name>Unknown (Map Icon)</Name><Nation>0</Nation><NationAllegience>0</NationAllegience><FortificationLevel>1</FortificationLevel><Size>5</Size><Dock>0</Dock><Capital>0</Capital><Loyalty>0</Loyalty><InformationSource>4</InformationSource><Hidden>0</Hidden></PopCentre><PopCentre HexID="1324"><Name>Unknown (Map Icon)</Name><Nation>0</Nation><NationAllegience>0</NationAllegience><FortificationLevel>2</FortificationLevel><Size>5</Size><Dock>0</Dock><Capital>0</Capital><Loyalty>0</Loyalty><InformationSource>4</InformationSource><Hidden>0</Hidden></PopCentre><PopCentre HexID="1327"><Name>Tyalangan</Name><Nation>22</Nation><NationAllegience>0</NationAllegience><FortificationLevel>0</FortificationLevel><Size>1</Size><Dock>0</Dock><Capital>0</Capital><Loyalty>39</Loyalty><InformationSource>1</InformationSource><Hidden>0</Hidden></PopCentre><PopCentre HexID="1418"><Name>Brinwood</Name><Nation>22</Nation><NationAllegience>0</NationAllegience><FortificationLevel>0</FortificationLevel><Size>1</Size><Dock>0</Dock><Capital>0</Capital><Loyalty>32</Loyalty><InformationSource>1</InformationSource><Hidden>0</Hidden></PopCentre><PopCentre HexID="1423"><Name>Unknown (Map Icon)</Name><Nation>0</Nation><NationAllegience>0</NationAllegience><FortificationLevel>0</FortificationLevel><Size>4</Size><Dock>0</Dock><Capital>0</Capital><Loyalty>0</Loyalty><InformationSource>4</InformationSource><Hidden>0</Hidden></PopCentre><PopCentre HexID="1424"><Name>Unknown (Map Icon)</Name><Nation>0</Nation><NationAllegience>0</NationAllegience><FortificationLevel>0</FortificationLevel><Size>2</Size><Dock>0</Dock><Capital>0</Capital><Loyalty>0</Loyalty><InformationSource>4</InformationSource><Hidden>0</Hidden></PopCentre><PopCentre HexID="1513"><Name>Unknown (Map Icon)</Name><Nation>0</Nation><NationAllegience>0</NationAllegience><FortificationLevel>0</FortificationLevel><Size>4</Size><Dock>0</Dock><Capital>0</Capital><Loyalty>0</Loyalty><InformationSource>4</InformationSource><Hidden>0</Hidden></PopCentre><PopCentre HexID="1614"><Name>Dannedhir</Name><Nation>22</Nation><NationAllegience>0</NationAllegience><FortificationLevel>0</FortificationLevel><Size>3</Size><Dock>0</Dock><Capital>0</Capital><Loyalty>24</Loyalty><InformationSource>1</InformationSource><Hidden>0</Hidden></PopCentre><PopCentre HexID="1718"><Name>Arcadia</Name><Nation>1</Nation><NationAllegience>0</NationAllegience><FortificationLevel>0</FortificationLevel><Size>4</Size><Dock>0</Dock><Capital>0</Capital><Loyalty>0</Loyalty><InformationSource>3</InformationSource><Hidden>0</Hidden></PopCentre><PopCentre HexID="1726"><Name>Thara-pata</Name><Nation>22</Nation><NationAllegience>0</NationAllegience><FortificationLevel>0</FortificationLevel><Size>2</Size><Dock>0</Dock><Capital>0</Capital><Loyalty>35</Loyalty><InformationSource>1</InformationSource><Hidden>0</Hidden></PopCentre><PopCentre HexID="2427"><Name>Carcomy</Name><Nation>3</Nation><NationAllegience>0</NationAllegience><FortificationLevel>3</FortificationLevel><Size>5</Size><Dock>0</Dock><Capital>0</Capital><Loyalty>0</Loyalty><InformationSource>3</InformationSource><Hidden>0</Hidden></PopCentre><PopCentre HexID="2801"><Name>Axman Waste</Name><Nation>22</Nation><NationAllegience>0</NationAllegience><FortificationLevel>0</FortificationLevel><Size>2</Size><Dock>0</Dock><Capital>0</Capital><Loyalty>17</Loyalty><InformationSource>1</InformationSource><Hidden>0</Hidden></PopCentre><PopCentre HexID="2901"><Name>Black Ice</Name><Nation>22</Nation><NationAllegience>0</NationAllegience><FortificationLevel>2</FortificationLevel><Size>2</Size><Dock>0</Dock><Capital>0</Capital><Loyalty>18</Loyalty><InformationSource>1</InformationSource><Hidden>0</Hidden></PopCentre><PopCentre HexID="3806"><Name>Hillium</Name><Nation>8</Nation><NationAllegience>0</NationAllegience><FortificationLevel>0</FortificationLevel><Size>3</Size><Dock>0</Dock><Capital>0</Capital><Loyalty>0</Loyalty><InformationSource>3</InformationSource><Hidden>0</Hidden></PopCentre></PopCentres><Armies><Army HexID="1119"><Nation>22</Nation><NationAllegience>0</NationAllegience><Size>3</Size><TroopCount>1700</TroopCount><Commander>Jesen</Commander><CommanderTitle>Commander</CommanderTitle><ExtraInfo>1700HI</ExtraInfo><Navy>0</Navy><InformationSource>1</InformationSource><CharsTravellingWith></CharsTravellingWith></Army><Army HexID="1119"><Nation>0</Nation><NationAllegience>3</NationAllegience><Size>0</Size><TroopCount>0</TroopCount><Commander>Unknown (Map Icon)</Commander><CommanderTitle></CommanderTitle><ExtraInfo></ExtraInfo><Navy>0</Navy><InformationSource>4</InformationSource><CharsTravellingWith></CharsTravellingWith></Army><Army HexID="1120"><Nation>22</Nation><NationAllegience>0</NationAllegience><Size>3</Size><TroopCount>1100</TroopCount><Commander>Ortrane</Commander><CommanderTitle>Commander</CommanderTitle><ExtraInfo>1100HI</ExtraInfo><Navy>0</Navy><InformationSource>1</InformationSource><CharsTravellingWith></CharsTravellingWith></Army><Army HexID="1120"><Nation>0</Nation><NationAllegience>3</NationAllegience><Size>0</Size><TroopCount>0</TroopCount><Commander>Unknown (Map Icon)</Commander><CommanderTitle></CommanderTitle><ExtraInfo></ExtraInfo><Navy>0</Navy><InformationSource>4</InformationSource><CharsTravellingWith></CharsTravellingWith></Army><Army HexID="1321"><Nation>22</Nation><NationAllegience>0</NationAllegience><Size>2</Size><TroopCount>500</TroopCount><Commander>Neddet</Commander><CommanderTitle>Commander</CommanderTitle><ExtraInfo>500HI</ExtraInfo><Navy>0</Navy><InformationSource>1</InformationSource><CharsTravellingWith></CharsTravellingWith></Army><Army HexID="1321"><Nation>3</Nation><NationAllegience>0</NationAllegience><Size>5</Size><TroopCount>0</TroopCount><Commander>Sirianna</Commander><CommanderTitle>Commander</CommanderTitle><ExtraInfo></ExtraInfo><Navy>1</Navy><InformationSource>3</InformationSource><CharsTravellingWith></CharsTravellingWith></Army><Army HexID="1321"><Nation>0</Nation><NationAllegience>3</NationAllegience><Size>0</Size><TroopCount>0</TroopCount><Commander>Unknown (Map Icon)</Commander><CommanderTitle></CommanderTitle><ExtraInfo></ExtraInfo><Navy>0</Navy><InformationSource>4</InformationSource><CharsTravellingWith></CharsTravellingWith></Army><Army HexID="1321"><Nation>0</Nation><NationAllegience>1</NationAllegience><Size>0</Size><TroopCount>0</TroopCount><Commander>Unknown (Map Icon)</Commander><CommanderTitle></CommanderTitle><ExtraInfo></ExtraInfo><Navy>0</Navy><InformationSource>4</InformationSource><CharsTravellingWith></CharsTravellingWith></Army><Army HexID="1322"><Nation>0</Nation><NationAllegience>3</NationAllegience><Size>0</Size><TroopCount>0</TroopCount><Commander>Unknown (Map Icon)</Commander><CommanderTitle></CommanderTitle><ExtraInfo></ExtraInfo><Navy>0</Navy><InformationSource>4</InformationSource><CharsTravellingWith></CharsTravellingWith></Army><Army HexID="1324"><Nation>0</Nation><NationAllegience>3</NationAllegience><Size>0</Size><TroopCount>0</TroopCount><Commander>Unknown (Map Icon)</Commander><CommanderTitle></CommanderTitle><ExtraInfo></ExtraInfo><Navy>0</Navy><InformationSource>4</InformationSource><CharsTravellingWith></CharsTravellingWith></Army><Army HexID="1417"><Nation>0</Nation><NationAllegience>3</NationAllegience><Size>0</Size><TroopCount>0</TroopCount><Commander>Unknown (Map Icon)</Commander><CommanderTitle></CommanderTitle><ExtraInfo></ExtraInfo><Navy>0</Navy><InformationSource>4</InformationSource><CharsTravellingWith></CharsTravellingWith></Army><Army HexID="1422"><Nation>22</Nation><NationAllegience>0</NationAllegience><Size>0</Size><TroopCount>496</TroopCount><Commander>Hedren</Commander><CommanderTitle>Captain</CommanderTitle><ExtraInfo>496HI</ExtraInfo><Navy>0</Navy><InformationSource>1</InformationSource><CharsTravellingWith></CharsTravellingWith></Army><Army HexID="1422"><Nation>0</Nation><NationAllegience>3</NationAllegience><Size>0</Size><TroopCount>0</TroopCount><Commander>Unknown (Map Icon)</Commander><CommanderTitle></CommanderTitle><ExtraInfo></ExtraInfo><Navy>0</Navy><InformationSource>4</InformationSource><CharsTravellingWith></CharsTravellingWith></Army><Army HexID="1519"><Nation>0</Nation><NationAllegience>1</NationAllegience><Size>0</Size><TroopCount>0</TroopCount><Commander>Unknown (Map Icon)</Commander><CommanderTitle></CommanderTitle><ExtraInfo></ExtraInfo><Navy>0</Navy><InformationSource>4</InformationSource><CharsTravellingWith></CharsTravellingWith></Army><Army HexID="1521"><Nation>0</Nation><NationAllegience>3</NationAllegience><Size>0</Size><TroopCount>0</TroopCount><Commander>Unknown (Map Icon)</Commander><CommanderTitle></CommanderTitle><ExtraInfo></ExtraInfo><Navy>0</Navy><InformationSource>4</InformationSource><CharsTravellingWith></CharsTravellingWith></Army><Army HexID="3806"><Nation>22</Nation><NationAllegience>0</NationAllegience><Size>0</Size><TroopCount>894</TroopCount><Commander>Lumban</Commander><CommanderTitle>Lord</CommanderTitle><ExtraInfo>894HC</ExtraInfo><Navy>0</Navy><InformationSource>1</InformationSource><CharsTravellingWith></CharsTravellingWith></Army><Army HexID="3806"><Nation>0</Nation><NationAllegience>3</NationAllegience><Size>0</Size><TroopCount>0</TroopCount><Commander>Unknown (Map Icon)</Commander><CommanderTitle></CommanderTitle><ExtraInfo></ExtraInfo><Navy>0</Navy><InformationSource>4</InformationSource><CharsTravellingWith></CharsTravellingWith></Army></Armies><NationInfo><EmptyPopHexes HexIDList="0714,0715,0716,0717,0718,0719,0720,0721,0722,0723,0724,0725,0815,0816,0817,0818,0819,0820,0821,0822,0823,0824,0825,0913,0914,0915,0916,0917,0918,0919,0920,0921,0922,0923,0924,0925,1013,1015,1016,1017,1018,1019,1020,1021,1022,1023,1024,1025,1113,1114,1115,1116,1117,1118,1121,1122,1123,1124,1125,1213,1214,1215,1216,1217,1218,1220,1221,1222,1223,1224,1225,1313,1314,1315,1316,1317,1318,1319,1323,1325,1413,1414,1415,1416,1417,1419,1420,1421,1422,1425,1515,1517,1519,1521,1523,1525,3706,3805,3807,3905,3906,3907"/><PopHexes HexIDList="0713,0813,0814,1014,1119,1120,1219,1320,1321,1322,1324,1418,1423,1424,1513,3806"/><NationMessages><NationMessage>There are rumors of an armed conflict involving the Riverlands at 1817. </NationMessage><NationMessage>Local militia spotted Bauglir at Gorbana and thwarted his mission. </NationMessage><NationMessage>2100 Gold was stolen at Gorbana. </NationMessage><NationMessage>There are rumors of a theft attempt involving Janina at Gorbana. </NationMessage></NationMessages></NationInfo><Nations><Nation ID="0">Unknown</Nation><Nation ID="1">North Kingdom</Nation><Nation ID="2">South Kingdom</Nation><Nation ID="3">Duaron</Nation><Nation ID="4">Stonekeep's Watch</Nation><Nation ID="5">Wardens</Nation><Nation ID="6">Nurn Freeholders</Nation><Nation ID="7">Daloriennes</Nation><Nation ID="8">Vallian</Nation><Nation ID="9">Esgal Edhel</Nation><Nation ID="10">Beogrim</Nation><Nation ID="11">Dothraki</Nation><Nation ID="12">Hastily Patient</Nation><Nation ID="13">Haven's Bane</Nation><Nation ID="14">Unseeing Eye</Nation><Nation ID="15">Gondimarim</Nation><Nation ID="16">Isteroth Kingdom</Nation><Nation ID="17">Clavero</Nation><Nation ID="18">Cechove</Nation><Nation ID="19">Tsalagi</Nation><Nation ID="20">Corsairs</Nation><Nation ID="21">Nothraman</Nation><Nation ID="22">Eriadorian</Nation><Nation ID="23">Shadow Crew</Nation><Nation ID="24">Riverlands</Nation><Nation ID="25">Deepwood Rangers</Nation></Nations></METurn>
