<METurn METURNVERSION="V2.0.2"><TurnInfo><GameNo>141</GameNo><TurnNo>31</TurnNo><NationNo>22</NationNo><GameType>Fourth Age, circa 1000</GameType><NationCapitalHex>4112</NationCapitalHex><DueDate>DECEMBER 15 2013</DueDate><Secret>5477</Secret><Player>EUGENIO RUGGERIO</Player><Account>109721</Account><NationEliminated>0</NationEliminated><Int>9C6A9B6A6797996895636D9D9967</Int></TurnInfo><Characters><Character ID="nick "><Name>Nick Cave</Name><Location>0608</Location><Nation>22</Nation><Command>36</Command><TotalCommand>36</TotalCommand><Agent>0</Agent><TotalAgent>0</TotalAgent><Emmisary>95</Emmisary><TotalEmmisary>95</TotalEmmisary><Mage>0</Mage><TotalMage>0</TotalMage><Stealth>0</Stealth><TotalStealth>0</TotalStealth><Challenge>56</Challenge><Health>100</Health><Title></Title><InformationSource>0</InformationSource><Artifacts/><Spells/></Character><Character ID="lynyr"><Name>Lynyrd Skynyrd</Name><Location>2122</Location><Nation>22</Nation><Command>0</Command><TotalCommand>0</TotalCommand><Agent>74</Agent><TotalAgent>74</TotalAgent><Emmisary>0</Emmisary><TotalEmmisary>0</TotalEmmisary><Mage>0</Mage><TotalMage>0</TotalMage><Stealth>0</Stealth><TotalStealth>0</TotalStealth><Challenge>55</Challenge><Health>100</Health><Title></Title><InformationSource>0</InformationSource><Artifacts/><Spells/></Character><Character ID="lady "><Name>Lady Gaga</Name><Location>2209</Location><Nation>22</Nation><Command>10</Command><TotalCommand>10</TotalCommand><Agent>0</Agent><TotalAgent>0</TotalAgent><Emmisary>89</Emmisary><TotalEmmisary>89</TotalEmmisary><Mage>0</Mage><TotalMage>0</TotalMage><Stealth>0</Stealth><TotalStealth>0</TotalStealth><Challenge>46</Challenge><Health>100</Health><Title></Title><InformationSource>0</InformationSource><Artifacts/><Spells/></Character><Character ID="huyna"><Name>Huyna</Name><Location>2212</Location><Nation>22</Nation><Command>0</Command><TotalCommand>0</TotalCommand><Agent>95</Agent><TotalAgent>95</TotalAgent><Emmisary>0</Emmisary><TotalEmmisary>0</TotalEmmisary><Mage>0</Mage><TotalMage>0</TotalMage><Stealth>0</Stealth><TotalStealth>0</TotalStealth><Challenge>71</Challenge><Health>100</Health><Title></Title><InformationSource>0</InformationSource><Artifacts/><Spells/></Character><Character ID="kesha"><Name>Kesha</Name><Location>2212</Location><Nation>22</Nation><Command>0</Command><TotalCommand>0</TotalCommand><Agent>88</Agent><TotalAgent>123</TotalAgent><Emmisary>0</Emmisary><TotalEmmisary>0</TotalEmmisary><Mage>0</Mage><TotalMage>0</TotalMage><Stealth>26</Stealth><TotalStealth>26</TotalStealth><Challenge>107</Challenge><Health>100</Health><Title></Title><InformationSource>0</InformationSource><Artifacts><Artifact>#11 Maikarama</Artifact><Artifact>#58 Vasamacil</Artifact><Artifact>#176 Ring of Wind</Artifact></Artifacts><Spells/></Character><Character ID="madon"><Name>Madonna</Name><Location>3030</Location><Nation>22</Nation><Command>0</Command><TotalCommand>0</TotalCommand><Agent>40</Agent><TotalAgent>40</TotalAgent><Emmisary>0</Emmisary><TotalEmmisary>0</TotalEmmisary><Mage>0</Mage><TotalMage>0</TotalMage><Stealth>0</Stealth><TotalStealth>0</TotalStealth><Challenge>30</Challenge><Health>15</Health><Title></Title><InformationSource>0</InformationSource><Artifacts/><Spells/></Character><Character ID="brego"><Name>Bregolas</Name><Location>3217</Location><Nation>22</Nation><Command>10</Command><TotalCommand>10</TotalCommand><Agent>44</Agent><TotalAgent>74</TotalAgent><Emmisary>0</Emmisary><TotalEmmisary>0</TotalEmmisary><Mage>0</Mage><TotalMage>0</TotalMage><Stealth>30</Stealth><TotalStealth>30</TotalStealth><Challenge>102</Challenge><Health>100</Health><Title></Title><InformationSource>0</InformationSource><Artifacts><Artifact>#23 Ring of Impersonation</Artifact><Artifact>#45 E Mere Vardo</Artifact><Artifact>#51 Orcruin</Artifact><Artifact>#65 Moon-axe</Artifact></Artifacts><Spells/></Character><Character ID="de gr"><Name>De Gregori</Name><Location>3707</Location><Nation>22</Nation><Command>0</Command><TotalCommand>0</TotalCommand><Agent>70</Agent><TotalAgent>70</TotalAgent><Emmisary>0</Emmisary><TotalEmmisary>0</TotalEmmisary><Mage>0</Mage><TotalMage>0</TotalMage><Stealth>0</Stealth><TotalStealth>0</TotalStealth><Challenge>52</Challenge><Health>100</Health><Title></Title><InformationSource>0</InformationSource><Artifacts/><Spells/></Character><Character ID="ludov"><Name>Ludovico Einaudi</Name><Location>3707</Location><Nation>22</Nation><Command>73</Command><TotalCommand>73</TotalCommand><Agent>0</Agent><TotalAgent>0</TotalAgent><Emmisary>0</Emmisary><TotalEmmisary>0</TotalEmmisary><Mage>65</Mage><TotalMage>65</TotalMage><Stealth>0</Stealth><TotalStealth>0</TotalStealth><Challenge>109</Challenge><Health>100</Health><Title></Title><InformationSource>0</InformationSource><Artifacts><Artifact>#92 Skull Flail</Artifact></Artifacts><Spells><Spell>#102 Barriers(95)</Spell><Spell>#106 Deflections(78)</Spell><Spell>#412 Research Artifact(82)</Spell><Spell>#418 Locate Artifact(96)</Spell><Spell>#510 Conjure Food(74)</Spell></Spells></Character><Character ID="tarja"><Name>Tarja Turunen</Name><Location>3929</Location><Nation>22</Nation><Command>0</Command><TotalCommand>0</TotalCommand><Agent>83</Agent><TotalAgent>83</TotalAgent><Emmisary>0</Emmisary><TotalEmmisary>0</TotalEmmisary><Mage>0</Mage><TotalMage>0</TotalMage><Stealth>0</Stealth><TotalStealth>0</TotalStealth><Challenge>62</Challenge><Health>100</Health><Title></Title><InformationSource>0</InformationSource><Artifacts/><Spells/></Character><Character ID="beyon"><Name>Beyonce Knowles</Name><Location>4112</Location><Nation>22</Nation><Command>44</Command><TotalCommand>44</TotalCommand><Agent>53</Agent><TotalAgent>53</TotalAgent><Emmisary>0</Emmisary><TotalEmmisary>0</TotalEmmisary><Mage>55</Mage><TotalMage>55</TotalMage><Stealth>0</Stealth><TotalStealth>0</TotalStealth><Challenge>75</Challenge><Health>100</Health><Title></Title><InformationSource>0</InformationSource><Artifacts/><Spells><Spell>#102 Barriers(64)</Spell><Spell>#404 Perceive Relations(69)</Spell><Spell>#412 Research Artifact(85)</Spell><Spell>#414 Scry Hex(87)</Spell><Spell>#415 Scry Area(94)</Spell><Spell>#418 Locate Artifact(82)</Spell><Spell>#510 Conjure Food(84)</Spell></Spells></Character><Character ID="marhw"><Name>Marhwini</Name><Location>4112</Location><Nation>22</Nation><Command>0</Command><TotalCommand>0</TotalCommand><Agent>40</Agent><TotalAgent>40</TotalAgent><Emmisary>0</Emmisary><TotalEmmisary>0</TotalEmmisary><Mage>0</Mage><TotalMage>0</TotalMage><Stealth>0</Stealth><TotalStealth>0</TotalStealth><Challenge>30</Challenge><Health>100</Health><Title></Title><InformationSource>0</InformationSource><Artifacts/><Spells/></Character><Character ID="dolce"><Name>Dolce Nera</Name><Location>4334</Location><Nation>22</Nation><Command>0</Command><TotalCommand>0</TotalCommand><Agent>84</Agent><TotalAgent>84</TotalAgent><Emmisary>0</Emmisary><TotalEmmisary>0</TotalEmmisary><Mage>0</Mage><TotalMage>0</TotalMage><Stealth>0</Stealth><TotalStealth>0</TotalStealth><Challenge>63</Challenge><Health>100</Health><Title></Title><InformationSource>0</InformationSource><Artifacts/><Spells/></Character><Character ID="elio "><Name>Elio</Name><Location>4334</Location><Nation>22</Nation><Command>0</Command><TotalCommand>0</TotalCommand><Agent>70</Agent><TotalAgent>70</TotalAgent><Emmisary>0</Emmisary><TotalEmmisary>0</TotalEmmisary><Mage>0</Mage><TotalMage>0</TotalMage><Stealth>0</Stealth><TotalStealth>0</TotalStealth><Challenge>52</Challenge><Health>100</Health><Title></Title><InformationSource>0</InformationSource><Artifacts><Artifact>#74 Belt of Durin</Artifact></Artifacts><Spells/></Character><Character ID="john "><Name>John Miles</Name><Location>4334</Location><Nation>22</Nation><Command>68</Command><TotalCommand>83</TotalCommand><Agent>0</Agent><TotalAgent>0</TotalAgent><Emmisary>63</Emmisary><TotalEmmisary>63</TotalEmmisary><Mage>0</Mage><TotalMage>0</TotalMage><Stealth>0</Stealth><TotalStealth>0</TotalStealth><Challenge>90</Challenge><Health>100</Health><Title></Title><InformationSource>0</InformationSource><Artifacts><Artifact>#211 Foam-light</Artifact></Artifacts><Spells/></Character><Character ID="fredd"><Name>Freddie Mercury</Name><Location>4433</Location><Nation>22</Nation><Command>0</Command><TotalCommand>0</TotalCommand><Agent>97</Agent><TotalAgent>97</TotalAgent><Emmisary>0</Emmisary><TotalEmmisary>0</TotalEmmisary><Mage>0</Mage><TotalMage>0</TotalMage><Stealth>30</Stealth><TotalStealth>30</TotalStealth><Challenge>72</Challenge><Health>100</Health><Title></Title><InformationSource>0</InformationSource><Artifacts><Artifact>#163 Voice of the Dark Tower</Artifact></Artifacts><Spells/></Character><Character ID="vasco"><Name>Vasco</Name><Location>4433</Location><Nation>22</Nation><Command>0</Command><TotalCommand>0</TotalCommand><Agent>87</Agent><TotalAgent>97</TotalAgent><Emmisary>0</Emmisary><TotalEmmisary>0</TotalEmmisary><Mage>0</Mage><TotalMage>0</TotalMage><Stealth>24</Stealth><TotalStealth>24</TotalStealth><Challenge>72</Challenge><Health>100</Health><Title></Title><InformationSource>0</InformationSource><Artifacts><Artifact>#53 Listening Helm</Artifact></Artifacts><Spells/></Character></Characters>
<Economy><Nation><ArmyMaint>11104</ArmyMaint><PopMaint>7500</PopMaint><CharMaint>30660</CharMaint><TotalMaint>49264</TotalMaint><TaxRate>60</TaxRate><Revenue>45510</Revenue><Surplus>-3754</Surplus><Reserve>3396</Reserve><TaxBase>25</TaxBase></Nation><Market><Product type="le"><BuyPrice>3</BuyPrice><SellPrice>2</SellPrice><MarketAvail>19131</MarketAvail><NationStores>2466</NationStores><NationProduction>522</NationProduction></Product><Product type="br"><BuyPrice>3</BuyPrice><SellPrice>2</SellPrice><MarketAvail>29442</MarketAvail><NationStores>3043</NationStores><NationProduction>222</NationProduction></Product><Product type="st"><BuyPrice>4</BuyPrice><SellPrice>2</SellPrice><MarketAvail>11830</MarketAvail><NationStores>1164</NationStores><NationProduction>388</NationProduction></Product><Product type="mi"><BuyPrice>16</BuyPrice><SellPrice>9</SellPrice><MarketAvail>2721</MarketAvail><NationStores>537</NationStores><NationProduction>73</NationProduction></Product><Product type="fo"><BuyPrice>2</BuyPrice><SellPrice>1</SellPrice><MarketAvail>273972</MarketAvail><NationStores>8010</NationStores><NationProduction>4246</NationProduction></Product><Product type="ti"><BuyPrice>3</BuyPrice><SellPrice>2</SellPrice><MarketAvail>22967</MarketAvail><NationStores>11368</NationStores><NationProduction>1221</NationProduction></Product><Product type="mo"><BuyPrice>8</BuyPrice><SellPrice>5</SellPrice><MarketAvail>3936</MarketAvail><NationStores>807</NationStores><NationProduction>59</NationProduction></Product></Market></Economy>
<PopCentres><PopCentre HexID="0608"><Name>Lisgardh</Name><Nation>1</Nation><NationAllegience>0</NationAllegience><FortificationLevel>0</FortificationLevel><Size>2</Size><Dock>0</Dock><Capital>0</Capital><Loyalty>0</Loyalty><InformationSource>3</InformationSource><Hidden>0</Hidden></PopCentre><PopCentre HexID="0913"><Name>Gaspareaux</Name><Nation>22</Nation><NationAllegience>0</NationAllegience><FortificationLevel>0</FortificationLevel><Size>2</Size><Dock>0</Dock><Capital>0</Capital><Loyalty>61</Loyalty><InformationSource>1</InformationSource><Hidden>0</Hidden></PopCentre><PopCentre HexID="2122"><Name>Tempakhor</Name><Nation>13</Nation><NationAllegience>0</NationAllegience><FortificationLevel>0</FortificationLevel><Size>5</Size><Dock>0</Dock><Capital>0</Capital><Loyalty>0</Loyalty><InformationSource>3</InformationSource><Hidden>0</Hidden></PopCentre><PopCentre HexID="2209"><Name>Imladris</Name><Nation>20</Nation><NationAllegience>0</NationAllegience><FortificationLevel>2</FortificationLevel><Size>3</Size><Dock>0</Dock><Capital>0</Capital><Loyalty>0</Loyalty><InformationSource>3</InformationSource><Hidden>0</Hidden></PopCentre><PopCentre HexID="2212"><Name>Moria</Name><Nation>14</Nation><NationAllegience>0</NationAllegience><FortificationLevel>1</FortificationLevel><Size>4</Size><Dock>0</Dock><Capital>0</Capital><Loyalty>0</Loyalty><InformationSource>3</InformationSource><Hidden>0</Hidden></PopCentre><PopCentre HexID="2219"><Name>Lookout</Name><Nation>22</Nation><NationAllegience>0</NationAllegience><FortificationLevel>0</FortificationLevel><Size>1</Size><Dock>0</Dock><Capital>0</Capital><Loyalty>26</Loyalty><InformationSource>1</InformationSource><Hidden>0</Hidden></PopCentre><PopCentre HexID="2409"><Name>Hellgate</Name><Nation>22</Nation><NationAllegience>0</NationAllegience><FortificationLevel>2</FortificationLevel><Size>3</Size><Dock>0</Dock><Capital>0</Capital><Loyalty>52</Loyalty><InformationSource>1</InformationSource><Hidden>0</Hidden></PopCentre><PopCentre HexID="3030"><Name>Karbûkan</Name><Nation>18</Nation><NationAllegience>0</NationAllegience><FortificationLevel>1</FortificationLevel><Size>3</Size><Dock>0</Dock><Capital>0</Capital><Loyalty>0</Loyalty><InformationSource>3</InformationSource><Hidden>0</Hidden></PopCentre><PopCentre HexID="3321"><Name>Ampano</Name><Nation>22</Nation><NationAllegience>0</NationAllegience><FortificationLevel>0</FortificationLevel><Size>1</Size><Dock>0</Dock><Capital>0</Capital><Loyalty>33</Loyalty><InformationSource>1</InformationSource><Hidden>0</Hidden></PopCentre><PopCentre HexID="3326"><Name>Bad Romance</Name><Nation>22</Nation><NationAllegience>0</NationAllegience><FortificationLevel>0</FortificationLevel><Size>1</Size><Dock>0</Dock><Capital>0</Capital><Loyalty>19</Loyalty><InformationSource>1</InformationSource><Hidden>0</Hidden></PopCentre><PopCentre HexID="3422"><Name>Lolituma</Name><Nation>22</Nation><NationAllegience>0</NationAllegience><FortificationLevel>0</FortificationLevel><Size>1</Size><Dock>0</Dock><Capital>0</Capital><Loyalty>28</Loyalty><InformationSource>1</InformationSource><Hidden>0</Hidden></PopCentre><PopCentre HexID="3607"><Name>Unknown (Map Icon)</Name><Nation>0</Nation><NationAllegience>0</NationAllegience><FortificationLevel>0</FortificationLevel><Size>2</Size><Dock>0</Dock><Capital>0</Capital><Loyalty>0</Loyalty><InformationSource>4</InformationSource><Hidden>0</Hidden></PopCentre><PopCentre HexID="3612"><Name>Unknown (Map Icon)</Name><Nation>0</Nation><NationAllegience>0</NationAllegience><FortificationLevel>1</FortificationLevel><Size>3</Size><Dock>1</Dock><Capital>0</Capital><Loyalty>0</Loyalty><InformationSource>4</InformationSource><Hidden>0</Hidden></PopCentre><PopCentre HexID="3707"><Name>Trannel</Name><Nation>14</Nation><NationAllegience>0</NationAllegience><FortificationLevel>0</FortificationLevel><Size>3</Size><Dock>0</Dock><Capital>0</Capital><Loyalty>0</Loyalty><InformationSource>3</InformationSource><Hidden>0</Hidden></PopCentre><PopCentre HexID="3708"><Name>Unknown (Map Icon)</Name><Nation>0</Nation><NationAllegience>0</NationAllegience><FortificationLevel>0</FortificationLevel><Size>2</Size><Dock>0</Dock><Capital>0</Capital><Loyalty>0</Loyalty><InformationSource>4</InformationSource><Hidden>0</Hidden></PopCentre><PopCentre HexID="3711"><Name>Unknown (Map Icon)</Name><Nation>0</Nation><NationAllegience>0</NationAllegience><FortificationLevel>1</FortificationLevel><Size>3</Size><Dock>0</Dock><Capital>0</Capital><Loyalty>0</Loyalty><InformationSource>4</InformationSource><Hidden>0</Hidden></PopCentre><PopCentre HexID="3712"><Name>Unknown (Map Icon)</Name><Nation>0</Nation><NationAllegience>0</NationAllegience><FortificationLevel>1</FortificationLevel><Size>5</Size><Dock>2</Dock><Capital>0</Capital><Loyalty>0</Loyalty><InformationSource>4</InformationSource><Hidden>0</Hidden></PopCentre><PopCentre HexID="3713"><Name>Unknown (Map Icon)</Name><Nation>0</Nation><NationAllegience>0</NationAllegience><FortificationLevel>0</FortificationLevel><Size>2</Size><Dock>0</Dock><Capital>0</Capital><Loyalty>0</Loyalty><InformationSource>4</InformationSource><Hidden>0</Hidden></PopCentre><PopCentre HexID="3716"><Name>Unknown (Map Icon)</Name><Nation>0</Nation><NationAllegience>0</NationAllegience><FortificationLevel>0</FortificationLevel><Size>2</Size><Dock>0</Dock><Capital>0</Capital><Loyalty>0</Loyalty><InformationSource>4</InformationSource><Hidden>0</Hidden></PopCentre><PopCentre HexID="3807"><Name>Unknown (Map Icon)</Name><Nation>0</Nation><NationAllegience>0</NationAllegience><FortificationLevel>1</FortificationLevel><Size>4</Size><Dock>0</Dock><Capital>0</Capital><Loyalty>0</Loyalty><InformationSource>4</InformationSource><Hidden>0</Hidden></PopCentre><PopCentre HexID="3811"><Name>Unknown (Map Icon)</Name><Nation>0</Nation><NationAllegience>0</NationAllegience><FortificationLevel>1</FortificationLevel><Size>3</Size><Dock>0</Dock><Capital>0</Capital><Loyalty>0</Loyalty><InformationSource>4</InformationSource><Hidden>0</Hidden></PopCentre><PopCentre HexID="3912"><Name>Unknown (Map Icon)</Name><Nation>0</Nation><NationAllegience>0</NationAllegience><FortificationLevel>1</FortificationLevel><Size>4</Size><Dock>0</Dock><Capital>0</Capital><Loyalty>0</Loyalty><InformationSource>4</InformationSource><Hidden>0</Hidden></PopCentre><PopCentre HexID="3929"><Name>Swollen Toe</Name><Nation>16</Nation><NationAllegience>0</NationAllegience><FortificationLevel>0</FortificationLevel><Size>1</Size><Dock>0</Dock><Capital>0</Capital><Loyalty>0</Loyalty><InformationSource>3</InformationSource><Hidden>0</Hidden></PopCentre><PopCentre HexID="4012"><Name>Unknown (Map Icon)</Name><Nation>0</Nation><NationAllegience>0</NationAllegience><FortificationLevel>1</FortificationLevel><Size>2</Size><Dock>0</Dock><Capital>0</Capital><Loyalty>0</Loyalty><InformationSource>4</InformationSource><Hidden>0</Hidden></PopCentre><PopCentre HexID="4013"><Name>Unknown (Map Icon)</Name><Nation>0</Nation><NationAllegience>0</NationAllegience><FortificationLevel>2</FortificationLevel><Size>4</Size><Dock>0</Dock><Capital>0</Capital><Loyalty>0</Loyalty><InformationSource>4</InformationSource><Hidden>0</Hidden></PopCentre><PopCentre HexID="4015"><Name>Radio Gaga</Name><Nation>22</Nation><NationAllegience>0</NationAllegience><FortificationLevel>1</FortificationLevel><Size>4</Size><Dock>0</Dock><Capital>0</Capital><Loyalty>48</Loyalty><InformationSource>1</InformationSource><Hidden>0</Hidden></PopCentre><PopCentre HexID="4017"><Name>Ghost love score</Name><Nation>22</Nation><NationAllegience>0</NationAllegience><FortificationLevel>0</FortificationLevel><Size>1</Size><Dock>0</Dock><Capital>0</Capital><Loyalty>23</Loyalty><InformationSource>1</InformationSource><Hidden>0</Hidden></PopCentre><PopCentre HexID="4111"><Name>The Knife</Name><Nation>22</Nation><NationAllegience>0</NationAllegience><FortificationLevel>1</FortificationLevel><Size>2</Size><Dock>0</Dock><Capital>0</Capital><Loyalty>26</Loyalty><InformationSource>1</InformationSource><Hidden>0</Hidden></PopCentre><PopCentre HexID="4112"><Name>Innuendo</Name><Nation>22</Nation><NationAllegience>0</NationAllegience><FortificationLevel>2</FortificationLevel><Size>5</Size><Dock>2</Dock><Capital>1</Capital><Loyalty>67</Loyalty><InformationSource>1</InformationSource><Hidden>0</Hidden></PopCentre><PopCentre HexID="4211"><Name>Nefeli</Name><Nation>22</Nation><NationAllegience>0</NationAllegience><FortificationLevel>1</FortificationLevel><Size>4</Size><Dock>0</Dock><Capital>0</Capital><Loyalty>45</Loyalty><InformationSource>1</InformationSource><Hidden>0</Hidden></PopCentre><PopCentre HexID="4212"><Name>Crystal Ball</Name><Nation>22</Nation><NationAllegience>0</NationAllegience><FortificationLevel>0</FortificationLevel><Size>2</Size><Dock>0</Dock><Capital>0</Capital><Loyalty>24</Loyalty><InformationSource>1</InformationSource><Hidden>0</Hidden></PopCentre><PopCentre HexID="4215"><Name>Unknown (Map Icon)</Name><Nation>0</Nation><NationAllegience>0</NationAllegience><FortificationLevel>0</FortificationLevel><Size>2</Size><Dock>0</Dock><Capital>0</Capital><Loyalty>0</Loyalty><InformationSource>4</InformationSource><Hidden>0</Hidden></PopCentre><PopCentre HexID="4311"><Name>Unknown (Map Icon)</Name><Nation>0</Nation><NationAllegience>0</NationAllegience><FortificationLevel>1</FortificationLevel><Size>3</Size><Dock>0</Dock><Capital>0</Capital><Loyalty>0</Loyalty><InformationSource>4</InformationSource><Hidden>0</Hidden></PopCentre><PopCentre HexID="4325"><Name>Commerce</Name><Nation>22</Nation><NationAllegience>0</NationAllegience><FortificationLevel>1</FortificationLevel><Size>3</Size><Dock>0</Dock><Capital>0</Capital><Loyalty>23</Loyalty><InformationSource>1</InformationSource><Hidden>0</Hidden></PopCentre><PopCentre HexID="4334"><Name>M'Kraan</Name><Nation>16</Nation><NationAllegience>0</NationAllegience><FortificationLevel>1</FortificationLevel><Size>2</Size><Dock>0</Dock><Capital>0</Capital><Loyalty>0</Loyalty><InformationSource>3</InformationSource><Hidden>0</Hidden></PopCentre><PopCentre HexID="4411"><Name>Forgotten Sons</Name><Nation>22</Nation><NationAllegience>0</NationAllegience><FortificationLevel>1</FortificationLevel><Size>3</Size><Dock>0</Dock><Capital>0</Capital><Loyalty>34</Loyalty><InformationSource>1</InformationSource><Hidden>0</Hidden></PopCentre><PopCentre HexID="4412"><Name>Telephone</Name><Nation>22</Nation><NationAllegience>0</NationAllegience><FortificationLevel>0</FortificationLevel><Size>2</Size><Dock>0</Dock><Capital>0</Capital><Loyalty>37</Loyalty><InformationSource>1</InformationSource><Hidden>0</Hidden></PopCentre><PopCentre HexID="4413"><Name>Mirror Mirror</Name><Nation>22</Nation><NationAllegience>0</NationAllegience><FortificationLevel>1</FortificationLevel><Size>2</Size><Dock>0</Dock><Capital>0</Capital><Loyalty>31</Loyalty><InformationSource>1</InformationSource><Hidden>0</Hidden></PopCentre><PopCentre HexID="4422"><Name>Purgatory</Name><Nation>22</Nation><NationAllegience>0</NationAllegience><FortificationLevel>3</FortificationLevel><Size>3</Size><Dock>0</Dock><Capital>0</Capital><Loyalty>47</Loyalty><InformationSource>1</InformationSource><Hidden>0</Hidden></PopCentre><PopCentre HexID="4426"><Name>Structure</Name><Nation>22</Nation><NationAllegience>0</NationAllegience><FortificationLevel>1</FortificationLevel><Size>3</Size><Dock>0</Dock><Capital>0</Capital><Loyalty>29</Loyalty><InformationSource>1</InformationSource><Hidden>0</Hidden></PopCentre><PopCentre HexID="4433"><Name>Chandilar</Name><Nation>16</Nation><NationAllegience>0</NationAllegience><FortificationLevel>0</FortificationLevel><Size>5</Size><Dock>0</Dock><Capital>0</Capital><Loyalty>0</Loyalty><InformationSource>3</InformationSource><Hidden>0</Hidden></PopCentre></PopCentres><Armies><Army HexID="0913"><Nation>1</Nation><NationAllegience>0</NationAllegience><Size>3</Size><TroopCount>0</TroopCount><Commander>Menelaus</Commander><CommanderTitle>Regent</CommanderTitle><ExtraInfo></ExtraInfo><Navy>0</Navy><InformationSource>3</InformationSource><CharsTravellingWith></CharsTravellingWith></Army><Army HexID="2219"><Nation>12</Nation><NationAllegience>0</NationAllegience><Size>2</Size><TroopCount>0</TroopCount><Commander>Qohary</Commander><CommanderTitle>Lord</CommanderTitle><ExtraInfo></ExtraInfo><Navy>0</Navy><InformationSource>3</InformationSource><CharsTravellingWith></CharsTravellingWith></Army><Army HexID="3707"><Nation>22</Nation><NationAllegience>0</NationAllegience><Size>0</Size><TroopCount>400</TroopCount><Commander>Ludovico Einaudi</Commander><CommanderTitle>Warlord</CommanderTitle><ExtraInfo>400HC</ExtraInfo><Navy>0</Navy><InformationSource>1</InformationSource><CharsTravellingWith></CharsTravellingWith></Army><Army HexID="3707"><Nation>0</Nation><NationAllegience>1</NationAllegience><Size>0</Size><TroopCount>0</TroopCount><Commander>Unknown (Map Icon)</Commander><CommanderTitle></CommanderTitle><ExtraInfo></ExtraInfo><Navy>0</Navy><InformationSource>4</InformationSource><CharsTravellingWith></CharsTravellingWith></Army><Army HexID="3716"><Nation>0</Nation><NationAllegience>1</NationAllegience><Size>0</Size><TroopCount>0</TroopCount><Commander>Unknown (Map Icon)</Commander><CommanderTitle></CommanderTitle><ExtraInfo></ExtraInfo><Navy>0</Navy><InformationSource>4</InformationSource><CharsTravellingWith></CharsTravellingWith></Army><Army HexID="4112"><Nation>22</Nation><NationAllegience>0</NationAllegience><Size>3</Size><TroopCount>600</TroopCount><Commander>Beyonce Knowles</Commander><CommanderTitle>Captain</CommanderTitle><ExtraInfo>600HC</ExtraInfo><Navy>0</Navy><InformationSource>1</InformationSource><CharsTravellingWith></CharsTravellingWith></Army><Army HexID="4112"><Nation>0</Nation><NationAllegience>1</NationAllegience><Size>0</Size><TroopCount>0</TroopCount><Commander>Unknown (Map Icon)</Commander><CommanderTitle></CommanderTitle><ExtraInfo></ExtraInfo><Navy>0</Navy><InformationSource>4</InformationSource><CharsTravellingWith></CharsTravellingWith></Army><Army HexID="4334"><Nation>22</Nation><NationAllegience>0</NationAllegience><Size>0</Size><TroopCount>784</TroopCount><Commander>John Miles</Commander><CommanderTitle>Regent</CommanderTitle><ExtraInfo>784HC</ExtraInfo><Navy>0</Navy><InformationSource>1</InformationSource><CharsTravellingWith>Dolce Nera</CharsTravellingWith></Army></Armies><NationInfo><LostControlOf Name="Breakthru"/><EmptyPopHexes HexIDList="3608,3609,3610,3611,3613,3614,3615,3616,3617,3618,3619,3709,3710,3714,3715,3717,3718,3719,3808,3809,3810,3812,3813,3814,3815,3816,3817,3818,3819,3907,3908,3909,3910,3911,3913,3914,3915,3916,3917,3918,3919,4007,4008,4009,4010,4011,4014,4016,4018,4019,4107,4108,4109,4110,4113,4114,4115,4116,4117,4118,4119,4207,4208,4209,4210,4213,4214,4216,4217,4218,4219,4307,4308,4309,4310,4312,4313,4314,4315,4316,4317,4318,4319,4407,4409,4415,4417,4419"/><PopHexes HexIDList="3607,3612,3707,3708,3711,3712,3713,3716,3807,3811,3912,4012,4013,4015,4017,4111,4112,4211,4212,4215,4311,4411,4413"/><NationMessages><NationMessage>There are rumors of an armed conflict involving the South Kingdom and the Ground Pounders at 3718. </NationMessage><NationMessage>Breakthru is no longer under our control. </NationMessage><NationMessage>There are rumors of an assassination attempt involving Ragnir and Leegrash. </NationMessage><NationMessage>There are rumors of a theft attempt involving Carrog at Khiranos. </NationMessage><NationMessage>4497 Gold was stolen at Hellgate. </NationMessage><NationMessage>2628 Gold was stolen at Hellgate. </NationMessage><NationMessage>2803 Gold was stolen at Hellgate. </NationMessage><NationMessage>467 Gold was stolen at Hellgate. </NationMessage><NationMessage>There are rumors of an encounter involving Urthel at 2622. </NationMessage></NationMessages></NationInfo><Nations><Nation ID="0">Unknown</Nation><Nation ID="1">North Kingdom</Nation><Nation ID="2">South Kingdom</Nation><Nation ID="3">Wise Council</Nation><Nation ID="4">Acadians</Nation><Nation ID="5">Silent Assembly</Nation><Nation ID="6">Thorinar</Nation><Nation ID="7">Sapphic Enclave</Nation><Nation ID="8">Nameless</Nation><Nation ID="9">Ground Pounders</Nation><Nation ID="10">Sundered</Nation><Nation ID="11">Lohmai'gwaith</Nation><Nation ID="12">Sheri-Urk</Nation><Nation ID="13">Red Witches</Nation><Nation ID="14">Dark Feast</Nation><Nation ID="15">Twilight Hammer</Nation><Nation ID="16">Sh'iar Empire</Nation><Nation ID="17">Great Trollusk</Nation><Nation ID="18">Benîm an Pharazôn</Nation><Nation ID="19">RhunLandChattelCo</Nation><Nation ID="20">Tribes of Angmar</Nation><Nation ID="21">Lands</Nation><Nation ID="22">Sing a Song</Nation><Nation ID="23">Once Upon a Time</Nation><Nation ID="24">Plane</Nation><Nation ID="25">Alvernus</Nation></Nations></METurn>
