<METurn METURNVERSION="V2.0.2"><TurnInfo><GameNo>141</GameNo><TurnNo>12</TurnNo><NationNo>7</NationNo><GameType>Fourth Age, circa 1000</GameType><NationCapitalHex>3328</NationCapitalHex><DueDate>MARCH 24 2013</DueDate><Secret>5796</Secret><Player>RICHARD THOMAS</Player><Account>109334</Account><NationEliminated>0</NationEliminated><Int>9C6D9D6965989E67946C67999B</Int></TurnInfo><Characters><Character ID="galla"><Name>Gallan</Name><Location>3124</Location><Nation>7</Nation><Command>0</Command><TotalCommand>0</TotalCommand><Agent>0</Agent><TotalAgent>0</TotalAgent><Emmisary>62</Emmisary><TotalEmmisary>62</TotalEmmisary><Mage>0</Mage><TotalMage>0</TotalMage><Stealth>0</Stealth><TotalStealth>0</TotalStealth><Challenge>31</Challenge><Health>100</Health><Title></Title><InformationSource>0</InformationSource><Artifacts/><Spells/></Character><Character ID="glore"><Name>Glóredhel</Name><Location>3124</Location><Nation>7</Nation><Command>10</Command><TotalCommand>10</TotalCommand><Agent>44</Agent><TotalAgent>44</TotalAgent><Emmisary>0</Emmisary><TotalEmmisary>0</TotalEmmisary><Mage>15</Mage><TotalMage>15</TotalMage><Stealth>0</Stealth><TotalStealth>0</TotalStealth><Challenge>39</Challenge><Health>100</Health><Title></Title><InformationSource>0</InformationSource><Artifacts/><Spells><Spell>#302 Long Stride(49)</Spell></Spells></Character><Character ID="nieno"><Name>Nienor</Name><Location>3124</Location><Nation>7</Nation><Command>0</Command><TotalCommand>0</TotalCommand><Agent>0</Agent><TotalAgent>0</TotalAgent><Emmisary>73</Emmisary><TotalEmmisary>73</TotalEmmisary><Mage>60</Mage><TotalMage>60</TotalMage><Stealth>0</Stealth><TotalStealth>0</TotalStealth><Challenge>69</Challenge><Health>100</Health><Title></Title><InformationSource>0</InformationSource><Artifacts/><Spells><Spell>#412 Research Artifact(94)</Spell><Spell>#413 Scry Population Center(95)</Spell><Spell>#415 Scry Area(81)</Spell><Spell>#418 Locate Artifact(95)</Spell><Spell>#428 Locate Artifact True(69)</Spell><Spell>#508 Conjure Mounts(83)</Spell></Spells></Character><Character ID="otran"><Name>Otrane</Name><Location>3124</Location><Nation>7</Nation><Command>0</Command><TotalCommand>0</TotalCommand><Agent>0</Agent><TotalAgent>0</TotalAgent><Emmisary>62</Emmisary><TotalEmmisary>62</TotalEmmisary><Mage>0</Mage><TotalMage>0</TotalMage><Stealth>0</Stealth><TotalStealth>0</TotalStealth><Challenge>31</Challenge><Health>100</Health><Title></Title><InformationSource>0</InformationSource><Artifacts/><Spells/></Character><Character ID="halba"><Name>Halbarad</Name><Location>3328</Location><Nation>7</Nation><Command>30</Command><TotalCommand>30</TotalCommand><Agent>0</Agent><TotalAgent>0</TotalAgent><Emmisary>0</Emmisary><TotalEmmisary>0</TotalEmmisary><Mage>0</Mage><TotalMage>0</TotalMage><Stealth>0</Stealth><TotalStealth>0</TotalStealth><Challenge>30</Challenge><Health>100</Health><Title></Title><InformationSource>0</InformationSource><Artifacts/><Spells/></Character><Character ID="marac"><Name>Marach</Name><Location>3328</Location><Nation>7</Nation><Command>0</Command><TotalCommand>0</TotalCommand><Agent>0</Agent><TotalAgent>0</TotalAgent><Emmisary>0</Emmisary><TotalEmmisary>0</TotalEmmisary><Mage>55</Mage><TotalMage>55</TotalMage><Stealth>0</Stealth><TotalStealth>0</TotalStealth><Challenge>55</Challenge><Health>100</Health><Title></Title><InformationSource>0</InformationSource><Artifacts/><Spells><Spell>#102 Barriers(94)</Spell><Spell>#210 Words of Calm(84)</Spell><Spell>#302 Long Stride(100)</Spell><Spell>#406 Divine Army(80)</Spell><Spell>#508 Conjure Mounts(76)</Spell></Spells></Character><Character ID="halet"><Name>Haleth</Name><Location>3426</Location><Nation>7</Nation><Command>30</Command><TotalCommand>30</TotalCommand><Agent>0</Agent><TotalAgent>0</TotalAgent><Emmisary>0</Emmisary><TotalEmmisary>0</TotalEmmisary><Mage>0</Mage><TotalMage>0</TotalMage><Stealth>0</Stealth><TotalStealth>0</TotalStealth><Challenge>30</Challenge><Health>100</Health><Title></Title><InformationSource>0</InformationSource><Artifacts/><Spells/></Character><Character ID="dervo"><Name>Dervorin</Name><Location>3527</Location><Nation>7</Nation><Command>0</Command><TotalCommand>0</TotalCommand><Agent>0</Agent><TotalAgent>0</TotalAgent><Emmisary>54</Emmisary><TotalEmmisary>54</TotalEmmisary><Mage>0</Mage><TotalMage>0</TotalMage><Stealth>0</Stealth><TotalStealth>0</TotalStealth><Challenge>27</Challenge><Health>100</Health><Title></Title><InformationSource>0</InformationSource><Artifacts/><Spells/></Character><Character ID="ulbar"><Name>Ulbar</Name><Location>3527</Location><Nation>7</Nation><Command>0</Command><TotalCommand>0</TotalCommand><Agent>0</Agent><TotalAgent>0</TotalAgent><Emmisary>56</Emmisary><TotalEmmisary>56</TotalEmmisary><Mage>15</Mage><TotalMage>15</TotalMage><Stealth>0</Stealth><TotalStealth>0</TotalStealth><Challenge>31</Challenge><Health>100</Health><Title></Title><InformationSource>0</InformationSource><Artifacts/><Spells><Spell>#416 Reveal Production(99)</Spell></Spells></Character><Character ID="siane"><Name>Siane</Name><Location>3532</Location><Nation>7</Nation><Command>33</Command><TotalCommand>33</TotalCommand><Agent>0</Agent><TotalAgent>0</TotalAgent><Emmisary>0</Emmisary><TotalEmmisary>0</TotalEmmisary><Mage>33</Mage><TotalMage>33</TotalMage><Stealth>0</Stealth><TotalStealth>0</TotalStealth><Challenge>41</Challenge><Health>100</Health><Title></Title><InformationSource>0</InformationSource><Artifacts/><Spells><Spell>#104 Resistances(80)</Spell><Spell>#416 Reveal Production(80)</Spell><Spell>#508 Conjure Mounts(64)</Spell></Spells></Character><Character ID="gorli"><Name>Gorlim</Name><Location>3723</Location><Nation>7</Nation><Command>59</Command><TotalCommand>59</TotalCommand><Agent>0</Agent><TotalAgent>0</TotalAgent><Emmisary>0</Emmisary><TotalEmmisary>0</TotalEmmisary><Mage>33</Mage><TotalMage>33</TotalMage><Stealth>0</Stealth><TotalStealth>0</TotalStealth><Challenge>67</Challenge><Health>100</Health><Title></Title><InformationSource>0</InformationSource><Artifacts/><Spells><Spell>#4 Major Heal(85)</Spell><Spell>#302 Long Stride(96)</Spell><Spell>#412 Research Artifact(59)</Spell></Spells></Character><Character ID="oruth"><Name>Oruthan</Name><Location>3723</Location><Nation>7</Nation><Command>33</Command><TotalCommand>33</TotalCommand><Agent>60</Agent><TotalAgent>70</TotalAgent><Emmisary>0</Emmisary><TotalEmmisary>0</TotalEmmisary><Mage>42</Mage><TotalMage>42</TotalMage><Stealth>0</Stealth><TotalStealth>0</TotalStealth><Challenge>70</Challenge><Health>100</Health><Title></Title><InformationSource>0</InformationSource><Artifacts><Artifact>#136 Cloak of the Heavens</Artifact></Artifacts><Spells><Spell>#104 Resistances(86)</Spell><Spell>#412 Research Artifact(99)</Spell><Spell>#418 Locate Artifact(55)</Spell><Spell>#508 Conjure Mounts(90)</Spell></Spells></Character><Character ID="valan"><Name>Valandil</Name><Location>4325</Location><Nation>7</Nation><Command>54</Command><TotalCommand>54</TotalCommand><Agent>0</Agent><TotalAgent>0</TotalAgent><Emmisary>0</Emmisary><TotalEmmisary>0</TotalEmmisary><Mage>0</Mage><TotalMage>0</TotalMage><Stealth>0</Stealth><TotalStealth>0</TotalStealth><Challenge>54</Challenge><Health>100</Health><Title></Title><InformationSource>0</InformationSource><Artifacts/><Spells/></Character></Characters>
<Economy><Nation><ArmyMaint>10008</ArmyMaint><PopMaint>2500</PopMaint><CharMaint>18260</CharMaint><TotalMaint>30768</TotalMaint><TaxRate>60</TaxRate><Revenue>27280</Revenue><Surplus>-3488</Surplus><Reserve>5297</Reserve><TaxBase>12</TaxBase></Nation><Market><Product type="le"><BuyPrice>3</BuyPrice><SellPrice>1</SellPrice><MarketAvail>32595</MarketAvail><NationStores>8588</NationStores><NationProduction>1410</NationProduction></Product><Product type="br"><BuyPrice>3</BuyPrice><SellPrice>1</SellPrice><MarketAvail>22451</MarketAvail><NationStores>2317</NationStores><NationProduction>637</NationProduction></Product><Product type="st"><BuyPrice>5</BuyPrice><SellPrice>2</SellPrice><MarketAvail>5318</MarketAvail><NationStores>952</NationStores><NationProduction>238</NationProduction></Product><Product type="mi"><BuyPrice>23</BuyPrice><SellPrice>11</SellPrice><MarketAvail>1823</MarketAvail><NationStores>332</NationStores><NationProduction>35</NationProduction></Product><Product type="fo"><BuyPrice>2</BuyPrice><SellPrice>1</SellPrice><MarketAvail>278442</MarketAvail><NationStores>1604</NationStores><NationProduction>2005</NationProduction></Product><Product type="ti"><BuyPrice>4</BuyPrice><SellPrice>2</SellPrice><MarketAvail>16634</MarketAvail><NationStores>115</NationStores><NationProduction>115</NationProduction></Product><Product type="mo"><BuyPrice>10</BuyPrice><SellPrice>5</SellPrice><MarketAvail>2884</MarketAvail><NationStores>1857</NationStores><NationProduction>91</NationProduction></Product></Market></Economy>
<PopCentres><PopCentre HexID="2924"><Name>Unknown (Map Icon)</Name><Nation>0</Nation><NationAllegience>0</NationAllegience><FortificationLevel>4</FortificationLevel><Size>5</Size><Dock>2</Dock><Capital>0</Capital><Loyalty>0</Loyalty><InformationSource>4</InformationSource><Hidden>0</Hidden></PopCentre><PopCentre HexID="2927"><Name>Unknown (Map Icon)</Name><Nation>0</Nation><NationAllegience>0</NationAllegience><FortificationLevel>1</FortificationLevel><Size>4</Size><Dock>1</Dock><Capital>0</Capital><Loyalty>0</Loyalty><InformationSource>4</InformationSource><Hidden>0</Hidden></PopCentre><PopCentre HexID="2931"><Name>Unknown (Map Icon)</Name><Nation>0</Nation><NationAllegience>0</NationAllegience><FortificationLevel>0</FortificationLevel><Size>2</Size><Dock>0</Dock><Capital>0</Capital><Loyalty>0</Loyalty><InformationSource>4</InformationSource><Hidden>0</Hidden></PopCentre><PopCentre HexID="2932"><Name>Unknown (Map Icon)</Name><Nation>0</Nation><NationAllegience>0</NationAllegience><FortificationLevel>0</FortificationLevel><Size>2</Size><Dock>0</Dock><Capital>0</Capital><Loyalty>0</Loyalty><InformationSource>4</InformationSource><Hidden>0</Hidden></PopCentre><PopCentre HexID="2933"><Name>Unknown (Map Icon)</Name><Nation>0</Nation><NationAllegience>0</NationAllegience><FortificationLevel>0</FortificationLevel><Size>2</Size><Dock>0</Dock><Capital>0</Capital><Loyalty>0</Loyalty><InformationSource>4</InformationSource><Hidden>0</Hidden></PopCentre><PopCentre HexID="2934"><Name>Unknown (Map Icon)</Name><Nation>0</Nation><NationAllegience>0</NationAllegience><FortificationLevel>0</FortificationLevel><Size>1</Size><Dock>0</Dock><Capital>0</Capital><Loyalty>0</Loyalty><InformationSource>4</InformationSource><Hidden>0</Hidden></PopCentre><PopCentre HexID="2935"><Name>Unknown (Map Icon)</Name><Nation>0</Nation><NationAllegience>0</NationAllegience><FortificationLevel>0</FortificationLevel><Size>1</Size><Dock>0</Dock><Capital>0</Capital><Loyalty>0</Loyalty><InformationSource>4</InformationSource><Hidden>0</Hidden></PopCentre><PopCentre HexID="3024"><Name>Unknown (Map Icon)</Name><Nation>0</Nation><NationAllegience>0</NationAllegience><FortificationLevel>1</FortificationLevel><Size>4</Size><Dock>0</Dock><Capital>0</Capital><Loyalty>0</Loyalty><InformationSource>4</InformationSource><Hidden>0</Hidden></PopCentre><PopCentre HexID="3028"><Name>Unknown (Map Icon)</Name><Nation>0</Nation><NationAllegience>0</NationAllegience><FortificationLevel>0</FortificationLevel><Size>2</Size><Dock>0</Dock><Capital>0</Capital><Loyalty>0</Loyalty><InformationSource>4</InformationSource><Hidden>0</Hidden></PopCentre><PopCentre HexID="3030"><Name>Unknown (Map Icon)</Name><Nation>0</Nation><NationAllegience>0</NationAllegience><FortificationLevel>1</FortificationLevel><Size>2</Size><Dock>0</Dock><Capital>0</Capital><Loyalty>0</Loyalty><InformationSource>4</InformationSource><Hidden>0</Hidden></PopCentre><PopCentre HexID="3034"><Name>Unknown (Map Icon)</Name><Nation>0</Nation><NationAllegience>0</NationAllegience><FortificationLevel>3</FortificationLevel><Size>5</Size><Dock>0</Dock><Capital>0</Capital><Loyalty>0</Loyalty><InformationSource>4</InformationSource><Hidden>0</Hidden></PopCentre><PopCentre HexID="3124"><Name>Minas Ithil</Name><Nation>2</Nation><NationAllegience>0</NationAllegience><FortificationLevel>1</FortificationLevel><Size>3</Size><Dock>0</Dock><Capital>0</Capital><Loyalty>0</Loyalty><InformationSource>3</InformationSource><Hidden>0</Hidden></PopCentre><PopCentre HexID="3224"><Name>Unknown (Map Icon)</Name><Nation>0</Nation><NationAllegience>0</NationAllegience><FortificationLevel>0</FortificationLevel><Size>1</Size><Dock>0</Dock><Capital>0</Capital><Loyalty>0</Loyalty><InformationSource>4</InformationSource><Hidden>0</Hidden></PopCentre><PopCentre HexID="3228"><Name>Cúarthol</Name><Nation>7</Nation><NationAllegience>0</NationAllegience><FortificationLevel>0</FortificationLevel><Size>1</Size><Dock>0</Dock><Capital>0</Capital><Loyalty>29</Loyalty><InformationSource>1</InformationSource><Hidden>0</Hidden></PopCentre><PopCentre HexID="3231"><Name>Unknown (Map Icon)</Name><Nation>0</Nation><NationAllegience>0</NationAllegience><FortificationLevel>0</FortificationLevel><Size>1</Size><Dock>0</Dock><Capital>0</Capital><Loyalty>0</Loyalty><InformationSource>4</InformationSource><Hidden>0</Hidden></PopCentre><PopCentre HexID="3235"><Name>Unknown (Map Icon)</Name><Nation>0</Nation><NationAllegience>0</NationAllegience><FortificationLevel>1</FortificationLevel><Size>2</Size><Dock>0</Dock><Capital>0</Capital><Loyalty>0</Loyalty><InformationSource>4</InformationSource><Hidden>0</Hidden></PopCentre><PopCentre HexID="3326"><Name>Unknown (Map Icon)</Name><Nation>0</Nation><NationAllegience>0</NationAllegience><FortificationLevel>0</FortificationLevel><Size>1</Size><Dock>0</Dock><Capital>0</Capital><Loyalty>0</Loyalty><InformationSource>4</InformationSource><Hidden>0</Hidden></PopCentre><PopCentre HexID="3328"><Name>Androth</Name><Nation>7</Nation><NationAllegience>0</NationAllegience><FortificationLevel>1</FortificationLevel><Size>5</Size><Dock>0</Dock><Capital>1</Capital><Loyalty>88</Loyalty><InformationSource>1</InformationSource><Hidden>0</Hidden></PopCentre><PopCentre HexID="3329"><Name>Núath</Name><Nation>7</Nation><NationAllegience>0</NationAllegience><FortificationLevel>0</FortificationLevel><Size>2</Size><Dock>0</Dock><Capital>0</Capital><Loyalty>48</Loyalty><InformationSource>1</InformationSource><Hidden>0</Hidden></PopCentre><PopCentre HexID="3333"><Name>Unknown (Map Icon)</Name><Nation>0</Nation><NationAllegience>0</NationAllegience><FortificationLevel>0</FortificationLevel><Size>1</Size><Dock>0</Dock><Capital>0</Capital><Loyalty>0</Loyalty><InformationSource>4</InformationSource><Hidden>0</Hidden></PopCentre><PopCentre HexID="3334"><Name>Unknown (Map Icon)</Name><Nation>0</Nation><NationAllegience>0</NationAllegience><FortificationLevel>1</FortificationLevel><Size>2</Size><Dock>0</Dock><Capital>0</Capital><Loyalty>0</Loyalty><InformationSource>4</InformationSource><Hidden>0</Hidden></PopCentre><PopCentre HexID="3335"><Name>Unknown (Map Icon)</Name><Nation>0</Nation><NationAllegience>0</NationAllegience><FortificationLevel>0</FortificationLevel><Size>2</Size><Dock>0</Dock><Capital>0</Capital><Loyalty>0</Loyalty><InformationSource>4</InformationSource><Hidden>0</Hidden></PopCentre><PopCentre HexID="3423"><Name>Unknown (Map Icon)</Name><Nation>0</Nation><NationAllegience>0</NationAllegience><FortificationLevel>1</FortificationLevel><Size>3</Size><Dock>0</Dock><Capital>0</Capital><Loyalty>0</Loyalty><InformationSource>4</InformationSource><Hidden>0</Hidden></PopCentre><PopCentre HexID="3426"><Name>Wilóke</Name><Nation>7</Nation><NationAllegience>0</NationAllegience><FortificationLevel>1</FortificationLevel><Size>3</Size><Dock>0</Dock><Capital>0</Capital><Loyalty>44</Loyalty><InformationSource>1</InformationSource><Hidden>0</Hidden></PopCentre><PopCentre HexID="3427"><Name>Galtran</Name><Nation>7</Nation><NationAllegience>0</NationAllegience><FortificationLevel>0</FortificationLevel><Size>1</Size><Dock>0</Dock><Capital>0</Capital><Loyalty>41</Loyalty><InformationSource>1</InformationSource><Hidden>0</Hidden></PopCentre><PopCentre HexID="3428"><Name>Esgalduin</Name><Nation>7</Nation><NationAllegience>0</NationAllegience><FortificationLevel>1</FortificationLevel><Size>2</Size><Dock>0</Dock><Capital>0</Capital><Loyalty>36</Loyalty><InformationSource>1</InformationSource><Hidden>0</Hidden></PopCentre><PopCentre HexID="3430"><Name>Unknown (Map Icon)</Name><Nation>0</Nation><NationAllegience>0</NationAllegience><FortificationLevel>0</FortificationLevel><Size>1</Size><Dock>0</Dock><Capital>0</Capital><Loyalty>0</Loyalty><InformationSource>4</InformationSource><Hidden>0</Hidden></PopCentre><PopCentre HexID="3433"><Name>Unknown (Map Icon)</Name><Nation>0</Nation><NationAllegience>0</NationAllegience><FortificationLevel>2</FortificationLevel><Size>4</Size><Dock>0</Dock><Capital>0</Capital><Loyalty>0</Loyalty><InformationSource>4</InformationSource><Hidden>0</Hidden></PopCentre><PopCentre HexID="3434"><Name>Unknown (Map Icon)</Name><Nation>0</Nation><NationAllegience>0</NationAllegience><FortificationLevel>1</FortificationLevel><Size>3</Size><Dock>0</Dock><Capital>0</Capital><Loyalty>0</Loyalty><InformationSource>4</InformationSource><Hidden>0</Hidden></PopCentre><PopCentre HexID="3527"><Name>Voronwa</Name><Nation>7</Nation><NationAllegience>0</NationAllegience><FortificationLevel>0</FortificationLevel><Size>1</Size><Dock>0</Dock><Capital>0</Capital><Loyalty>34</Loyalty><InformationSource>1</InformationSource><Hidden>0</Hidden></PopCentre><PopCentre HexID="3528"><Name>Thangor</Name><Nation>7</Nation><NationAllegience>0</NationAllegience><FortificationLevel>0</FortificationLevel><Size>1</Size><Dock>0</Dock><Capital>0</Capital><Loyalty>29</Loyalty><InformationSource>1</InformationSource><Hidden>0</Hidden></PopCentre><PopCentre HexID="3529"><Name>Tokeliant</Name><Nation>7</Nation><NationAllegience>0</NationAllegience><FortificationLevel>0</FortificationLevel><Size>2</Size><Dock>0</Dock><Capital>0</Capital><Loyalty>27</Loyalty><InformationSource>1</InformationSource><Hidden>0</Hidden></PopCentre><PopCentre HexID="3530"><Name>Aughaur</Name><Nation>7</Nation><NationAllegience>0</NationAllegience><FortificationLevel>2</FortificationLevel><Size>4</Size><Dock>0</Dock><Capital>0</Capital><Loyalty>55</Loyalty><InformationSource>1</InformationSource><Hidden>0</Hidden></PopCentre><PopCentre HexID="3533"><Name>Unknown (Map Icon)</Name><Nation>0</Nation><NationAllegience>0</NationAllegience><FortificationLevel>1</FortificationLevel><Size>2</Size><Dock>0</Dock><Capital>0</Capital><Loyalty>0</Loyalty><InformationSource>4</InformationSource><Hidden>0</Hidden></PopCentre><PopCentre HexID="3629"><Name>Unulló</Name><Nation>7</Nation><NationAllegience>0</NationAllegience><FortificationLevel>0</FortificationLevel><Size>1</Size><Dock>0</Dock><Capital>0</Capital><Loyalty>36</Loyalty><InformationSource>1</InformationSource><Hidden>0</Hidden></PopCentre><PopCentre HexID="3630"><Name>Kelumë</Name><Nation>7</Nation><NationAllegience>0</NationAllegience><FortificationLevel>0</FortificationLevel><Size>1</Size><Dock>0</Dock><Capital>0</Capital><Loyalty>28</Loyalty><InformationSource>1</InformationSource><Hidden>0</Hidden></PopCentre><PopCentre HexID="3723"><Name>Ashpit</Name><Nation>19</Nation><NationAllegience>0</NationAllegience><FortificationLevel>1</FortificationLevel><Size>3</Size><Dock>0</Dock><Capital>0</Capital><Loyalty>0</Loyalty><InformationSource>3</InformationSource><Hidden>0</Hidden></PopCentre><PopCentre HexID="3729"><Name></Name><Nation>7</Nation><NationAllegience>0</NationAllegience><FortificationLevel>0</FortificationLevel><Size>1</Size><Dock>0</Dock><Capital>0</Capital><Loyalty>29</Loyalty><InformationSource>1</InformationSource><Hidden>0</Hidden></PopCentre><PopCentre HexID="3730"><Name>Thara-pata</Name><Nation>7</Nation><NationAllegience>0</NationAllegience><FortificationLevel>0</FortificationLevel><Size>1</Size><Dock>0</Dock><Capital>0</Capital><Loyalty>39</Loyalty><InformationSource>1</InformationSource><Hidden>0</Hidden></PopCentre><PopCentre HexID="3825"><Name>Akhúlsa</Name><Nation>7</Nation><NationAllegience>0</NationAllegience><FortificationLevel>0</FortificationLevel><Size>1</Size><Dock>0</Dock><Capital>0</Capital><Loyalty>22</Loyalty><InformationSource>1</InformationSource><Hidden>0</Hidden></PopCentre><PopCentre HexID="3829"><Name>Ninniach</Name><Nation>7</Nation><NationAllegience>0</NationAllegience><FortificationLevel>0</FortificationLevel><Size>1</Size><Dock>0</Dock><Capital>0</Capital><Loyalty>35</Loyalty><InformationSource>1</InformationSource><Hidden>0</Hidden></PopCentre></PopCentres><Armies><Army HexID="2924"><Nation>0</Nation><NationAllegience>2</NationAllegience><Size>0</Size><TroopCount>0</TroopCount><Commander>Unknown (Map Icon)</Commander><CommanderTitle></CommanderTitle><ExtraInfo></ExtraInfo><Navy>0</Navy><InformationSource>4</InformationSource><CharsTravellingWith></CharsTravellingWith></Army><Army HexID="3034"><Nation>0</Nation><NationAllegience>1</NationAllegience><Size>0</Size><TroopCount>0</TroopCount><Commander>Unknown (Map Icon)</Commander><CommanderTitle></CommanderTitle><ExtraInfo></ExtraInfo><Navy>0</Navy><InformationSource>4</InformationSource><CharsTravellingWith></CharsTravellingWith></Army><Army HexID="3328"><Nation>7</Nation><NationAllegience>0</NationAllegience><Size>2</Size><TroopCount>100</TroopCount><Commander>Halbarad</Commander><CommanderTitle>Commander</CommanderTitle><ExtraInfo>100HC</ExtraInfo><Navy>0</Navy><InformationSource>1</InformationSource><CharsTravellingWith></CharsTravellingWith></Army><Army HexID="3328"><Nation>0</Nation><NationAllegience>1</NationAllegience><Size>0</Size><TroopCount>0</TroopCount><Commander>Unknown (Map Icon)</Commander><CommanderTitle></CommanderTitle><ExtraInfo></ExtraInfo><Navy>0</Navy><InformationSource>4</InformationSource><CharsTravellingWith></CharsTravellingWith></Army><Army HexID="3335"><Nation>0</Nation><NationAllegience>2</NationAllegience><Size>0</Size><TroopCount>0</TroopCount><Commander>Unknown (Map Icon)</Commander><CommanderTitle></CommanderTitle><ExtraInfo></ExtraInfo><Navy>0</Navy><InformationSource>4</InformationSource><CharsTravellingWith></CharsTravellingWith></Army><Army HexID="3423"><Nation>0</Nation><NationAllegience>2</NationAllegience><Size>0</Size><TroopCount>0</TroopCount><Commander>Unknown (Map Icon)</Commander><CommanderTitle></CommanderTitle><ExtraInfo></ExtraInfo><Navy>0</Navy><InformationSource>4</InformationSource><CharsTravellingWith></CharsTravellingWith></Army><Army HexID="3426"><Nation>7</Nation><NationAllegience>0</NationAllegience><Size>2</Size><TroopCount>300</TroopCount><Commander>Haleth</Commander><CommanderTitle>Commander</CommanderTitle><ExtraInfo>300HI</ExtraInfo><Navy>0</Navy><InformationSource>1</InformationSource><CharsTravellingWith></CharsTravellingWith></Army><Army HexID="3426"><Nation>0</Nation><NationAllegience>1</NationAllegience><Size>0</Size><TroopCount>0</TroopCount><Commander>Unknown (Map Icon)</Commander><CommanderTitle></CommanderTitle><ExtraInfo></ExtraInfo><Navy>0</Navy><InformationSource>4</InformationSource><CharsTravellingWith></CharsTravellingWith></Army><Army HexID="3532"><Nation>7</Nation><NationAllegience>0</NationAllegience><Size>0</Size><TroopCount>1200</TroopCount><Commander>Siane</Commander><CommanderTitle>Commander</CommanderTitle><ExtraInfo>1200HI</ExtraInfo><Navy>0</Navy><InformationSource>1</InformationSource><CharsTravellingWith></CharsTravellingWith></Army><Army HexID="3532"><Nation>0</Nation><NationAllegience>1</NationAllegience><Size>0</Size><TroopCount>0</TroopCount><Commander>Unknown (Map Icon)</Commander><CommanderTitle></CommanderTitle><ExtraInfo></ExtraInfo><Navy>0</Navy><InformationSource>4</InformationSource><CharsTravellingWith></CharsTravellingWith></Army><Army HexID="3723"><Nation>0</Nation><NationAllegience>2</NationAllegience><Size>0</Size><TroopCount>0</TroopCount><Commander>Unknown (Map Icon)</Commander><CommanderTitle></CommanderTitle><ExtraInfo></ExtraInfo><Navy>0</Navy><InformationSource>4</InformationSource><CharsTravellingWith></CharsTravellingWith></Army><Army HexID="4325"><Nation>7</Nation><NationAllegience>0</NationAllegience><Size>0</Size><TroopCount>779</TroopCount><Commander>Valandil</Commander><CommanderTitle>Lord</CommanderTitle><ExtraInfo>146HC 633HI</ExtraInfo><Navy>0</Navy><InformationSource>1</InformationSource><CharsTravellingWith></CharsTravellingWith></Army></Armies><NationInfo><EmptyPopHexes HexIDList="2923,2925,2926,2928,2929,2930,3023,3025,3026,3027,3029,3031,3032,3033,3035,3123,3125,3126,3127,3128,3129,3130,3131,3132,3133,3134,3135,3223,3225,3226,3227,3229,3230,3232,3233,3234,3323,3324,3325,3327,3330,3331,3332,3424,3425,3429,3431,3432,3435,3523,3524,3525,3526,3531,3532,3534,3535,3623,3624,3625,3626,3627,3628,3631,3632,3633,3634,3635,3725,3727,3731,3733,3735"/><PopHexes HexIDList="2924,2927,2931,2932,2933,2934,2935,3024,3028,3030,3034,3124,3224,3228,3231,3235,3326,3328,3329,3333,3334,3335,3423,3426,3427,3428,3430,3433,3434,3527,3528,3529,3530,3533,3629,3630,3723,3729"/><NationMessages><NationMessage>The loyalty was influenced from the efforts or presence of Círdan at Voronwa. </NationMessage><NationMessage>There are rumors of a kidnap attempt involving Freddie Mercury and Zrkeyhai. </NationMessage><NationMessage>There are rumors of a theft attempt involving Vasco at Minas Ithil. </NationMessage><NationMessage>There are rumors of Gold being transported by caravan from Baltus to Port Royale. </NationMessage><NationMessage>There are rumors of an encounter involving Willow at 4424. </NationMessage><NationMessage>Our populace reports that a season change is imminent! </NationMessage><NationMessage>Our populace reports that the deadline for allegiance change has passed! </NationMessage></NationMessages></NationInfo><Nations><Nation ID="0">Unknown</Nation><Nation ID="1">North Kingdom</Nation><Nation ID="2">South Kingdom</Nation><Nation ID="3">Wise Council</Nation><Nation ID="4">Acadians</Nation><Nation ID="5">Silent Assembly</Nation><Nation ID="6">Thorinar</Nation><Nation ID="7">Sapphic Enclave</Nation><Nation ID="8">Nameless</Nation><Nation ID="9">Ground Pounders</Nation><Nation ID="10">Sundered</Nation><Nation ID="11">Lohmai'gwaith</Nation><Nation ID="12">Sheri-Urk</Nation><Nation ID="13">Red Witches</Nation><Nation ID="14">Dark Feast</Nation><Nation ID="15">Twilight Hammer</Nation><Nation ID="16">Sh'iar Empire</Nation><Nation ID="17">Great Trollusk</Nation><Nation ID="18">Benîm an Pharazôn</Nation><Nation ID="19">RhunLandChattelCo</Nation><Nation ID="20">Tribes of Angmar</Nation><Nation ID="21">Lands</Nation><Nation ID="22">Sing a Song</Nation><Nation ID="23">Once Upon a Time</Nation><Nation ID="24">Plane</Nation><Nation ID="25">Alvernus</Nation></Nations></METurn>
