<METurn METURNVERSION="V2.0.2"><TurnInfo><GameNo>141</GameNo><TurnNo>16</TurnNo><NationNo>21</NationNo><GameType>Fourth Age, circa 1000</GameType><NationCapitalHex>2137</NationCapitalHex><DueDate>MAY 19 2013</DueDate><Secret>4731</Secret><Player>NATE KEENE</Player><Account>110758</Account><NationEliminated>0</NationEliminated><Int>9B6D9764659C99679564649D9C6E</Int></TurnInfo><Characters><Character ID="qesse"><Name>Qesset</Name><Location>1920</Location><Nation>21</Nation><Command>0</Command><TotalCommand>0</TotalCommand><Agent>74</Agent><TotalAgent>74</TotalAgent><Emmisary>0</Emmisary><TotalEmmisary>0</TotalEmmisary><Mage>0</Mage><TotalMage>0</TotalMage><Stealth>0</Stealth><TotalStealth>0</TotalStealth><Challenge>55</Challenge><Health>100</Health><Title></Title><InformationSource>0</InformationSource><Artifacts/><Spells/></Character><Character ID="tarta"><Name>Tartas Izain</Name><Location>2120</Location><Nation>21</Nation><Command>0</Command><TotalCommand>0</TotalCommand><Agent>69</Agent><TotalAgent>69</TotalAgent><Emmisary>0</Emmisary><TotalEmmisary>0</TotalEmmisary><Mage>0</Mage><TotalMage>0</TotalMage><Stealth>0</Stealth><TotalStealth>0</TotalStealth><Challenge>51</Challenge><Health>100</Health><Title></Title><InformationSource>0</InformationSource><Artifacts/><Spells/></Character><Character ID="aldhe"><Name>Aldhelm Demuret</Name><Location>2137</Location><Nation>21</Nation><Command>0</Command><TotalCommand>0</TotalCommand><Agent>59</Agent><TotalAgent>59</TotalAgent><Emmisary>0</Emmisary><TotalEmmisary>0</TotalEmmisary><Mage>0</Mage><TotalMage>0</TotalMage><Stealth>0</Stealth><TotalStealth>0</TotalStealth><Challenge>44</Challenge><Health>100</Health><Title></Title><InformationSource>0</InformationSource><Artifacts/><Spells/></Character><Character ID="cinar"><Name>Cinard</Name><Location>2137</Location><Nation>21</Nation><Command>0</Command><TotalCommand>0</TotalCommand><Agent>71</Agent><TotalAgent>71</TotalAgent><Emmisary>0</Emmisary><TotalEmmisary>0</TotalEmmisary><Mage>0</Mage><TotalMage>0</TotalMage><Stealth>0</Stealth><TotalStealth>0</TotalStealth><Challenge>53</Challenge><Health>46</Health><Title></Title><InformationSource>0</InformationSource><Artifacts/><Spells/></Character><Character ID="dark "><Name>Dark </Name><Location>2137</Location><Nation>21</Nation><Command>62</Command><TotalCommand>62</TotalCommand><Agent>0</Agent><TotalAgent>0</TotalAgent><Emmisary>0</Emmisary><TotalEmmisary>0</TotalEmmisary><Mage>45</Mage><TotalMage>45</TotalMage><Stealth>0</Stealth><TotalStealth>0</TotalStealth><Challenge>73</Challenge><Health>100</Health><Title></Title><InformationSource>0</InformationSource><Artifacts/><Spells><Spell>#406 Divine Army(98)</Spell><Spell>#412 Research Artifact(100)</Spell><Spell>#413 Scry Population Center(100)</Spell><Spell>#415 Scry Area(88)</Spell><Spell>#418 Locate Artifact(60)</Spell><Spell>#428 Locate Artifact True(73)</Spell></Spells></Character><Character ID="balku"><Name>Balkumagîn</Name><Location>2139</Location><Nation>0</Nation><Command>0</Command><TotalCommand>0</TotalCommand><Agent>0</Agent><TotalAgent>0</TotalAgent><Emmisary>0</Emmisary><TotalEmmisary>0</TotalEmmisary><Mage>0</Mage><TotalMage>0</TotalMage><Stealth>0</Stealth><TotalStealth>0</TotalStealth><Challenge>0</Challenge><Health>0</Health><Title></Title><InformationSource>2</InformationSource><Artifacts/><Spells/></Character><Character ID="fire "><Name>Fire </Name><Location>2339</Location><Nation>21</Nation><Command>63</Command><TotalCommand>63</TotalCommand><Agent>52</Agent><TotalAgent>52</TotalAgent><Emmisary>0</Emmisary><TotalEmmisary>0</TotalEmmisary><Mage>0</Mage><TotalMage>0</TotalMage><Stealth>0</Stealth><TotalStealth>0</TotalStealth><Challenge>72</Challenge><Health>100</Health><Title></Title><InformationSource>0</InformationSource><Artifacts/><Spells/></Character><Character ID="kalat"><Name>Kalatar</Name><Location>2536</Location><Nation>21</Nation><Command>0</Command><TotalCommand>0</TotalCommand><Agent>71</Agent><TotalAgent>71</TotalAgent><Emmisary>0</Emmisary><TotalEmmisary>0</TotalEmmisary><Mage>0</Mage><TotalMage>0</TotalMage><Stealth>0</Stealth><TotalStealth>0</TotalStealth><Challenge>53</Challenge><Health>100</Health><Title></Title><InformationSource>0</InformationSource><Artifacts/><Spells/></Character><Character ID="null "><Name>Null </Name><Location>2536</Location><Nation>21</Nation><Command>42</Command><TotalCommand>42</TotalCommand><Agent>0</Agent><TotalAgent>0</TotalAgent><Emmisary>0</Emmisary><TotalEmmisary>0</TotalEmmisary><Mage>48</Mage><TotalMage>48</TotalMage><Stealth>0</Stealth><TotalStealth>0</TotalStealth><Challenge>58</Challenge><Health>100</Health><Title></Title><InformationSource>0</InformationSource><Artifacts/><Spells><Spell>#412 Research Artifact(78)</Spell><Spell>#413 Scry Population Center(72)</Spell><Spell>#415 Scry Area(56)</Spell><Spell>#418 Locate Artifact(68)</Spell><Spell>#428 Locate Artifact True(71)</Spell></Spells></Character><Character ID="earth"><Name>Earth</Name><Location>2636</Location><Nation>21</Nation><Command>30</Command><TotalCommand>30</TotalCommand><Agent>0</Agent><TotalAgent>0</TotalAgent><Emmisary>86</Emmisary><TotalEmmisary>86</TotalEmmisary><Mage>0</Mage><TotalMage>0</TotalMage><Stealth>0</Stealth><TotalStealth>0</TotalStealth><Challenge>50</Challenge><Health>100</Health><Title></Title><InformationSource>0</InformationSource><Artifacts/><Spells/></Character><Character ID="klu r"><Name>Klú Relortin</Name><Location>2636</Location><Nation>21</Nation><Command>0</Command><TotalCommand>0</TotalCommand><Agent>69</Agent><TotalAgent>69</TotalAgent><Emmisary>0</Emmisary><TotalEmmisary>0</TotalEmmisary><Mage>0</Mage><TotalMage>0</TotalMage><Stealth>0</Stealth><TotalStealth>0</TotalStealth><Challenge>51</Challenge><Health>100</Health><Title></Title><InformationSource>0</InformationSource><Artifacts/><Spells/></Character><Character ID="light"><Name>Light</Name><Location>2636</Location><Nation>21</Nation><Command>0</Command><TotalCommand>0</TotalCommand><Agent>0</Agent><TotalAgent>0</TotalAgent><Emmisary>68</Emmisary><TotalEmmisary>68</TotalEmmisary><Mage>0</Mage><TotalMage>0</TotalMage><Stealth>0</Stealth><TotalStealth>0</TotalStealth><Challenge>34</Challenge><Health>100</Health><Title></Title><InformationSource>0</InformationSource><Artifacts/><Spells/></Character><Character ID="tabay"><Name>Tabaya Kas</Name><Location>2636</Location><Nation>21</Nation><Command>0</Command><TotalCommand>0</TotalCommand><Agent>70</Agent><TotalAgent>70</TotalAgent><Emmisary>0</Emmisary><TotalEmmisary>0</TotalEmmisary><Mage>0</Mage><TotalMage>0</TotalMage><Stealth>0</Stealth><TotalStealth>0</TotalStealth><Challenge>52</Challenge><Health>100</Health><Title></Title><InformationSource>0</InformationSource><Artifacts/><Spells/></Character><Character ID="tarik"><Name>Tarîkmagân</Name><Location>2636</Location><Nation>18</Nation><Command>0</Command><TotalCommand>0</TotalCommand><Agent>0</Agent><TotalAgent>0</TotalAgent><Emmisary>0</Emmisary><TotalEmmisary>0</TotalEmmisary><Mage>0</Mage><TotalMage>0</TotalMage><Stealth>0</Stealth><TotalStealth>0</TotalStealth><Challenge>0</Challenge><Health>0</Health><Title>Warlord</Title><InformationSource>1</InformationSource><Artifacts/><Spells/></Character><Character ID="aduna"><Name>Adûnaphel</Name><Location>2636</Location><Nation>18</Nation><Command>0</Command><TotalCommand>0</TotalCommand><Agent>0</Agent><TotalAgent>0</TotalAgent><Emmisary>0</Emmisary><TotalEmmisary>0</TotalEmmisary><Mage>0</Mage><TotalMage>0</TotalMage><Stealth>0</Stealth><TotalStealth>0</TotalStealth><Challenge>0</Challenge><Health>0</Health><Title>Curate</Title><InformationSource>1</InformationSource><Artifacts/><Spells/></Character><Character ID="lomip"><Name>Lômiphel</Name><Location>2636</Location><Nation>18</Nation><Command>0</Command><TotalCommand>0</TotalCommand><Agent>0</Agent><TotalAgent>0</TotalAgent><Emmisary>0</Emmisary><TotalEmmisary>0</TotalEmmisary><Mage>0</Mage><TotalMage>0</TotalMage><Stealth>0</Stealth><TotalStealth>0</TotalStealth><Challenge>0</Challenge><Health>0</Health><Title>Proclamator</Title><InformationSource>1</InformationSource><Artifacts/><Spells/></Character><Character ID="gimla"><Name>Gimlan</Name><Location>2636</Location><Nation>18</Nation><Command>0</Command><TotalCommand>0</TotalCommand><Agent>0</Agent><TotalAgent>0</TotalAgent><Emmisary>0</Emmisary><TotalEmmisary>0</TotalEmmisary><Mage>0</Mage><TotalMage>0</TotalMage><Stealth>0</Stealth><TotalStealth>0</TotalStealth><Challenge>0</Challenge><Health>0</Health><Title>Curate</Title><InformationSource>1</InformationSource><Artifacts/><Spells/></Character><Character ID="water"><Name>Water</Name><Location>2636</Location><Nation>21</Nation><Command>0</Command><TotalCommand>0</TotalCommand><Agent>0</Agent><TotalAgent>0</TotalAgent><Emmisary>82</Emmisary><TotalEmmisary>82</TotalEmmisary><Mage>0</Mage><TotalMage>0</TotalMage><Stealth>0</Stealth><TotalStealth>0</TotalStealth><Challenge>41</Challenge><Health>100</Health><Title></Title><InformationSource>0</InformationSource><Artifacts/><Spells/></Character><Character ID="wind "><Name>Wind </Name><Location>2636</Location><Nation>21</Nation><Command>0</Command><TotalCommand>0</TotalCommand><Agent>0</Agent><TotalAgent>0</TotalAgent><Emmisary>75</Emmisary><TotalEmmisary>75</TotalEmmisary><Mage>0</Mage><TotalMage>0</TotalMage><Stealth>0</Stealth><TotalStealth>0</TotalStealth><Challenge>37</Challenge><Health>100</Health><Title></Title><InformationSource>0</InformationSource><Artifacts/><Spells/></Character></Characters>
<Economy><Nation><ArmyMaint>13300</ArmyMaint><PopMaint>4500</PopMaint><CharMaint>22720</CharMaint><TotalMaint>40520</TotalMaint><TaxRate>39</TaxRate><Revenue>26755</Revenue><Surplus>-13765</Surplus><Reserve>0</Reserve><TaxBase>17</TaxBase></Nation><Market><Product type="le"><BuyPrice>2</BuyPrice><SellPrice>1</SellPrice><MarketAvail>17303</MarketAvail><NationStores>6926</NationStores><NationProduction>1360</NationProduction></Product><Product type="br"><BuyPrice>2</BuyPrice><SellPrice>1</SellPrice><MarketAvail>14985</MarketAvail><NationStores>1358</NationStores><NationProduction>679</NationProduction></Product><Product type="st"><BuyPrice>4</BuyPrice><SellPrice>2</SellPrice><MarketAvail>15045</MarketAvail><NationStores>447</NationStores><NationProduction>190</NationProduction></Product><Product type="mi"><BuyPrice>107</BuyPrice><SellPrice>55</SellPrice><MarketAvail>0</MarketAvail><NationStores>0</NationStores><NationProduction>0</NationProduction></Product><Product type="fo"><BuyPrice>2</BuyPrice><SellPrice>1</SellPrice><MarketAvail>254196</MarketAvail><NationStores>0</NationStores><NationProduction>3063</NationProduction></Product><Product type="ti"><BuyPrice>10</BuyPrice><SellPrice>5</SellPrice><MarketAvail>0</MarketAvail><NationStores>33983</NationStores><NationProduction>1434</NationProduction></Product><Product type="mo"><BuyPrice>7</BuyPrice><SellPrice>4</SellPrice><MarketAvail>3692</MarketAvail><NationStores>1805</NationStores><NationProduction>71</NationProduction></Product></Market></Economy>
<PopCentres><PopCentre HexID="1627"><Name>Unknown (Map Icon)</Name><Nation>0</Nation><NationAllegience>0</NationAllegience><FortificationLevel>0</FortificationLevel><Size>2</Size><Dock>0</Dock><Capital>0</Capital><Loyalty>0</Loyalty><InformationSource>4</InformationSource><Hidden>0</Hidden></PopCentre><PopCentre HexID="1920"><Name>Flong Mars</Name><Nation>12</Nation><NationAllegience>0</NationAllegience><FortificationLevel>1</FortificationLevel><Size>4</Size><Dock>0</Dock><Capital>0</Capital><Loyalty>0</Loyalty><InformationSource>3</InformationSource><Hidden>0</Hidden></PopCentre><PopCentre HexID="2120"><Name>Xanabos</Name><Nation>13</Nation><NationAllegience>0</NationAllegience><FortificationLevel>1</FortificationLevel><Size>3</Size><Dock>0</Dock><Capital>0</Capital><Loyalty>0</Loyalty><InformationSource>3</InformationSource><Hidden>0</Hidden></PopCentre><PopCentre HexID="2135"><Name>Narqelion</Name><Nation>21</Nation><NationAllegience>0</NationAllegience><FortificationLevel>0</FortificationLevel><Size>1</Size><Dock>0</Dock><Capital>0</Capital><Loyalty>37</Loyalty><InformationSource>1</InformationSource><Hidden>0</Hidden></PopCentre><PopCentre HexID="2136"><Name>Mountains</Name><Nation>21</Nation><NationAllegience>0</NationAllegience><FortificationLevel>0</FortificationLevel><Size>2</Size><Dock>0</Dock><Capital>0</Capital><Loyalty>54</Loyalty><InformationSource>1</InformationSource><Hidden>0</Hidden></PopCentre><PopCentre HexID="2137"><Name>Hills</Name><Nation>21</Nation><NationAllegience>0</NationAllegience><FortificationLevel>2</FortificationLevel><Size>5</Size><Dock>0</Dock><Capital>1</Capital><Loyalty>75</Loyalty><InformationSource>1</InformationSource><Hidden>0</Hidden></PopCentre><PopCentre HexID="2139"><Name>Rough</Name><Nation>21</Nation><NationAllegience>0</NationAllegience><FortificationLevel>1</FortificationLevel><Size>4</Size><Dock>2</Dock><Capital>0</Capital><Loyalty>37</Loyalty><InformationSource>1</InformationSource><Hidden>0</Hidden></PopCentre><PopCentre HexID="2227"><Name>Unknown (Map Icon)</Name><Nation>0</Nation><NationAllegience>0</NationAllegience><FortificationLevel>1</FortificationLevel><Size>3</Size><Dock>1</Dock><Capital>0</Capital><Loyalty>0</Loyalty><InformationSource>4</InformationSource><Hidden>0</Hidden></PopCentre><PopCentre HexID="2235"><Name>Korondë</Name><Nation>21</Nation><NationAllegience>0</NationAllegience><FortificationLevel>0</FortificationLevel><Size>3</Size><Dock>0</Dock><Capital>0</Capital><Loyalty>37</Loyalty><InformationSource>1</InformationSource><Hidden>0</Hidden></PopCentre><PopCentre HexID="2236"><Name>Desert</Name><Nation>21</Nation><NationAllegience>0</NationAllegience><FortificationLevel>1</FortificationLevel><Size>1</Size><Dock>0</Dock><Capital>0</Capital><Loyalty>59</Loyalty><InformationSource>1</InformationSource><Hidden>0</Hidden></PopCentre><PopCentre HexID="2239"><Name>Unknown (Map Icon)</Name><Nation>0</Nation><NationAllegience>0</NationAllegience><FortificationLevel>0</FortificationLevel><Size>2</Size><Dock>0</Dock><Capital>0</Capital><Loyalty>0</Loyalty><InformationSource>4</InformationSource><Hidden>0</Hidden></PopCentre><PopCentre HexID="2335"><Name>Swamp</Name><Nation>21</Nation><NationAllegience>0</NationAllegience><FortificationLevel>1</FortificationLevel><Size>1</Size><Dock>0</Dock><Capital>0</Capital><Loyalty>38</Loyalty><InformationSource>1</InformationSource><Hidden>0</Hidden></PopCentre><PopCentre HexID="2336"><Name>Amrûn</Name><Nation>21</Nation><NationAllegience>0</NationAllegience><FortificationLevel>0</FortificationLevel><Size>2</Size><Dock>0</Dock><Capital>0</Capital><Loyalty>55</Loyalty><InformationSource>1</InformationSource><Hidden>0</Hidden></PopCentre><PopCentre HexID="2337"><Name>Plains</Name><Nation>21</Nation><NationAllegience>0</NationAllegience><FortificationLevel>1</FortificationLevel><Size>3</Size><Dock>1</Dock><Capital>0</Capital><Loyalty>36</Loyalty><InformationSource>1</InformationSource><Hidden>0</Hidden></PopCentre><PopCentre HexID="2339"><Name></Name><Nation>0</Nation><NationAllegience>0</NationAllegience><FortificationLevel>1</FortificationLevel><Size>6</Size><Dock>0</Dock><Capital>0</Capital><Loyalty>0</Loyalty><InformationSource>2</InformationSource><Hidden>0</Hidden></PopCentre><PopCentre HexID="2435"><Name>Deldúwath</Name><Nation>21</Nation><NationAllegience>0</NationAllegience><FortificationLevel>0</FortificationLevel><Size>1</Size><Dock>0</Dock><Capital>0</Capital><Loyalty>29</Loyalty><InformationSource>1</InformationSource><Hidden>0</Hidden></PopCentre><PopCentre HexID="2437"><Name></Name><Nation>2</Nation><NationAllegience>0</NationAllegience><FortificationLevel>0</FortificationLevel><Size>1</Size><Dock>0</Dock><Capital>0</Capital><Loyalty>0</Loyalty><InformationSource>2</InformationSource><Hidden>0</Hidden></PopCentre><PopCentre HexID="2536"><Name>Mae Govannon</Name><Nation>21</Nation><NationAllegience>0</NationAllegience><FortificationLevel>0</FortificationLevel><Size>2</Size><Dock>0</Dock><Capital>0</Capital><Loyalty>46</Loyalty><InformationSource>1</InformationSource><Hidden>0</Hidden></PopCentre><PopCentre HexID="2537"><Name>Darthir</Name><Nation>21</Nation><NationAllegience>0</NationAllegience><FortificationLevel>0</FortificationLevel><Size>2</Size><Dock>0</Dock><Capital>0</Capital><Loyalty>55</Loyalty><InformationSource>1</InformationSource><Hidden>0</Hidden></PopCentre><PopCentre HexID="2634"><Name>Mukatana</Name><Nation>21</Nation><NationAllegience>0</NationAllegience><FortificationLevel>0</FortificationLevel><Size>1</Size><Dock>0</Dock><Capital>0</Capital><Loyalty>39</Loyalty><InformationSource>1</InformationSource><Hidden>0</Hidden></PopCentre><PopCentre HexID="2636"><Name>Falassë</Name><Nation>18</Nation><NationAllegience>0</NationAllegience><FortificationLevel>2</FortificationLevel><Size>4</Size><Dock>0</Dock><Capital>0</Capital><Loyalty>0</Loyalty><InformationSource>3</InformationSource><Hidden>0</Hidden></PopCentre><PopCentre HexID="2734"><Name>Of Fear</Name><Nation>21</Nation><NationAllegience>0</NationAllegience><FortificationLevel>1</FortificationLevel><Size>3</Size><Dock>1</Dock><Capital>0</Capital><Loyalty>35</Loyalty><InformationSource>1</InformationSource><Hidden>0</Hidden></PopCentre><PopCentre HexID="2935"><Name>Lámina</Name><Nation>21</Nation><NationAllegience>0</NationAllegience><FortificationLevel>0</FortificationLevel><Size>1</Size><Dock>0</Dock><Capital>0</Capital><Loyalty>76</Loyalty><InformationSource>1</InformationSource><Hidden>0</Hidden></PopCentre><PopCentre HexID="3336"><Name>MPEG-2</Name><Nation>21</Nation><NationAllegience>0</NationAllegience><FortificationLevel>0</FortificationLevel><Size>1</Size><Dock>0</Dock><Capital>0</Capital><Loyalty>50</Loyalty><InformationSource>1</InformationSource><Hidden>0</Hidden></PopCentre></PopCentres><Armies><Army HexID="2137"><Nation>21</Nation><NationAllegience>0</NationAllegience><Size>3</Size><TroopCount>700</TroopCount><Commander>Dark </Commander><CommanderTitle>Regent</CommanderTitle><ExtraInfo>500HC 200MA</ExtraInfo><Navy>0</Navy><InformationSource>1</InformationSource><CharsTravellingWith>Cinard</CharsTravellingWith></Army><Army HexID="2137"><Nation>0</Nation><NationAllegience>1</NationAllegience><Size>0</Size><TroopCount>0</TroopCount><Commander>Unknown (Map Icon)</Commander><CommanderTitle></CommanderTitle><ExtraInfo></ExtraInfo><Navy>0</Navy><InformationSource>4</InformationSource><CharsTravellingWith></CharsTravellingWith></Army><Army HexID="2339"><Nation>21</Nation><NationAllegience>0</NationAllegience><Size>0</Size><TroopCount>900</TroopCount><Commander>Fire </Commander><CommanderTitle>Regent</CommanderTitle><ExtraInfo>400HC 400HI 100MA</ExtraInfo><Navy>0</Navy><InformationSource>1</InformationSource><CharsTravellingWith></CharsTravellingWith></Army><Army HexID="2339"><Nation>0</Nation><NationAllegience>1</NationAllegience><Size>0</Size><TroopCount>0</TroopCount><Commander>Unknown (Map Icon)</Commander><CommanderTitle></CommanderTitle><ExtraInfo></ExtraInfo><Navy>0</Navy><InformationSource>4</InformationSource><CharsTravellingWith></CharsTravellingWith></Army><Army HexID="2536"><Nation>2</Nation><NationAllegience>0</NationAllegience><Size>3</Size><TroopCount>0</TroopCount><Commander>Cereanth</Commander><CommanderTitle>Commander</CommanderTitle><ExtraInfo></ExtraInfo><Navy>0</Navy><InformationSource>3</InformationSource><CharsTravellingWith></CharsTravellingWith></Army><Army HexID="2536"><Nation>21</Nation><NationAllegience>0</NationAllegience><Size>3</Size><TroopCount>1000</TroopCount><Commander>Null </Commander><CommanderTitle>Captain</CommanderTitle><ExtraInfo>1000HC</ExtraInfo><Navy>0</Navy><InformationSource>1</InformationSource><CharsTravellingWith></CharsTravellingWith></Army><Army HexID="2536"><Nation>18</Nation><NationAllegience>0</NationAllegience><Size>2</Size><TroopCount>0</TroopCount><Commander>Saptheth</Commander><CommanderTitle>Hero</CommanderTitle><ExtraInfo></ExtraInfo><Navy>0</Navy><InformationSource>3</InformationSource><CharsTravellingWith></CharsTravellingWith></Army><Army HexID="2537"><Nation>18</Nation><NationAllegience>0</NationAllegience><Size>3</Size><TroopCount>0</TroopCount><Commander>Bawbuzagar</Commander><CommanderTitle>Hero</CommanderTitle><ExtraInfo></ExtraInfo><Navy>0</Navy><InformationSource>3</InformationSource><CharsTravellingWith></CharsTravellingWith></Army></Armies><NationInfo><EmptyPopHexes HexIDList="1628,1629,1630,1631,1632,1633,1634,1635,1636,1637,1638,1639,1727,1728,1729,1730,1731,1732,1733,1734,1735,1736,1737,1738,1739,1827,1828,1829,1830,1831,1832,1833,1834,1835,1836,1837,1838,1839,1927,1928,1929,1930,1931,1932,1933,1934,1935,1936,1937,1938,1939,2027,2028,2029,2030,2031,2032,2033,2034,2035,2036,2037,2038,2039,2127,2128,2129,2130,2131,2132,2133,2134,2138,2228,2229,2230,2231,2232,2233,2234,2237,2238,2327,2328,2329,2330,2331,2332,2333,2334,2338,2339,2427,2429,2431,2433,2439"/><PopHexes HexIDList="1627,2135,2136,2137,2139,2227,2235,2236,2239,2335,2336,2337,2435,2437"/><NationMessages><NationMessage>There are rumors of an armed conflict involving the Sundered and the Sheri-Urk at 2314. </NationMessage><NationMessage>6586 Gold was stolen at Rough. </NationMessage></NationMessages></NationInfo><Nations><Nation ID="0">Unknown</Nation><Nation ID="1">North Kingdom</Nation><Nation ID="2">South Kingdom</Nation><Nation ID="3">Wise Council</Nation><Nation ID="4">Acadians</Nation><Nation ID="5">Silent Assembly</Nation><Nation ID="6">Thorinar</Nation><Nation ID="7">Sapphic Enclave</Nation><Nation ID="8">Nameless</Nation><Nation ID="9">Ground Pounders</Nation><Nation ID="10">Sundered</Nation><Nation ID="11">Lohmai'gwaith</Nation><Nation ID="12">Sheri-Urk</Nation><Nation ID="13">Red Witches</Nation><Nation ID="14">Dark Feast</Nation><Nation ID="15">Twilight Hammer</Nation><Nation ID="16">Sh'iar Empire</Nation><Nation ID="17">Great Trollusk</Nation><Nation ID="18">Benîm an Pharazôn</Nation><Nation ID="19">RhunLandChattelCo</Nation><Nation ID="20">Tribes of Angmar</Nation><Nation ID="21">Lands</Nation><Nation ID="22">Sing a Song</Nation><Nation ID="23">Once Upon a Time</Nation><Nation ID="24">Plane</Nation><Nation ID="25">Alvernus</Nation></Nations></METurn>
