<METurn METURNVERSION="V2.0.2"><TurnInfo><GameNo>141</GameNo><TurnNo>23</TurnNo><NationNo>23</NationNo><GameType>Fourth Age, circa 1000</GameType><NationCapitalHex>3712</NationCapitalHex><DueDate>AUGUST 25 2013</DueDate><Secret>5317</Secret><Player>ANASTASIA GEMELLI</Player><Account>110894</Account><NationEliminated>0</NationEliminated><Int>9C69956A669999699564649EA06A</Int></TurnInfo><Characters><Character ID="cener"><Name>Cenerentola</Name><Location>2016</Location><Nation>23</Nation><Command>24</Command><TotalCommand>24</TotalCommand><Agent>0</Agent><TotalAgent>0</TotalAgent><Emmisary>53</Emmisary><TotalEmmisary>53</TotalEmmisary><Mage>0</Mage><TotalMage>0</TotalMage><Stealth>0</Stealth><TotalStealth>0</TotalStealth><Challenge>32</Challenge><Health>100</Health><Title></Title><InformationSource>0</InformationSource><Artifacts/><Spells/></Character><Character ID="cappu"><Name>Cappuccetto Rosso</Name><Location>2510</Location><Nation>23</Nation><Command>51</Command><TotalCommand>51</TotalCommand><Agent>0</Agent><TotalAgent>0</TotalAgent><Emmisary>0</Emmisary><TotalEmmisary>0</TotalEmmisary><Mage>63</Mage><TotalMage>63</TotalMage><Stealth>0</Stealth><TotalStealth>0</TotalStealth><Challenge>90</Challenge><Health>100</Health><Title></Title><InformationSource>0</InformationSource><Artifacts><Artifact>#126 Macirillë</Artifact></Artifacts><Spells><Spell>#102 Barriers(96)</Spell><Spell>#412 Research Artifact(100)</Spell><Spell>#418 Locate Artifact(67)</Spell><Spell>#502 Weakness(91)</Spell><Spell>#508 Conjure Mounts(100)</Spell></Spells></Character><Character ID="gatto"><Name>Gatto</Name><Location>2510</Location><Nation>23</Nation><Command>77</Command><TotalCommand>77</TotalCommand><Agent>0</Agent><TotalAgent>0</TotalAgent><Emmisary>0</Emmisary><TotalEmmisary>0</TotalEmmisary><Mage>50</Mage><TotalMage>50</TotalMage><Stealth>0</Stealth><TotalStealth>0</TotalStealth><Challenge>104</Challenge><Health>100</Health><Title></Title><InformationSource>0</InformationSource><Artifacts><Artifact>#72 Axe of Braogha</Artifact></Artifacts><Spells><Spell>#102 Barriers(100)</Spell><Spell>#416 Reveal Production(89)</Spell><Spell>#420 Reveal Character(72)</Spell><Spell>#508 Conjure Mounts(71)</Spell></Spells></Character><Character ID="polli"><Name>Pollicino</Name><Location>2510</Location><Nation>23</Nation><Command>0</Command><TotalCommand>0</TotalCommand><Agent>0</Agent><TotalAgent>0</TotalAgent><Emmisary>0</Emmisary><TotalEmmisary>0</TotalEmmisary><Mage>72</Mage><TotalMage>72</TotalMage><Stealth>0</Stealth><TotalStealth>0</TotalStealth><Challenge>72</Challenge><Health>100</Health><Title></Title><InformationSource>0</InformationSource><Artifacts/><Spells><Spell>#102 Barriers(86)</Spell><Spell>#218 Wall of Wind(66)</Spell><Spell>#308 Capital Return(94)</Spell><Spell>#314 Teleport(82)</Spell><Spell>#414 Scry Hex(84)</Spell><Spell>#506 Curses(42)</Spell><Spell>#508 Conjure Mounts(97)</Spell></Spells></Character><Character ID="cical"><Name>Cicala</Name><Location>2636</Location><Nation>23</Nation><Command>0</Command><TotalCommand>0</TotalCommand><Agent>0</Agent><TotalAgent>0</TotalAgent><Emmisary>79</Emmisary><TotalEmmisary>79</TotalEmmisary><Mage>0</Mage><TotalMage>0</TotalMage><Stealth>0</Stealth><TotalStealth>0</TotalStealth><Challenge>39</Challenge><Health>100</Health><Title></Title><InformationSource>0</InformationSource><Artifacts/><Spells/></Character><Character ID="decod"><Name>Decoder</Name><Location>2636</Location><Nation>23</Nation><Command>0</Command><TotalCommand>0</TotalCommand><Agent>0</Agent><TotalAgent>0</TotalAgent><Emmisary>65</Emmisary><TotalEmmisary>65</TotalEmmisary><Mage>0</Mage><TotalMage>0</TotalMage><Stealth>0</Stealth><TotalStealth>0</TotalStealth><Challenge>32</Challenge><Health>100</Health><Title></Title><InformationSource>0</InformationSource><Artifacts/><Spells/></Character><Character ID="grete"><Name>Gretel</Name><Location>2636</Location><Nation>23</Nation><Command>0</Command><TotalCommand>0</TotalCommand><Agent>0</Agent><TotalAgent>0</TotalAgent><Emmisary>83</Emmisary><TotalEmmisary>83</TotalEmmisary><Mage>0</Mage><TotalMage>0</TotalMage><Stealth>0</Stealth><TotalStealth>0</TotalStealth><Challenge>41</Challenge><Health>100</Health><Title></Title><InformationSource>0</InformationSource><Artifacts/><Spells/></Character><Character ID="muxes"><Name>Muxes</Name><Location>2636</Location><Nation>23</Nation><Command>10</Command><TotalCommand>10</TotalCommand><Agent>0</Agent><TotalAgent>0</TotalAgent><Emmisary>72</Emmisary><TotalEmmisary>72</TotalEmmisary><Mage>0</Mage><TotalMage>0</TotalMage><Stealth>0</Stealth><TotalStealth>0</TotalStealth><Challenge>38</Challenge><Health>100</Health><Title></Title><InformationSource>0</InformationSource><Artifacts/><Spells/></Character><Character ID="cacci"><Name>Cacciatore</Name><Location>2711</Location><Nation>23</Nation><Command>0</Command><TotalCommand>0</TotalCommand><Agent>0</Agent><TotalAgent>0</TotalAgent><Emmisary>42</Emmisary><TotalEmmisary>42</TotalEmmisary><Mage>0</Mage><TotalMage>0</TotalMage><Stealth>0</Stealth><TotalStealth>0</TotalStealth><Challenge>21</Challenge><Health>100</Health><Title></Title><InformationSource>0</InformationSource><Artifacts/><Spells/></Character><Character ID="solit"><Name>Solitaria</Name><Location>2711</Location><Nation>23</Nation><Command>10</Command><TotalCommand>10</TotalCommand><Agent>10</Agent><TotalAgent>10</TotalAgent><Emmisary>18</Emmisary><TotalEmmisary>18</TotalEmmisary><Mage>0</Mage><TotalMage>0</TotalMage><Stealth>0</Stealth><TotalStealth>0</TotalStealth><Challenge>14</Challenge><Health>100</Health><Title></Title><InformationSource>0</InformationSource><Artifacts/><Spells/></Character><Character ID="pinoc"><Name>Pinocchio</Name><Location>3405</Location><Nation>23</Nation><Command>70</Command><TotalCommand>70</TotalCommand><Agent>0</Agent><TotalAgent>0</TotalAgent><Emmisary>0</Emmisary><TotalEmmisary>0</TotalEmmisary><Mage>58</Mage><TotalMage>58</TotalMage><Stealth>0</Stealth><TotalStealth>0</TotalStealth><Challenge>84</Challenge><Health>100</Health><Title></Title><InformationSource>0</InformationSource><Artifacts/><Spells><Spell>#102 Barriers(74)</Spell><Spell>#412 Research Artifact(90)</Spell><Spell>#418 Locate Artifact(80)</Spell><Spell>#508 Conjure Mounts(100)</Spell></Spells></Character><Character ID="brici"><Name>Briciolina</Name><Location>3712</Location><Nation>23</Nation><Command>0</Command><TotalCommand>0</TotalCommand><Agent>0</Agent><TotalAgent>0</TotalAgent><Emmisary>0</Emmisary><TotalEmmisary>0</TotalEmmisary><Mage>44</Mage><TotalMage>44</TotalMage><Stealth>0</Stealth><TotalStealth>0</TotalStealth><Challenge>44</Challenge><Health>100</Health><Title></Title><InformationSource>0</InformationSource><Artifacts/><Spells><Spell>#102 Barriers(75)</Spell><Spell>#202 Call Fire(91)</Spell><Spell>#302 Long Stride(86)</Spell><Spell>#408 Perceive Nationality(58)</Spell></Spells></Character><Character ID="lupo "><Name>Lupo </Name><Location>3712</Location><Nation>23</Nation><Command>68</Command><TotalCommand>68</TotalCommand><Agent>0</Agent><TotalAgent>0</TotalAgent><Emmisary>44</Emmisary><TotalEmmisary>44</TotalEmmisary><Mage>0</Mage><TotalMage>0</TotalMage><Stealth>0</Stealth><TotalStealth>0</TotalStealth><Challenge>73</Challenge><Health>100</Health><Title></Title><InformationSource>0</InformationSource><Artifacts/><Spells/></Character><Character ID="robin"><Name>Robin Hood</Name><Location>3712</Location><Nation>23</Nation><Command>0</Command><TotalCommand>0</TotalCommand><Agent>0</Agent><TotalAgent>0</TotalAgent><Emmisary>0</Emmisary><TotalEmmisary>0</TotalEmmisary><Mage>58</Mage><TotalMage>58</TotalMage><Stealth>0</Stealth><TotalStealth>0</TotalStealth><Challenge>58</Challenge><Health>100</Health><Title></Title><InformationSource>0</InformationSource><Artifacts/><Spells><Spell>#102 Barriers(93)</Spell><Spell>#214 Call Winds(78)</Spell><Spell>#308 Capital Return(80)</Spell><Spell>#402 Perceive Allegiance(68)</Spell><Spell>#508 Conjure Mounts(85)</Spell></Spells></Character><Character ID="sabbi"><Name>Sabbiolina</Name><Location>3712</Location><Nation>23</Nation><Command>0</Command><TotalCommand>0</TotalCommand><Agent>0</Agent><TotalAgent>0</TotalAgent><Emmisary>0</Emmisary><TotalEmmisary>0</TotalEmmisary><Mage>70</Mage><TotalMage>70</TotalMage><Stealth>0</Stealth><TotalStealth>0</TotalStealth><Challenge>70</Challenge><Health>100</Health><Title></Title><InformationSource>0</InformationSource><Artifacts/><Spells><Spell>#102 Barriers(90)</Spell><Spell>#214 Call Winds(69)</Spell><Spell>#302 Long Stride(84)</Spell><Spell>#413 Scry Population Center(88)</Spell><Spell>#508 Conjure Mounts(100)</Spell></Spells></Character><Character ID="volpe"><Name>Volpe</Name><Location>3712</Location><Nation>23</Nation><Command>64</Command><TotalCommand>64</TotalCommand><Agent>0</Agent><TotalAgent>0</TotalAgent><Emmisary>0</Emmisary><TotalEmmisary>0</TotalEmmisary><Mage>55</Mage><TotalMage>55</TotalMage><Stealth>0</Stealth><TotalStealth>0</TotalStealth><Challenge>77</Challenge><Health>100</Health><Title></Title><InformationSource>0</InformationSource><Artifacts/><Spells><Spell>#102 Barriers(86)</Spell><Spell>#404 Perceive Relations(92)</Spell><Spell>#414 Scry Hex(86)</Spell><Spell>#508 Conjure Mounts(83)</Spell></Spells></Character><Character ID="nonna"><Name>Nonna</Name><Location>3713</Location><Nation>23</Nation><Command>0</Command><TotalCommand>0</TotalCommand><Agent>0</Agent><TotalAgent>0</TotalAgent><Emmisary>57</Emmisary><TotalEmmisary>57</TotalEmmisary><Mage>0</Mage><TotalMage>0</TotalMage><Stealth>0</Stealth><TotalStealth>0</TotalStealth><Challenge>28</Challenge><Health>100</Health><Title></Title><InformationSource>0</InformationSource><Artifacts/><Spells/></Character><Character ID="picco"><Name>Piccola Vedetta</Name><Location>3713</Location><Nation>23</Nation><Command>0</Command><TotalCommand>0</TotalCommand><Agent>0</Agent><TotalAgent>0</TotalAgent><Emmisary>61</Emmisary><TotalEmmisary>61</TotalEmmisary><Mage>0</Mage><TotalMage>0</TotalMage><Stealth>0</Stealth><TotalStealth>0</TotalStealth><Challenge>30</Challenge><Health>100</Health><Title></Title><InformationSource>0</InformationSource><Artifacts/><Spells/></Character><Character ID="nagur"><Name>Nagur</Name><Location>3806</Location><Nation>0</Nation><Command>0</Command><TotalCommand>0</TotalCommand><Agent>0</Agent><TotalAgent>0</TotalAgent><Emmisary>0</Emmisary><TotalEmmisary>0</TotalEmmisary><Mage>0</Mage><TotalMage>0</TotalMage><Stealth>0</Stealth><TotalStealth>0</TotalStealth><Challenge>0</Challenge><Health>0</Health><Title></Title><InformationSource>2</InformationSource><Artifacts/><Spells/></Character><Character ID="azzur"><Name>Azzurro</Name><Location>4433</Location><Nation>23</Nation><Command>18</Command><TotalCommand>18</TotalCommand><Agent>80</Agent><TotalAgent>80</TotalAgent><Emmisary>0</Emmisary><TotalEmmisary>0</TotalEmmisary><Mage>0</Mage><TotalMage>0</TotalMage><Stealth>10</Stealth><TotalStealth>10</TotalStealth><Challenge>64</Challenge><Health>100</Health><Title></Title><InformationSource>0</InformationSource><Artifacts/><Spells/></Character></Characters>
<Economy><Nation><ArmyMaint>17928</ArmyMaint><PopMaint>7750</PopMaint><CharMaint>30520</CharMaint><TotalMaint>56198</TotalMaint><TaxRate>60</TaxRate><Revenue>57600</Revenue><Surplus>1402</Surplus><Reserve>0</Reserve><TaxBase>33</TaxBase></Nation><Market><Product type="le"><BuyPrice>2</BuyPrice><SellPrice>1</SellPrice><MarketAvail>19045</MarketAvail><NationStores>8290</NationStores><NationProduction>1171</NationProduction></Product><Product type="br"><BuyPrice>2</BuyPrice><SellPrice>1</SellPrice><MarketAvail>24762</MarketAvail><NationStores>11576</NationStores><NationProduction>1432</NationProduction></Product><Product type="st"><BuyPrice>5</BuyPrice><SellPrice>3</SellPrice><MarketAvail>6991</MarketAvail><NationStores>808</NationStores><NationProduction>648</NationProduction></Product><Product type="mi"><BuyPrice>69</BuyPrice><SellPrice>36</SellPrice><MarketAvail>203</MarketAvail><NationStores>424</NationStores><NationProduction>112</NationProduction></Product><Product type="fo"><BuyPrice>2</BuyPrice><SellPrice>1</SellPrice><MarketAvail>310126</MarketAvail><NationStores>0</NationStores><NationProduction>4838</NationProduction></Product><Product type="ti"><BuyPrice>2</BuyPrice><SellPrice>1</SellPrice><MarketAvail>33170</MarketAvail><NationStores>5334</NationStores><NationProduction>606</NationProduction></Product><Product type="mo"><BuyPrice>6</BuyPrice><SellPrice>3</SellPrice><MarketAvail>5071</MarketAvail><NationStores>1863</NationStores><NationProduction>82</NationProduction></Product></Market></Economy>
<PopCentres><PopCentre HexID="2016"><Name>Delothden</Name><Nation>12</Nation><NationAllegience>0</NationAllegience><FortificationLevel>0</FortificationLevel><Size>2</Size><Dock>0</Dock><Capital>0</Capital><Loyalty>0</Loyalty><InformationSource>3</InformationSource><Hidden>0</Hidden></PopCentre><PopCentre HexID="2510"><Name>Keolan</Name><Nation>22</Nation><NationAllegience>0</NationAllegience><FortificationLevel>0</FortificationLevel><Size>1</Size><Dock>0</Dock><Capital>0</Capital><Loyalty>0</Loyalty><InformationSource>3</InformationSource><Hidden>0</Hidden></PopCentre><PopCentre HexID="2610"><Name>Herëamon</Name><Nation>23</Nation><NationAllegience>0</NationAllegience><FortificationLevel>0</FortificationLevel><Size>1</Size><Dock>0</Dock><Capital>0</Capital><Loyalty>36</Loyalty><InformationSource>1</InformationSource><Hidden>0</Hidden></PopCentre><PopCentre HexID="2636"><Name>Falassë</Name><Nation>18</Nation><NationAllegience>0</NationAllegience><FortificationLevel>2</FortificationLevel><Size>5</Size><Dock>0</Dock><Capital>0</Capital><Loyalty>0</Loyalty><InformationSource>3</InformationSource><Hidden>0</Hidden></PopCentre><PopCentre HexID="2711"><Name>Neverending</Name><Nation>23</Nation><NationAllegience>0</NationAllegience><FortificationLevel>1</FortificationLevel><Size>4</Size><Dock>0</Dock><Capital>0</Capital><Loyalty>81</Loyalty><InformationSource>1</InformationSource><Hidden>0</Hidden></PopCentre><PopCentre HexID="3209"><Name>Unknown (Map Icon)</Name><Nation>0</Nation><NationAllegience>0</NationAllegience><FortificationLevel>0</FortificationLevel><Size>2</Size><Dock>0</Dock><Capital>0</Capital><Loyalty>0</Loyalty><InformationSource>4</InformationSource><Hidden>0</Hidden></PopCentre><PopCentre HexID="3210"><Name>Unknown (Map Icon)</Name><Nation>0</Nation><NationAllegience>0</NationAllegience><FortificationLevel>0</FortificationLevel><Size>1</Size><Dock>0</Dock><Capital>0</Capital><Loyalty>0</Loyalty><InformationSource>4</InformationSource><Hidden>0</Hidden></PopCentre><PopCentre HexID="3305"><Name>Unknown (Map Icon)</Name><Nation>0</Nation><NationAllegience>0</NationAllegience><FortificationLevel>0</FortificationLevel><Size>3</Size><Dock>0</Dock><Capital>0</Capital><Loyalty>0</Loyalty><InformationSource>4</InformationSource><Hidden>0</Hidden></PopCentre><PopCentre HexID="3322"><Name>Montagna</Name><Nation>23</Nation><NationAllegience>0</NationAllegience><FortificationLevel>0</FortificationLevel><Size>1</Size><Dock>0</Dock><Capital>0</Capital><Loyalty>18</Loyalty><InformationSource>1</InformationSource><Hidden>0</Hidden></PopCentre><PopCentre HexID="3421"><Name>Fiaba</Name><Nation>23</Nation><NationAllegience>0</NationAllegience><FortificationLevel>0</FortificationLevel><Size>3</Size><Dock>0</Dock><Capital>0</Capital><Loyalty>44</Loyalty><InformationSource>1</InformationSource><Hidden>0</Hidden></PopCentre><PopCentre HexID="3423"><Name>Barad-dûr</Name><Nation>23</Nation><NationAllegience>0</NationAllegience><FortificationLevel>1</FortificationLevel><Size>2</Size><Dock>0</Dock><Capital>0</Capital><Loyalty>53</Loyalty><InformationSource>1</InformationSource><Hidden>0</Hidden></PopCentre><PopCentre HexID="3430"><Name>Spiaggia</Name><Nation>23</Nation><NationAllegience>0</NationAllegience><FortificationLevel>0</FortificationLevel><Size>1</Size><Dock>0</Dock><Capital>0</Capital><Loyalty>24</Loyalty><InformationSource>1</InformationSource><Hidden>0</Hidden></PopCentre><PopCentre HexID="3506"><Name>Sisska</Name><Nation>23</Nation><NationAllegience>0</NationAllegience><FortificationLevel>0</FortificationLevel><Size>2</Size><Dock>0</Dock><Capital>0</Capital><Loyalty>38</Loyalty><InformationSource>1</InformationSource><Hidden>0</Hidden></PopCentre><PopCentre HexID="3607"><Name>Unknown (Map Icon)</Name><Nation>0</Nation><NationAllegience>0</NationAllegience><FortificationLevel>0</FortificationLevel><Size>2</Size><Dock>0</Dock><Capital>0</Capital><Loyalty>0</Loyalty><InformationSource>4</InformationSource><Hidden>0</Hidden></PopCentre><PopCentre HexID="3612"><Name>Terrano</Name><Nation>23</Nation><NationAllegience>0</NationAllegience><FortificationLevel>1</FortificationLevel><Size>3</Size><Dock>1</Dock><Capital>0</Capital><Loyalty>54</Loyalty><InformationSource>1</InformationSource><Hidden>0</Hidden></PopCentre><PopCentre HexID="3705"><Name>Farfaraway</Name><Nation>23</Nation><NationAllegience>0</NationAllegience><FortificationLevel>0</FortificationLevel><Size>1</Size><Dock>0</Dock><Capital>0</Capital><Loyalty>37</Loyalty><InformationSource>1</InformationSource><Hidden>0</Hidden></PopCentre><PopCentre HexID="3706"><Name>Lagna Sa</Name><Nation>23</Nation><NationAllegience>0</NationAllegience><FortificationLevel>1</FortificationLevel><Size>4</Size><Dock>0</Dock><Capital>0</Capital><Loyalty>50</Loyalty><InformationSource>1</InformationSource><Hidden>0</Hidden></PopCentre><PopCentre HexID="3707"><Name>Unknown (Map Icon)</Name><Nation>0</Nation><NationAllegience>0</NationAllegience><FortificationLevel>0</FortificationLevel><Size>3</Size><Dock>0</Dock><Capital>0</Capital><Loyalty>0</Loyalty><InformationSource>4</InformationSource><Hidden>0</Hidden></PopCentre><PopCentre HexID="3708"><Name>Thiach</Name><Nation>23</Nation><NationAllegience>0</NationAllegience><FortificationLevel>0</FortificationLevel><Size>2</Size><Dock>0</Dock><Capital>0</Capital><Loyalty>17</Loyalty><InformationSource>1</InformationSource><Hidden>0</Hidden></PopCentre><PopCentre HexID="3711"><Name>Ponte</Name><Nation>23</Nation><NationAllegience>0</NationAllegience><FortificationLevel>1</FortificationLevel><Size>3</Size><Dock>0</Dock><Capital>0</Capital><Loyalty>45</Loyalty><InformationSource>1</InformationSource><Hidden>0</Hidden></PopCentre><PopCentre HexID="3712"><Name>Casa</Name><Nation>23</Nation><NationAllegience>0</NationAllegience><FortificationLevel>1</FortificationLevel><Size>5</Size><Dock>2</Dock><Capital>1</Capital><Loyalty>90</Loyalty><InformationSource>1</InformationSource><Hidden>0</Hidden></PopCentre><PopCentre HexID="3713"><Name>Campo</Name><Nation>14</Nation><NationAllegience>0</NationAllegience><FortificationLevel>0</FortificationLevel><Size>2</Size><Dock>0</Dock><Capital>0</Capital><Loyalty>0</Loyalty><InformationSource>3</InformationSource><Hidden>0</Hidden></PopCentre><PopCentre HexID="3716"><Name>Unknown (Map Icon)</Name><Nation>0</Nation><NationAllegience>0</NationAllegience><FortificationLevel>0</FortificationLevel><Size>2</Size><Dock>0</Dock><Capital>0</Capital><Loyalty>0</Loyalty><InformationSource>4</InformationSource><Hidden>0</Hidden></PopCentre><PopCentre HexID="3806"><Name>Fortino</Name><Nation>23</Nation><NationAllegience>0</NationAllegience><FortificationLevel>2</FortificationLevel><Size>1</Size><Dock>0</Dock><Capital>0</Capital><Loyalty>32</Loyalty><InformationSource>1</InformationSource><Hidden>0</Hidden></PopCentre><PopCentre HexID="3807"><Name>Ragnar Sa</Name><Nation>23</Nation><NationAllegience>0</NationAllegience><FortificationLevel>1</FortificationLevel><Size>4</Size><Dock>0</Dock><Capital>0</Capital><Loyalty>59</Loyalty><InformationSource>1</InformationSource><Hidden>0</Hidden></PopCentre><PopCentre HexID="3811"><Name>Pianura</Name><Nation>23</Nation><NationAllegience>0</NationAllegience><FortificationLevel>1</FortificationLevel><Size>3</Size><Dock>0</Dock><Capital>0</Capital><Loyalty>55</Loyalty><InformationSource>1</InformationSource><Hidden>0</Hidden></PopCentre><PopCentre HexID="3821"><Name>Pioggia</Name><Nation>23</Nation><NationAllegience>0</NationAllegience><FortificationLevel>0</FortificationLevel><Size>2</Size><Dock>0</Dock><Capital>0</Capital><Loyalty>26</Loyalty><InformationSource>1</InformationSource><Hidden>0</Hidden></PopCentre><PopCentre HexID="3906"><Name>Pul Rug Na</Name><Nation>23</Nation><NationAllegience>0</NationAllegience><FortificationLevel>0</FortificationLevel><Size>3</Size><Dock>0</Dock><Capital>0</Capital><Loyalty>35</Loyalty><InformationSource>1</InformationSource><Hidden>0</Hidden></PopCentre><PopCentre HexID="3912"><Name>Unknown (Map Icon)</Name><Nation>0</Nation><NationAllegience>0</NationAllegience><FortificationLevel>1</FortificationLevel><Size>4</Size><Dock>0</Dock><Capital>0</Capital><Loyalty>0</Loyalty><InformationSource>4</InformationSource><Hidden>0</Hidden></PopCentre><PopCentre HexID="4012"><Name>Prato</Name><Nation>23</Nation><NationAllegience>0</NationAllegience><FortificationLevel>1</FortificationLevel><Size>2</Size><Dock>0</Dock><Capital>0</Capital><Loyalty>47</Loyalty><InformationSource>1</InformationSource><Hidden>0</Hidden></PopCentre><PopCentre HexID="4013"><Name>Castello</Name><Nation>23</Nation><NationAllegience>0</NationAllegience><FortificationLevel>2</FortificationLevel><Size>4</Size><Dock>0</Dock><Capital>0</Capital><Loyalty>45</Loyalty><InformationSource>1</InformationSource><Hidden>0</Hidden></PopCentre><PopCentre HexID="4015"><Name>Unknown (Map Icon)</Name><Nation>0</Nation><NationAllegience>0</NationAllegience><FortificationLevel>1</FortificationLevel><Size>4</Size><Dock>0</Dock><Capital>0</Capital><Loyalty>0</Loyalty><InformationSource>4</InformationSource><Hidden>0</Hidden></PopCentre><PopCentre HexID="4017"><Name>Unknown (Map Icon)</Name><Nation>0</Nation><NationAllegience>0</NationAllegience><FortificationLevel>0</FortificationLevel><Size>1</Size><Dock>0</Dock><Capital>0</Capital><Loyalty>0</Loyalty><InformationSource>4</InformationSource><Hidden>0</Hidden></PopCentre><PopCentre HexID="4128"><Name>Fate</Name><Nation>23</Nation><NationAllegience>0</NationAllegience><FortificationLevel>1</FortificationLevel><Size>2</Size><Dock>0</Dock><Capital>0</Capital><Loyalty>56</Loyalty><InformationSource>1</InformationSource><Hidden>0</Hidden></PopCentre><PopCentre HexID="4215"><Name>Isola che non</Name><Nation>23</Nation><NationAllegience>0</NationAllegience><FortificationLevel>0</FortificationLevel><Size>2</Size><Dock>0</Dock><Capital>0</Capital><Loyalty>41</Loyalty><InformationSource>1</InformationSource><Hidden>0</Hidden></PopCentre><PopCentre HexID="4433"><Name>Chandilar</Name><Nation>16</Nation><NationAllegience>0</NationAllegience><FortificationLevel>2</FortificationLevel><Size>5</Size><Dock>0</Dock><Capital>0</Capital><Loyalty>0</Loyalty><InformationSource>3</InformationSource><Hidden>0</Hidden></PopCentre></PopCentres><Armies><Army HexID="2510"><Nation>23</Nation><NationAllegience>0</NationAllegience><Size>3</Size><TroopCount>800</TroopCount><Commander>Cappuccetto Rosso</Commander><CommanderTitle>Lord</CommanderTitle><ExtraInfo>800HC</ExtraInfo><Navy>0</Navy><InformationSource>3</InformationSource><CharsTravellingWith>Pollicino</CharsTravellingWith></Army><Army HexID="2510"><Nation>23</Nation><NationAllegience>0</NationAllegience><Size>3</Size><TroopCount>1438</TroopCount><Commander>Gatto</Commander><CommanderTitle>Warlord</CommanderTitle><ExtraInfo>1438HC</ExtraInfo><Navy>0</Navy><InformationSource>1</InformationSource><CharsTravellingWith></CharsTravellingWith></Army><Army HexID="2510"><Nation>1</Nation><NationAllegience>0</NationAllegience><Size>3</Size><TroopCount>0</TroopCount><Commander>Sazar Parn</Commander><CommanderTitle>Warlord</CommanderTitle><ExtraInfo></ExtraInfo><Navy>0</Navy><InformationSource>3</InformationSource><CharsTravellingWith></CharsTravellingWith></Army><Army HexID="2510"><Nation>0</Nation><NationAllegience>2</NationAllegience><Size>0</Size><TroopCount>0</TroopCount><Commander>Unknown (Map Icon)</Commander><CommanderTitle></CommanderTitle><ExtraInfo></ExtraInfo><Navy>0</Navy><InformationSource>4</InformationSource><CharsTravellingWith></CharsTravellingWith></Army><Army HexID="2510"><Nation>0</Nation><NationAllegience>1</NationAllegience><Size>0</Size><TroopCount>0</TroopCount><Commander>Unknown (Map Icon)</Commander><CommanderTitle></CommanderTitle><ExtraInfo></ExtraInfo><Navy>0</Navy><InformationSource>4</InformationSource><CharsTravellingWith></CharsTravellingWith></Army><Army HexID="2609"><Nation>0</Nation><NationAllegience>2</NationAllegience><Size>0</Size><TroopCount>0</TroopCount><Commander>Unknown (Map Icon)</Commander><CommanderTitle></CommanderTitle><ExtraInfo></ExtraInfo><Navy>0</Navy><InformationSource>4</InformationSource><CharsTravellingWith></CharsTravellingWith></Army><Army HexID="2711"><Nation>23</Nation><NationAllegience>0</NationAllegience><Size>2</Size><TroopCount>100</TroopCount><Commander>Solitaria</Commander><CommanderTitle>Veteran</CommanderTitle><ExtraInfo>100HC</ExtraInfo><Navy>0</Navy><InformationSource>1</InformationSource><CharsTravellingWith></CharsTravellingWith></Army><Army HexID="2711"><Nation>0</Nation><NationAllegience>1</NationAllegience><Size>0</Size><TroopCount>0</TroopCount><Commander>Unknown (Map Icon)</Commander><CommanderTitle></CommanderTitle><ExtraInfo></ExtraInfo><Navy>0</Navy><InformationSource>4</InformationSource><CharsTravellingWith></CharsTravellingWith></Army><Army HexID="3405"><Nation>23</Nation><NationAllegience>0</NationAllegience><Size>0</Size><TroopCount>600</TroopCount><Commander>Pinocchio</Commander><CommanderTitle>Warlord</CommanderTitle><ExtraInfo>600HC</ExtraInfo><Navy>0</Navy><InformationSource>1</InformationSource><CharsTravellingWith></CharsTravellingWith></Army><Army HexID="3405"><Nation>0</Nation><NationAllegience>1</NationAllegience><Size>0</Size><TroopCount>0</TroopCount><Commander>Unknown (Map Icon)</Commander><CommanderTitle></CommanderTitle><ExtraInfo></ExtraInfo><Navy>0</Navy><InformationSource>4</InformationSource><CharsTravellingWith></CharsTravellingWith></Army><Army HexID="3423"><Nation>7</Nation><NationAllegience>0</NationAllegience><Size>2</Size><TroopCount>0</TroopCount><Commander>Halbarad</Commander><CommanderTitle>Captain</CommanderTitle><ExtraInfo></ExtraInfo><Navy>0</Navy><InformationSource>3</InformationSource><CharsTravellingWith></CharsTravellingWith></Army><Army HexID="4015"><Nation>0</Nation><NationAllegience>1</NationAllegience><Size>0</Size><TroopCount>0</TroopCount><Commander>Unknown (Map Icon)</Commander><CommanderTitle></CommanderTitle><ExtraInfo></ExtraInfo><Navy>0</Navy><InformationSource>4</InformationSource><CharsTravellingWith></CharsTravellingWith></Army></Armies><NationInfo><EmptyPopHexes HexIDList="2410,2509,2511,2609,2611,2612,2710,2712,2811,3205,3206,3207,3208,3211,3212,3213,3214,3215,3216,3217,3306,3307,3308,3309,3310,3311,3312,3313,3314,3315,3316,3317,3405,3406,3407,3408,3409,3410,3411,3412,3413,3414,3415,3416,3417,3505,3507,3508,3509,3510,3511,3512,3513,3514,3515,3516,3517,3605,3606,3608,3609,3610,3611,3613,3614,3615,3616,3617,3709,3710,3714,3715,3717,3805,3808,3809,3810,3812,3813,3814,3815,3816,3817,3905,3907,3908,3909,3910,3911,3913,3914,3915,3916,3917,4005,4007,4009,4011"/><PopHexes HexIDList="2510,2610,2711,3209,3210,3305,3506,3607,3612,3705,3706,3707,3708,3711,3712,3713,3716,3806,3807,3811,3906,3912,4013,4015,4017"/><NationMessages><NationMessage>There are rumors of an armed conflict involving the Benîm an Pharazôn at 3022. </NationMessage><NationMessage>The loyalty was influenced/reduced at Thiach. </NationMessage><NationMessage>There are rumors of an assassination attempt involving Tartas Izain and Tarîkmagân. </NationMessage><NationMessage>Local militia spotted Niminor at Neverending and thwarted her mission. </NationMessage><NationMessage>1443 Gold was stolen at Fate . </NationMessage><NationMessage>2100 Gold was stolen at Neverending. </NationMessage></NationMessages></NationInfo><Nations><Nation ID="0">Unknown</Nation><Nation ID="1">North Kingdom</Nation><Nation ID="2">South Kingdom</Nation><Nation ID="3">Wise Council</Nation><Nation ID="4">Acadians</Nation><Nation ID="5">Silent Assembly</Nation><Nation ID="6">Thorinar</Nation><Nation ID="7">Sapphic Enclave</Nation><Nation ID="8">Nameless</Nation><Nation ID="9">Ground Pounders</Nation><Nation ID="10">Sundered</Nation><Nation ID="11">Lohmai'gwaith</Nation><Nation ID="12">Sheri-Urk</Nation><Nation ID="13">Red Witches</Nation><Nation ID="14">Dark Feast</Nation><Nation ID="15">Twilight Hammer</Nation><Nation ID="16">Sh'iar Empire</Nation><Nation ID="17">Great Trollusk</Nation><Nation ID="18">Benîm an Pharazôn</Nation><Nation ID="19">RhunLandChattelCo</Nation><Nation ID="20">Tribes of Angmar</Nation><Nation ID="21">Lands</Nation><Nation ID="22">Sing a Song</Nation><Nation ID="23">Once Upon a Time</Nation><Nation ID="24">Plane</Nation><Nation ID="25">Alvernus</Nation></Nations></METurn>
