<METurn METURNVERSION="V2.0.2"><TurnInfo><GameNo>141</GameNo><TurnNo>13</TurnNo><NationNo>25</NationNo><GameType>Fourth Age, circa 1000</GameType><NationCapitalHex>0207</NationCapitalHex><DueDate>APRIL 7 2013</DueDate><Secret>9508</Secret><Player>LUCIO PIMENTEL</Player><Account>110728</Account><NationEliminated>0</NationEliminated><Int>A06B946B6599996B9564649D996E</Int></TurnInfo><Characters><Character ID="barro"><Name>Barrow Wight</Name><Location>0207</Location><Nation>25</Nation><Command>45</Command><TotalCommand>45</TotalCommand><Agent>53</Agent><TotalAgent>53</TotalAgent><Emmisary>21</Emmisary><TotalEmmisary>21</TotalEmmisary><Mage>0</Mage><TotalMage>0</TotalMage><Stealth>0</Stealth><TotalStealth>0</TotalStealth><Challenge>57</Challenge><Health>100</Health><Title></Title><InformationSource>0</InformationSource><Artifacts/><Spells/></Character><Character ID="carli"><Name>Carlin</Name><Location>0207</Location><Nation>25</Nation><Command>64</Command><TotalCommand>64</TotalCommand><Agent>0</Agent><TotalAgent>0</TotalAgent><Emmisary>0</Emmisary><TotalEmmisary>0</TotalEmmisary><Mage>0</Mage><TotalMage>0</TotalMage><Stealth>0</Stealth><TotalStealth>0</TotalStealth><Challenge>74</Challenge><Health>100</Health><Title></Title><InformationSource>0</InformationSource><Artifacts><Artifact>#73 Mothras</Artifact><Artifact>#194 Amulet of Sea Mastery</Artifact></Artifacts><Spells/></Character><Character ID="carve"><Name>Carvedas</Name><Location>0207</Location><Nation>25</Nation><Command>30</Command><TotalCommand>30</TotalCommand><Agent>31</Agent><TotalAgent>31</TotalAgent><Emmisary>0</Emmisary><TotalEmmisary>0</TotalEmmisary><Mage>0</Mage><TotalMage>0</TotalMage><Stealth>0</Stealth><TotalStealth>0</TotalStealth><Challenge>35</Challenge><Health>88</Health><Title></Title><InformationSource>0</InformationSource><Artifacts/><Spells/></Character><Character ID="moesk"><Name>Moeskin</Name><Location>0207</Location><Nation>25</Nation><Command>41</Command><TotalCommand>41</TotalCommand><Agent>0</Agent><TotalAgent>0</TotalAgent><Emmisary>0</Emmisary><TotalEmmisary>0</TotalEmmisary><Mage>68</Mage><TotalMage>78</TotalMage><Stealth>0</Stealth><TotalStealth>0</TotalStealth><Challenge>98</Challenge><Health>100</Health><Title></Title><InformationSource>0</InformationSource><Artifacts><Artifact>#122 Spear of Following</Artifact><Artifact>#166 Corantir</Artifact></Artifacts><Spells><Spell>#314 Teleport(72)</Spell><Spell>#412 Research Artifact(96)</Spell><Spell>#416 Reveal Production(77)</Spell><Spell>#418 Locate Artifact(85)</Spell><Spell>#420 Reveal Character(70)</Spell><Spell>#422 Perceive Power(77)</Spell><Spell>#428 Locate Artifact True(68)</Spell><Spell>#430 Reveal Character True(85)</Spell></Spells></Character><Character ID="morai"><Name>Moraiza</Name><Location>0207</Location><Nation>25</Nation><Command>59</Command><TotalCommand>59</TotalCommand><Agent>0</Agent><TotalAgent>0</TotalAgent><Emmisary>0</Emmisary><TotalEmmisary>0</TotalEmmisary><Mage>44</Mage><TotalMage>44</TotalMage><Stealth>0</Stealth><TotalStealth>0</TotalStealth><Challenge>70</Challenge><Health>100</Health><BonusHeal/><Title></Title><InformationSource>0</InformationSource><Artifacts/><Spells><Spell>#104 Resistances(100)</Spell><Spell>#308 Capital Return(73)</Spell><Spell>#412 Research Artifact(100)</Spell></Spells></Character><Character ID="lumba"><Name>Lumban</Name><Location>0406</Location><Nation>25</Nation><Command>0</Command><TotalCommand>0</TotalCommand><Agent>0</Agent><TotalAgent>0</TotalAgent><Emmisary>0</Emmisary><TotalEmmisary>0</TotalEmmisary><Mage>51</Mage><TotalMage>51</TotalMage><Stealth>0</Stealth><TotalStealth>0</TotalStealth><Challenge>61</Challenge><Health>100</Health><Title></Title><InformationSource>0</InformationSource><Artifacts><Artifact>#16 Navorn</Artifact><Artifact>#47 Dragon Helm of Dor-Lómin</Artifact></Artifacts><Spells><Spell>#102 Barriers(88)</Spell><Spell>#218 Wall of Wind(59)</Spell><Spell>#302 Long Stride(91)</Spell><Spell>#412 Research Artifact(94)</Spell></Spells></Character><Character ID="elend"><Name>Elendil</Name><Location>0604</Location><Nation>25</Nation><Command>0</Command><TotalCommand>0</TotalCommand><Agent>0</Agent><TotalAgent>0</TotalAgent><Emmisary>75</Emmisary><TotalEmmisary>75</TotalEmmisary><Mage>0</Mage><TotalMage>0</TotalMage><Stealth>0</Stealth><TotalStealth>0</TotalStealth><Challenge>37</Challenge><Health>100</Health><Title></Title><InformationSource>0</InformationSource><Artifacts/><Spells/></Character><Character ID="faika"><Name>Faika</Name><Location>0702</Location><Nation>25</Nation><Command>38</Command><TotalCommand>38</TotalCommand><Agent>0</Agent><TotalAgent>0</TotalAgent><Emmisary>0</Emmisary><TotalEmmisary>0</TotalEmmisary><Mage>0</Mage><TotalMage>0</TotalMage><Stealth>0</Stealth><TotalStealth>0</TotalStealth><Challenge>38</Challenge><Health>100</Health><Title></Title><InformationSource>0</InformationSource><Artifacts/><Spells/></Character><Character ID="koneb"><Name>Kônebra</Name><Location>0707</Location><Nation>25</Nation><Command>0</Command><TotalCommand>0</TotalCommand><Agent>0</Agent><TotalAgent>0</TotalAgent><Emmisary>0</Emmisary><TotalEmmisary>0</TotalEmmisary><Mage>54</Mage><TotalMage>54</TotalMage><Stealth>0</Stealth><TotalStealth>0</TotalStealth><Challenge>54</Challenge><Health>100</Health><Title></Title><InformationSource>0</InformationSource><Artifacts/><Spells><Spell>#104 Resistances(78)</Spell><Spell>#214 Call Winds(70)</Spell><Spell>#302 Long Stride(100)</Spell><Spell>#314 Teleport(84)</Spell><Spell>#410 Divine Allegiance Forces(96)</Spell><Spell>#412 Research Artifact(86)</Spell><Spell>#414 Scry Hex(97)</Spell><Spell>#417 Divine Characters w/Forces(91)</Spell></Spells></Character><Character ID="agbat"><Name>Agbathû</Name><Location>0909</Location><Nation>25</Nation><Command>39</Command><TotalCommand>39</TotalCommand><Agent>0</Agent><TotalAgent>0</TotalAgent><Emmisary>0</Emmisary><TotalEmmisary>0</TotalEmmisary><Mage>0</Mage><TotalMage>0</TotalMage><Stealth>0</Stealth><TotalStealth>0</TotalStealth><Challenge>39</Challenge><Health>100</Health><Title></Title><InformationSource>0</InformationSource><Artifacts/><Spells/></Character><Character ID="llewi"><Name>Llewi</Name><Location>0909</Location><Nation>25</Nation><Command>63</Command><TotalCommand>63</TotalCommand><Agent>0</Agent><TotalAgent>0</TotalAgent><Emmisary>0</Emmisary><TotalEmmisary>0</TotalEmmisary><Mage>0</Mage><TotalMage>0</TotalMage><Stealth>0</Stealth><TotalStealth>0</TotalStealth><Challenge>63</Challenge><Health>100</Health><Title></Title><InformationSource>0</InformationSource><Artifacts/><Spells/></Character><Character ID="soil "><Name>Soil Nûnaw</Name><Location>1308</Location><Nation>25</Nation><Command>0</Command><TotalCommand>0</TotalCommand><Agent>47</Agent><TotalAgent>47</TotalAgent><Emmisary>0</Emmisary><TotalEmmisary>0</TotalEmmisary><Mage>0</Mage><TotalMage>0</TotalMage><Stealth>0</Stealth><TotalStealth>0</TotalStealth><Challenge>35</Challenge><Health>100</Health><Title></Title><InformationSource>0</InformationSource><Artifacts/><Spells/></Character><Character ID="angus"><Name>Angus</Name><Location>1409</Location><Nation>25</Nation><Command>0</Command><TotalCommand>0</TotalCommand><Agent>68</Agent><TotalAgent>78</TotalAgent><Emmisary>0</Emmisary><TotalEmmisary>0</TotalEmmisary><Mage>30</Mage><TotalMage>30</TotalMage><Stealth>0</Stealth><TotalStealth>15</TotalStealth><Challenge>75</Challenge><Health>100</Health><Title></Title><InformationSource>0</InformationSource><Artifacts><Artifact>#48 Rat Gauntlets</Artifact><Artifact>#49 Helm of Shadow</Artifact><Artifact>#171 Gildagor</Artifact></Artifacts><Spells><Spell>#314 Teleport(77)</Spell><Spell>#412 Research Artifact(85)</Spell><Spell>#418 Locate Artifact(84)</Spell></Spells></Character><Character ID="iarle"><Name>Iarless</Name><Location>1409</Location><Nation>25</Nation><Command>13</Command><TotalCommand>13</TotalCommand><Agent>40</Agent><TotalAgent>40</TotalAgent><Emmisary>0</Emmisary><TotalEmmisary>0</TotalEmmisary><Mage>0</Mage><TotalMage>0</TotalMage><Stealth>0</Stealth><TotalStealth>0</TotalStealth><Challenge>33</Challenge><Health>100</Health><BonusHeal/><Title></Title><InformationSource>0</InformationSource><Artifacts/><Spells/></Character><Character ID="malen"><Name>Malendur</Name><Location>3022</Location><Nation>25</Nation><Command>0</Command><TotalCommand>0</TotalCommand><Agent>0</Agent><TotalAgent>0</TotalAgent><Emmisary>0</Emmisary><TotalEmmisary>0</TotalEmmisary><Mage>59</Mage><TotalMage>69</TotalMage><Stealth>0</Stealth><TotalStealth>0</TotalStealth><Challenge>109</Challenge><Health>100</Health><Title></Title><InformationSource>0</InformationSource><Artifacts><Artifact>#41 Silmaruth</Artifact><Artifact>#154 The Black Book</Artifact></Artifacts><Spells><Spell>#314 Teleport(77)</Spell><Spell>#412 Research Artifact(93)</Spell><Spell>#414 Scry Hex(77)</Spell><Spell>#418 Locate Artifact(83)</Spell><Spell>#428 Locate Artifact True(63)</Spell></Spells></Character><Character ID="elost"><Name>Elostirion</Name><Location>3421</Location><Nation>25</Nation><Command>0</Command><TotalCommand>0</TotalCommand><Agent>0</Agent><TotalAgent>0</TotalAgent><Emmisary>81</Emmisary><TotalEmmisary>81</TotalEmmisary><Mage>40</Mage><TotalMage>40</TotalMage><Stealth>0</Stealth><TotalStealth>0</TotalStealth><Challenge>50</Challenge><Health>83</Health><Title></Title><InformationSource>0</InformationSource><Artifacts/><Spells><Spell>#314 Teleport(74)</Spell><Spell>#414 Scry Hex(96)</Spell><Spell>#415 Scry Area(83)</Spell><Spell>#436 Scry Character(87)</Spell></Spells></Character><Character ID="myrth"><Name>Myrthrandir</Name><Location>3832</Location><Nation>25</Nation><Command>0</Command><TotalCommand>0</TotalCommand><Agent>0</Agent><TotalAgent>0</TotalAgent><Emmisary>0</Emmisary><TotalEmmisary>0</TotalEmmisary><Mage>63</Mage><TotalMage>63</TotalMage><Stealth>0</Stealth><TotalStealth>0</TotalStealth><Challenge>63</Challenge><Health>100</Health><Title></Title><InformationSource>0</InformationSource><Artifacts/><Spells><Spell>#314 Teleport(81)</Spell><Spell>#412 Research Artifact(85)</Spell><Spell>#416 Reveal Production(89)</Spell><Spell>#418 Locate Artifact(89)</Spell><Spell>#420 Reveal Character(90)</Spell><Spell>#428 Locate Artifact True(85)</Spell><Spell>#430 Reveal Character True(56)</Spell></Spells></Character><Character ID="trans"><Name>Transmitter</Name><Location>3912</Location><Nation>25</Nation><Command>0</Command><TotalCommand>0</TotalCommand><Agent>0</Agent><TotalAgent>0</TotalAgent><Emmisary>60</Emmisary><TotalEmmisary>60</TotalEmmisary><Mage>60</Mage><TotalMage>60</TotalMage><Stealth>0</Stealth><TotalStealth>0</TotalStealth><Challenge>67</Challenge><Health>100</Health><Title></Title><InformationSource>0</InformationSource><Artifacts/><Spells><Spell>#412 Research Artifact(85)</Spell><Spell>#413 Scry Population Center(85)</Spell><Spell>#415 Scry Area(77)</Spell><Spell>#418 Locate Artifact(84)</Spell><Spell>#428 Locate Artifact True(73)</Spell><Spell>#508 Conjure Mounts(82)</Spell></Spells></Character><Character ID="erest"><Name>Erestor</Name><Location>HOST</Location><Nation>25</Nation><Command>23</Command><TotalCommand>23</TotalCommand><Agent>0</Agent><TotalAgent>0</TotalAgent><Emmisary>64</Emmisary><TotalEmmisary>64</TotalEmmisary><Mage>0</Mage><TotalMage>0</TotalMage><Stealth>0</Stealth><TotalStealth>0</TotalStealth><Challenge>37</Challenge><Health>100</Health><Title></Title><InformationSource>0</InformationSource><Artifacts/><Spells/></Character></Characters>
<Economy><Nation><ArmyMaint>7796</ArmyMaint><PopMaint>4000</PopMaint><CharMaint>28480</CharMaint><TotalMaint>40276</TotalMaint><TaxRate>73</TaxRate><Revenue>44960</Revenue><Surplus>4684</Surplus><Reserve>2469</Reserve><TaxBase>22</TaxBase></Nation><Market><Product type="le"><BuyPrice>3</BuyPrice><SellPrice>2</SellPrice><MarketAvail>27221</MarketAvail><NationStores>625</NationStores><NationProduction>625</NationProduction></Product><Product type="br"><BuyPrice>3</BuyPrice><SellPrice>2</SellPrice><MarketAvail>20300</MarketAvail><NationStores>1770</NationStores><NationProduction>176</NationProduction></Product><Product type="st"><BuyPrice>5</BuyPrice><SellPrice>4</SellPrice><MarketAvail>6700</MarketAvail><NationStores>0</NationStores><NationProduction>424</NationProduction></Product><Product type="mi"><BuyPrice>21</BuyPrice><SellPrice>16</SellPrice><MarketAvail>1767</MarketAvail><NationStores>287</NationStores><NationProduction>71</NationProduction></Product><Product type="fo"><BuyPrice>2</BuyPrice><SellPrice>1</SellPrice><MarketAvail>259641</MarketAvail><NationStores>524</NationStores><NationProduction>3200</NationProduction></Product><Product type="ti"><BuyPrice>3</BuyPrice><SellPrice>2</SellPrice><MarketAvail>17268</MarketAvail><NationStores>932</NationStores><NationProduction>466</NationProduction></Product><Product type="mo"><BuyPrice>7</BuyPrice><SellPrice>5</SellPrice><MarketAvail>5016</MarketAvail><NationStores>164</NationStores><NationProduction>52</NationProduction></Product></Market></Economy>
<PopCentres><PopCentre HexID="0206"><Name>Gorgon</Name><Nation>25</Nation><NationAllegience>0</NationAllegience><FortificationLevel>1</FortificationLevel><Size>3</Size><Dock>0</Dock><Capital>0</Capital><Loyalty>37</Loyalty><InformationSource>1</InformationSource><Hidden>0</Hidden></PopCentre><PopCentre HexID="0207"><Name>Baltus</Name><Nation>25</Nation><NationAllegience>0</NationAllegience><FortificationLevel>1</FortificationLevel><Size>5</Size><Dock>0</Dock><Capital>1</Capital><Loyalty>68</Loyalty><InformationSource>1</InformationSource><Hidden>0</Hidden></PopCentre><PopCentre HexID="0306"><Name>Melkor</Name><Nation>25</Nation><NationAllegience>0</NationAllegience><FortificationLevel>0</FortificationLevel><Size>2</Size><Dock>0</Dock><Capital>0</Capital><Loyalty>51</Loyalty><InformationSource>1</InformationSource><Hidden>0</Hidden></PopCentre><PopCentre HexID="0307"><Name>Zhantus</Name><Nation>25</Nation><NationAllegience>0</NationAllegience><FortificationLevel>1</FortificationLevel><Size>3</Size><Dock>0</Dock><Capital>0</Capital><Loyalty>65</Loyalty><InformationSource>1</InformationSource><Hidden>0</Hidden></PopCentre><PopCentre HexID="0308"><Name>Barad Cirith</Name><Nation>25</Nation><NationAllegience>0</NationAllegience><FortificationLevel>0</FortificationLevel><Size>2</Size><Dock>0</Dock><Capital>0</Capital><Loyalty>32</Loyalty><InformationSource>1</InformationSource><Hidden>0</Hidden></PopCentre><PopCentre HexID="0405"><Name>Dire</Name><Nation>25</Nation><NationAllegience>0</NationAllegience><FortificationLevel>2</FortificationLevel><Size>4</Size><Dock>2</Dock><Capital>0</Capital><Loyalty>59</Loyalty><InformationSource>1</InformationSource><Hidden>0</Hidden></PopCentre><PopCentre HexID="0408"><Name>Tol Cirith</Name><Nation>25</Nation><NationAllegience>0</NationAllegience><FortificationLevel>1</FortificationLevel><Size>4</Size><Dock>0</Dock><Capital>0</Capital><Loyalty>83</Loyalty><InformationSource>1</InformationSource><Hidden>0</Hidden></PopCentre><PopCentre HexID="0507"><Name>Lirith Tol</Name><Nation>25</Nation><NationAllegience>0</NationAllegience><FortificationLevel>0</FortificationLevel><Size>3</Size><Dock>0</Dock><Capital>0</Capital><Loyalty>65</Loyalty><InformationSource>1</InformationSource><Hidden>0</Hidden></PopCentre><PopCentre HexID="0512"><Name>Unknown (Map Icon)</Name><Nation>0</Nation><NationAllegience>0</NationAllegience><FortificationLevel>0</FortificationLevel><Size>1</Size><Dock>0</Dock><Capital>0</Capital><Loyalty>0</Loyalty><InformationSource>4</InformationSource><Hidden>0</Hidden></PopCentre><PopCentre HexID="0604"><Name>Rómenya</Name><Nation>25</Nation><NationAllegience>0</NationAllegience><FortificationLevel>0</FortificationLevel><Size>1</Size><Dock>0</Dock><Capital>0</Capital><Loyalty>13</Loyalty><InformationSource>1</InformationSource><Hidden>0</Hidden></PopCentre><PopCentre HexID="0605"><Name>Sanká</Name><Nation>25</Nation><NationAllegience>0</NationAllegience><FortificationLevel>0</FortificationLevel><Size>1</Size><Dock>0</Dock><Capital>0</Capital><Loyalty>42</Loyalty><InformationSource>1</InformationSource><Hidden>0</Hidden></PopCentre><PopCentre HexID="0607"><Name>Andakro</Name><Nation>25</Nation><NationAllegience>0</NationAllegience><FortificationLevel>0</FortificationLevel><Size>1</Size><Dock>0</Dock><Capital>0</Capital><Loyalty>20</Loyalty><InformationSource>1</InformationSource><Hidden>0</Hidden></PopCentre><PopCentre HexID="0608"><Name>Lisgardh</Name><Nation>25</Nation><NationAllegience>0</NationAllegience><FortificationLevel>0</FortificationLevel><Size>2</Size><Dock>0</Dock><Capital>0</Capital><Loyalty>22</Loyalty><InformationSource>1</InformationSource><Hidden>0</Hidden></PopCentre><PopCentre HexID="0611"><Name>Unknown (Map Icon)</Name><Nation>0</Nation><NationAllegience>0</NationAllegience><FortificationLevel>0</FortificationLevel><Size>2</Size><Dock>0</Dock><Capital>0</Capital><Loyalty>0</Loyalty><InformationSource>4</InformationSource><Hidden>0</Hidden></PopCentre><PopCentre HexID="0613"><Name>Unknown (Map Icon)</Name><Nation>0</Nation><NationAllegience>0</NationAllegience><FortificationLevel>2</FortificationLevel><Size>5</Size><Dock>2</Dock><Capital>0</Capital><Loyalty>0</Loyalty><InformationSource>4</InformationSource><Hidden>0</Hidden></PopCentre><PopCentre HexID="0702"><Name>Northern Way</Name><Nation>20</Nation><NationAllegience>0</NationAllegience><FortificationLevel>0</FortificationLevel><Size>1</Size><Dock>0</Dock><Capital>0</Capital><Loyalty>0</Loyalty><InformationSource>3</InformationSource><Hidden>0</Hidden></PopCentre><PopCentre HexID="0703"><Name>Drú Dôr</Name><Nation>25</Nation><NationAllegience>0</NationAllegience><FortificationLevel>0</FortificationLevel><Size>1</Size><Dock>0</Dock><Capital>0</Capital><Loyalty>29</Loyalty><InformationSource>1</InformationSource><Hidden>0</Hidden></PopCentre><PopCentre HexID="0711"><Name>Unknown (Map Icon)</Name><Nation>0</Nation><NationAllegience>0</NationAllegience><FortificationLevel>2</FortificationLevel><Size>3</Size><Dock>0</Dock><Capital>0</Capital><Loyalty>0</Loyalty><InformationSource>4</InformationSource><Hidden>0</Hidden></PopCentre><PopCentre HexID="0810"><Name>Unknown (Map Icon)</Name><Nation>0</Nation><NationAllegience>0</NationAllegience><FortificationLevel>0</FortificationLevel><Size>1</Size><Dock>0</Dock><Capital>0</Capital><Loyalty>0</Loyalty><InformationSource>4</InformationSource><Hidden>0</Hidden></PopCentre><PopCentre HexID="0811"><Name>Unknown (Map Icon)</Name><Nation>0</Nation><NationAllegience>0</NationAllegience><FortificationLevel>0</FortificationLevel><Size>1</Size><Dock>0</Dock><Capital>0</Capital><Loyalty>0</Loyalty><InformationSource>4</InformationSource><Hidden>0</Hidden></PopCentre><PopCentre HexID="0812"><Name>Unknown (Map Icon)</Name><Nation>0</Nation><NationAllegience>0</NationAllegience><FortificationLevel>0</FortificationLevel><Size>1</Size><Dock>0</Dock><Capital>0</Capital><Loyalty>0</Loyalty><InformationSource>4</InformationSource><Hidden>0</Hidden></PopCentre><PopCentre HexID="0913"><Name>Unknown (Map Icon)</Name><Nation>0</Nation><NationAllegience>0</NationAllegience><FortificationLevel>0</FortificationLevel><Size>1</Size><Dock>0</Dock><Capital>0</Capital><Loyalty>0</Loyalty><InformationSource>4</InformationSource><Hidden>0</Hidden></PopCentre><PopCentre HexID="1308"><Name>Tantûruk</Name><Nation>1</Nation><NationAllegience>0</NationAllegience><FortificationLevel>0</FortificationLevel><Size>2</Size><Dock>0</Dock><Capital>0</Capital><Loyalty>0</Loyalty><InformationSource>3</InformationSource><Hidden>0</Hidden></PopCentre><PopCentre HexID="1409"><Name>Bree</Name><Nation>1</Nation><NationAllegience>0</NationAllegience><FortificationLevel>1</FortificationLevel><Size>4</Size><Dock>0</Dock><Capital>0</Capital><Loyalty>0</Loyalty><InformationSource>3</InformationSource><Hidden>0</Hidden></PopCentre><PopCentre HexID="2822"><Name>Echiant</Name><Nation>25</Nation><NationAllegience>0</NationAllegience><FortificationLevel>0</FortificationLevel><Size>1</Size><Dock>0</Dock><Capital>0</Capital><Loyalty>23</Loyalty><InformationSource>1</InformationSource><Hidden>0</Hidden></PopCentre><PopCentre HexID="3022"><Name>Elmgrove</Name><Nation>2</Nation><NationAllegience>0</NationAllegience><FortificationLevel>0</FortificationLevel><Size>2</Size><Dock>0</Dock><Capital>0</Capital><Loyalty>0</Loyalty><InformationSource>3</InformationSource><Hidden>0</Hidden></PopCentre><PopCentre HexID="3421"><Name>Fiaba</Name><Nation>23</Nation><NationAllegience>0</NationAllegience><FortificationLevel>0</FortificationLevel><Size>2</Size><Dock>0</Dock><Capital>0</Capital><Loyalty>0</Loyalty><InformationSource>3</InformationSource><Hidden>0</Hidden></PopCentre><PopCentre HexID="3912"><Name>Taverna</Name><Nation>25</Nation><NationAllegience>0</NationAllegience><FortificationLevel>1</FortificationLevel><Size>4</Size><Dock>0</Dock><Capital>0</Capital><Loyalty>27</Loyalty><InformationSource>1</InformationSource><Hidden>0</Hidden></PopCentre></PopCentres><Armies><Army HexID="0207"><Nation>25</Nation><NationAllegience>0</NationAllegience><Size>2</Size><TroopCount>200</TroopCount><Commander>Carlin</Commander><CommanderTitle>Regent</CommanderTitle><ExtraInfo>100HI 100MA</ExtraInfo><Navy>0</Navy><InformationSource>1</InformationSource><CharsTravellingWith>Barrow Wight - Carvedas,Gwaihir Eagles,Moeskin - Moraiza</CharsTravellingWith></Army><Army HexID="0207"><Nation>0</Nation><NationAllegience>1</NationAllegience><Size>0</Size><TroopCount>0</TroopCount><Commander>Unknown (Map Icon)</Commander><CommanderTitle></CommanderTitle><ExtraInfo></ExtraInfo><Navy>0</Navy><InformationSource>4</InformationSource><CharsTravellingWith></CharsTravellingWith></Army><Army HexID="0512"><Nation>0</Nation><NationAllegience>1</NationAllegience><Size>0</Size><TroopCount>0</TroopCount><Commander>Unknown (Map Icon)</Commander><CommanderTitle></CommanderTitle><ExtraInfo></ExtraInfo><Navy>0</Navy><InformationSource>4</InformationSource><CharsTravellingWith></CharsTravellingWith></Army><Army HexID="0611"><Nation>0</Nation><NationAllegience>1</NationAllegience><Size>0</Size><TroopCount>0</TroopCount><Commander>Unknown (Map Icon)</Commander><CommanderTitle></CommanderTitle><ExtraInfo></ExtraInfo><Navy>0</Navy><InformationSource>4</InformationSource><CharsTravellingWith></CharsTravellingWith></Army><Army HexID="0613"><Nation>0</Nation><NationAllegience>1</NationAllegience><Size>0</Size><TroopCount>0</TroopCount><Commander>Unknown (Map Icon)</Commander><CommanderTitle></CommanderTitle><ExtraInfo></ExtraInfo><Navy>0</Navy><InformationSource>4</InformationSource><CharsTravellingWith></CharsTravellingWith></Army><Army HexID="0702"><Nation>25</Nation><NationAllegience>0</NationAllegience><Size>0</Size><TroopCount>491</TroopCount><Commander>Faika</Commander><CommanderTitle>Commander</CommanderTitle><ExtraInfo>491HC</ExtraInfo><Navy>0</Navy><InformationSource>1</InformationSource><CharsTravellingWith></CharsTravellingWith></Army><Army HexID="0702"><Nation>0</Nation><NationAllegience>1</NationAllegience><Size>0</Size><TroopCount>0</TroopCount><Commander>Unknown (Map Icon)</Commander><CommanderTitle></CommanderTitle><ExtraInfo></ExtraInfo><Navy>0</Navy><InformationSource>4</InformationSource><CharsTravellingWith></CharsTravellingWith></Army><Army HexID="0711"><Nation>0</Nation><NationAllegience>2</NationAllegience><Size>0</Size><TroopCount>0</TroopCount><Commander>Unknown (Map Icon)</Commander><CommanderTitle></CommanderTitle><ExtraInfo></ExtraInfo><Navy>0</Navy><InformationSource>4</InformationSource><CharsTravellingWith></CharsTravellingWith></Army><Army HexID="0909"><Nation>25</Nation><NationAllegience>0</NationAllegience><Size>0</Size><TroopCount>1000</TroopCount><Commander>Llewi</Commander><CommanderTitle>Regent</CommanderTitle><ExtraInfo>900HI 100MA</ExtraInfo><Navy>1</Navy><InformationSource>1</InformationSource><CharsTravellingWith>Agbathû</CharsTravellingWith></Army><Army HexID="0909"><Nation>0</Nation><NationAllegience>1</NationAllegience><Size>0</Size><TroopCount>0</TroopCount><Commander>Unknown (Map Icon)</Commander><CommanderTitle></CommanderTitle><ExtraInfo></ExtraInfo><Navy>0</Navy><InformationSource>4</InformationSource><CharsTravellingWith></CharsTravellingWith></Army></Armies><NationInfo><EmptyPopHexes HexIDList="0101,0102,0103,0104,0105,0106,0107,0108,0109,0110,0111,0112,0113,0201,0202,0203,0204,0205,0208,0209,0210,0211,0212,0213,0301,0302,0303,0304,0305,0309,0310,0311,0312,0313,0401,0402,0403,0404,0406,0407,0409,0410,0411,0412,0413,0501,0502,0503,0504,0505,0506,0508,0509,0510,0511,0513,0601,0602,0603,0606,0609,0610,0612,0701,0704,0705,0706,0707,0708,0709,0710,0712,0713,0801,0802,0803,0804,0805,0806,0807,0808,0809,0813,0901,0903,0905,0907,0909,0911"/><PopHexes HexIDList="0206,0207,0306,0307,0308,0405,0408,0507,0512,0604,0605,0607,0608,0611,0613,0702,0703,0711,0810,0811,0812,0913"/><NationMessages><NationMessage>There are rumors of an armed conflict involving the Benîm an Pharazôn and the Plane at 2734. </NationMessage><NationMessage>There are rumors of a theft attempt involving Glóredhel at Minas Ithil. </NationMessage><NationMessage>There are rumors of a theft attempt involving Augustus at Wishmaster. </NationMessage><NationMessage>Taverna is now under our control. </NationMessage><NationMessage>There are rumors of an encounter involving Nightbreeze at 2320. </NationMessage></NationMessages></NationInfo><Nations><Nation ID="0">Unknown</Nation><Nation ID="1">North Kingdom</Nation><Nation ID="2">South Kingdom</Nation><Nation ID="3">Wise Council</Nation><Nation ID="4">Acadians</Nation><Nation ID="5">Silent Assembly</Nation><Nation ID="6">Thorinar</Nation><Nation ID="7">Sapphic Enclave</Nation><Nation ID="8">Nameless</Nation><Nation ID="9">Ground Pounders</Nation><Nation ID="10">Sundered</Nation><Nation ID="11">Lohmai'gwaith</Nation><Nation ID="12">Sheri-Urk</Nation><Nation ID="13">Red Witches</Nation><Nation ID="14">Dark Feast</Nation><Nation ID="15">Twilight Hammer</Nation><Nation ID="16">Sh'iar Empire</Nation><Nation ID="17">Great Trollusk</Nation><Nation ID="18">Benîm an Pharazôn</Nation><Nation ID="19">RhunLandChattelCo</Nation><Nation ID="20">Tribes of Angmar</Nation><Nation ID="21">Lands</Nation><Nation ID="22">Sing a Song</Nation><Nation ID="23">Once Upon a Time</Nation><Nation ID="24">Plane</Nation><Nation ID="25">Alvernus</Nation></Nations></METurn>
