<METurn METURNVERSION="V2.0.2"><TurnInfo><GameNo>141</GameNo><TurnNo>24</TurnNo><NationNo>25</NationNo><GameType>Fourth Age, circa 1000</GameType><NationCapitalHex>0207</NationCapitalHex><DueDate>SEPTEMBER 8 2013</DueDate><Secret>7890</Secret><Player>LUCIO PIMENTEL</Player><Account>110728</Account><NationEliminated>0</NationEliminated><Int>9E6E9D63669A996B9564649D996E</Int></TurnInfo><Characters><Character ID="barro"><Name>Barrow Wight</Name><Location>0207</Location><Nation>25</Nation><Command>58</Command><TotalCommand>58</TotalCommand><Agent>70</Agent><TotalAgent>70</TotalAgent><Emmisary>21</Emmisary><TotalEmmisary>21</TotalEmmisary><Mage>0</Mage><TotalMage>0</TotalMage><Stealth>0</Stealth><TotalStealth>0</TotalStealth><Challenge>88</Challenge><Health>100</Health><Title></Title><InformationSource>0</InformationSource><Artifacts><Artifact>#7 Romoquenáro</Artifact></Artifacts><Spells/></Character><Character ID="elend"><Name>Elendil</Name><Location>0207</Location><Nation>25</Nation><Command>0</Command><TotalCommand>0</TotalCommand><Agent>0</Agent><TotalAgent>0</TotalAgent><Emmisary>84</Emmisary><TotalEmmisary>84</TotalEmmisary><Mage>0</Mage><TotalMage>0</TotalMage><Stealth>0</Stealth><TotalStealth>0</TotalStealth><Challenge>42</Challenge><Health>100</Health><Title></Title><InformationSource>0</InformationSource><Artifacts/><Spells/></Character><Character ID="faika"><Name>Faika</Name><Location>0207</Location><Nation>25</Nation><Command>56</Command><TotalCommand>56</TotalCommand><Agent>0</Agent><TotalAgent>0</TotalAgent><Emmisary>0</Emmisary><TotalEmmisary>0</TotalEmmisary><Mage>0</Mage><TotalMage>0</TotalMage><Stealth>0</Stealth><TotalStealth>0</TotalStealth><Challenge>56</Challenge><Health>100</Health><Title></Title><InformationSource>0</InformationSource><Artifacts/><Spells/></Character><Character ID="myrth"><Name>Myrthrandir</Name><Location>0405</Location><Nation>25</Nation><Command>0</Command><TotalCommand>0</TotalCommand><Agent>0</Agent><TotalAgent>0</TotalAgent><Emmisary>0</Emmisary><TotalEmmisary>0</TotalEmmisary><Mage>69</Mage><TotalMage>69</TotalMage><Stealth>0</Stealth><TotalStealth>0</TotalStealth><Challenge>69</Challenge><Health>100</Health><Title></Title><InformationSource>0</InformationSource><Artifacts/><Spells><Spell>#314 Teleport(82)</Spell><Spell>#412 Research Artifact(86)</Spell><Spell>#416 Reveal Production(89)</Spell><Spell>#418 Locate Artifact(89)</Spell><Spell>#420 Reveal Character(90)</Spell><Spell>#428 Locate Artifact True(91)</Spell><Spell>#430 Reveal Character True(56)</Spell></Spells></Character><Character ID="carve"><Name>Carvedas</Name><Location>0408</Location><Nation>25</Nation><Command>38</Command><TotalCommand>38</TotalCommand><Agent>35</Agent><TotalAgent>35</TotalAgent><Emmisary>0</Emmisary><TotalEmmisary>0</TotalEmmisary><Mage>0</Mage><TotalMage>0</TotalMage><Stealth>0</Stealth><TotalStealth>0</TotalStealth><Challenge>44</Challenge><Health>100</Health><Title></Title><InformationSource>0</InformationSource><Artifacts/><Spells/></Character><Character ID="llewi"><Name>Llewi</Name><Location>0408</Location><Nation>25</Nation><Command>67</Command><TotalCommand>67</TotalCommand><Agent>0</Agent><TotalAgent>0</TotalAgent><Emmisary>0</Emmisary><TotalEmmisary>0</TotalEmmisary><Mage>0</Mage><TotalMage>0</TotalMage><Stealth>0</Stealth><TotalStealth>0</TotalStealth><Challenge>67</Challenge><Health>100</Health><Title></Title><InformationSource>0</InformationSource><Artifacts/><Spells/></Character><Character ID="agbat"><Name>Agbathû</Name><Location>0507</Location><Nation>25</Nation><Command>56</Command><TotalCommand>56</TotalCommand><Agent>0</Agent><TotalAgent>0</TotalAgent><Emmisary>0</Emmisary><TotalEmmisary>0</TotalEmmisary><Mage>0</Mage><TotalMage>0</TotalMage><Stealth>0</Stealth><TotalStealth>0</TotalStealth><Challenge>56</Challenge><Health>100</Health><Title></Title><InformationSource>0</InformationSource><Artifacts/><Spells/></Character><Character ID="carli"><Name>Carlin</Name><Location>0507</Location><Nation>25</Nation><Command>75</Command><TotalCommand>75</TotalCommand><Agent>0</Agent><TotalAgent>0</TotalAgent><Emmisary>0</Emmisary><TotalEmmisary>0</TotalEmmisary><Mage>0</Mage><TotalMage>0</TotalMage><Stealth>0</Stealth><TotalStealth>0</TotalStealth><Challenge>90</Challenge><Health>100</Health><Title></Title><InformationSource>0</InformationSource><Artifacts><Artifact>#43 Dagnirdraug</Artifact><Artifact>#194 Amulet of Sea Mastery</Artifact></Artifacts><Spells/></Character><Character ID="erest"><Name>Erestor</Name><Location>0507</Location><Nation>25</Nation><Command>32</Command><TotalCommand>32</TotalCommand><Agent>0</Agent><TotalAgent>0</TotalAgent><Emmisary>73</Emmisary><TotalEmmisary>73</TotalEmmisary><Mage>0</Mage><TotalMage>0</TotalMage><Stealth>0</Stealth><TotalStealth>0</TotalStealth><Challenge>44</Challenge><Health>100</Health><Title></Title><InformationSource>0</InformationSource><Artifacts/><Spells/></Character><Character ID="lumba"><Name>Lumban</Name><Location>0507</Location><Nation>25</Nation><Command>0</Command><TotalCommand>0</TotalCommand><Agent>0</Agent><TotalAgent>0</TotalAgent><Emmisary>0</Emmisary><TotalEmmisary>0</TotalEmmisary><Mage>51</Mage><TotalMage>51</TotalMage><Stealth>0</Stealth><TotalStealth>0</TotalStealth><Challenge>61</Challenge><Health>45</Health><Title></Title><InformationSource>0</InformationSource><Artifacts><Artifact>#16 Navorn</Artifact><Artifact>#164 Wôlor Priest Ring</Artifact></Artifacts><Spells><Spell>#102 Barriers(88)</Spell><Spell>#218 Wall of Wind(59)</Spell><Spell>#302 Long Stride(91)</Spell><Spell>#412 Research Artifact(100)</Spell></Spells></Character><Character ID="moesk"><Name>Moeskin</Name><Location>0507</Location><Nation>25</Nation><Command>56</Command><TotalCommand>56</TotalCommand><Agent>0</Agent><TotalAgent>0</TotalAgent><Emmisary>0</Emmisary><TotalEmmisary>0</TotalEmmisary><Mage>68</Mage><TotalMage>88</TotalMage><Stealth>0</Stealth><TotalStealth>0</TotalStealth><Challenge>112</Challenge><Health>100</Health><Title></Title><InformationSource>0</InformationSource><Artifacts><Artifact>#73 Mothras</Artifact><Artifact>#122 Spear of Following</Artifact><Artifact>#166 Corantir</Artifact><Artifact>#184 Deepwood Bracelet</Artifact></Artifacts><Spells><Spell>#4 Major Heal(100)</Spell><Spell>#314 Teleport(72)</Spell><Spell>#410 Divine Allegian...(95)</Spell><Spell>#412 Research Artifact(96)</Spell><Spell>#416 Reveal Production(77)</Spell><Spell>#418 Locate Artifact(86)</Spell><Spell>#420 Reveal Character(70)</Spell><Spell>#422 Perceive Power(77)</Spell><Spell>#428 Locate Artifact...(71)</Spell><Spell>#430 Reveal Characte...(90)</Spell><Spell>#434 Reveal Populati...(51)</Spell></Spells></Character><Character ID="morai"><Name>Moraiza</Name><Location>0507</Location><Nation>25</Nation><Command>72</Command><TotalCommand>82</TotalCommand><Agent>0</Agent><TotalAgent>0</TotalAgent><Emmisary>0</Emmisary><TotalEmmisary>0</TotalEmmisary><Mage>44</Mage><TotalMage>44</TotalMage><Stealth>0</Stealth><TotalStealth>0</TotalStealth><Challenge>133</Challenge><Health>100</Health><BonusHeal/><Title></Title><InformationSource>0</InformationSource><Artifacts><Artifact>#47 Dragon Helm of Dor-Lómin</Artifact><Artifact>#103 Ringil</Artifact></Artifacts><Spells><Spell>#104 Resistances(100)</Spell><Spell>#308 Capital Return(73)</Spell><Spell>#412 Research Artifact(100)</Spell></Spells></Character><Character ID="iarle"><Name>Iarless</Name><Location>0613</Location><Nation>25</Nation><Command>13</Command><TotalCommand>13</TotalCommand><Agent>63</Agent><TotalAgent>63</TotalAgent><Emmisary>0</Emmisary><TotalEmmisary>0</TotalEmmisary><Mage>0</Mage><TotalMage>0</TotalMage><Stealth>0</Stealth><TotalStealth>0</TotalStealth><Challenge>50</Challenge><Health>100</Health><BonusHeal/><Title></Title><InformationSource>0</InformationSource><Artifacts/><Spells/></Character><Character ID="jf  b"><Name>JF  Breau</Name><Location>0613</Location><Nation>25</Nation><Command>0</Command><TotalCommand>0</TotalCommand><Agent>65</Agent><TotalAgent>65</TotalAgent><Emmisary>0</Emmisary><TotalEmmisary>0</TotalEmmisary><Mage>0</Mage><TotalMage>0</TotalMage><Stealth>0</Stealth><TotalStealth>0</TotalStealth><Challenge>48</Challenge><Health>100</Health><Title></Title><InformationSource>0</InformationSource><Artifacts/><Spells/></Character><Character ID="elost"><Name>Elostirion</Name><Location>0702</Location><Nation>25</Nation><Command>0</Command><TotalCommand>0</TotalCommand><Agent>0</Agent><TotalAgent>0</TotalAgent><Emmisary>90</Emmisary><TotalEmmisary>90</TotalEmmisary><Mage>40</Mage><TotalMage>40</TotalMage><Stealth>0</Stealth><TotalStealth>0</TotalStealth><Challenge>55</Challenge><Health>100</Health><Title></Title><InformationSource>0</InformationSource><Artifacts/><Spells><Spell>#314 Teleport(76)</Spell><Spell>#414 Scry Hex(96)</Spell><Spell>#415 Scry Area(84)</Spell><Spell>#436 Scry Character(96)</Spell></Spells></Character><Character ID="anya "><Name>Anya the Red</Name><Location>0703</Location><Nation>0</Nation><Command>0</Command><TotalCommand>0</TotalCommand><Agent>0</Agent><TotalAgent>0</TotalAgent><Emmisary>0</Emmisary><TotalEmmisary>0</TotalEmmisary><Mage>0</Mage><TotalMage>0</TotalMage><Stealth>0</Stealth><TotalStealth>0</TotalStealth><Challenge>0</Challenge><Health>0</Health><Title></Title><InformationSource>2</InformationSource><Artifacts/><Spells/></Character><Character ID="crikn"><Name>Criknrog</Name><Location>0703</Location><Nation>0</Nation><Command>0</Command><TotalCommand>0</TotalCommand><Agent>0</Agent><TotalAgent>0</TotalAgent><Emmisary>0</Emmisary><TotalEmmisary>0</TotalEmmisary><Mage>0</Mage><TotalMage>0</TotalMage><Stealth>0</Stealth><TotalStealth>0</TotalStealth><Challenge>0</Challenge><Health>0</Health><Title></Title><InformationSource>2</InformationSource><Artifacts/><Spells/></Character><Character ID="wojur"><Name>Wojuruk</Name><Location>0703</Location><Nation>0</Nation><Command>0</Command><TotalCommand>0</TotalCommand><Agent>0</Agent><TotalAgent>0</TotalAgent><Emmisary>0</Emmisary><TotalEmmisary>0</TotalEmmisary><Mage>0</Mage><TotalMage>0</TotalMage><Stealth>0</Stealth><TotalStealth>0</TotalStealth><Challenge>0</Challenge><Health>0</Health><Title></Title><InformationSource>2</InformationSource><Artifacts/><Spells/></Character><Character ID="koneb"><Name>Kônebra</Name><Location>1714</Location><Nation>25</Nation><Command>0</Command><TotalCommand>0</TotalCommand><Agent>0</Agent><TotalAgent>0</TotalAgent><Emmisary>0</Emmisary><TotalEmmisary>0</TotalEmmisary><Mage>61</Mage><TotalMage>61</TotalMage><Stealth>0</Stealth><TotalStealth>0</TotalStealth><Challenge>76</Challenge><Health>75</Health><Title></Title><InformationSource>0</InformationSource><Artifacts><Artifact>#167 Ungolrist</Artifact></Artifacts><Spells><Spell>#104 Resistances(78)</Spell><Spell>#214 Call Winds(70)</Spell><Spell>#302 Long Stride(100)</Spell><Spell>#314 Teleport(87)</Spell><Spell>#410 Divine Allegiance Forces(97)</Spell><Spell>#412 Research Artifact(88)</Spell><Spell>#414 Scry Hex(97)</Spell><Spell>#417 Divine Characters w/Forces(95)</Spell><Spell>#419 Divine Nation Forces(74)</Spell></Spells></Character><Character ID="malen"><Name>Malendur</Name><Location>1922</Location><Nation>25</Nation><Command>0</Command><TotalCommand>0</TotalCommand><Agent>0</Agent><TotalAgent>0</TotalAgent><Emmisary>0</Emmisary><TotalEmmisary>0</TotalEmmisary><Mage>65</Mage><TotalMage>75</TotalMage><Stealth>0</Stealth><TotalStealth>0</TotalStealth><Challenge>115</Challenge><Health>100</Health><Title></Title><InformationSource>0</InformationSource><Artifacts><Artifact>#41 Silmaruth</Artifact><Artifact>#154 The Black Book</Artifact></Artifacts><Spells><Spell>#314 Teleport(82)</Spell><Spell>#412 Research Artifact(96)</Spell><Spell>#414 Scry Hex(77)</Spell><Spell>#418 Locate Artifact(83)</Spell><Spell>#428 Locate Artifact True(63)</Spell><Spell>#510 Conjure Food(84)</Spell></Spells></Character><Character ID="angus"><Name>Angus</Name><Location>2218</Location><Nation>25</Nation><Command>0</Command><TotalCommand>0</TotalCommand><Agent>82</Agent><TotalAgent>92</TotalAgent><Emmisary>0</Emmisary><TotalEmmisary>0</TotalEmmisary><Mage>30</Mage><TotalMage>30</TotalMage><Stealth>0</Stealth><TotalStealth>30</TotalStealth><Challenge>86</Challenge><Health>100</Health><Title></Title><InformationSource>0</InformationSource><Artifacts><Artifact>#48 Rat Gauntlets</Artifact><Artifact>#49 Helm of Shadow</Artifact><Artifact>#171 Gildagor</Artifact><Artifact>#210 Wood-shadow</Artifact></Artifacts><Spells><Spell>#314 Teleport(79)</Spell><Spell>#412 Research Artifact(86)</Spell><Spell>#418 Locate Artifact(85)</Spell></Spells></Character><Character ID="soil "><Name>Soil Nûnaw</Name><Location>2218</Location><Nation>25</Nation><Command>0</Command><TotalCommand>0</TotalCommand><Agent>70</Agent><TotalAgent>70</TotalAgent><Emmisary>0</Emmisary><TotalEmmisary>0</TotalEmmisary><Mage>0</Mage><TotalMage>0</TotalMage><Stealth>0</Stealth><TotalStealth>0</TotalStealth><Challenge>52</Challenge><Health>100</Health><Title></Title><InformationSource>0</InformationSource><Artifacts/><Spells/></Character><Character ID="forth"><Name>Forthain</Name><Location>2828</Location><Nation>0</Nation><Command>0</Command><TotalCommand>0</TotalCommand><Agent>0</Agent><TotalAgent>0</TotalAgent><Emmisary>0</Emmisary><TotalEmmisary>0</TotalEmmisary><Mage>0</Mage><TotalMage>0</TotalMage><Stealth>0</Stealth><TotalStealth>0</TotalStealth><Challenge>0</Challenge><Health>0</Health><Title></Title><InformationSource>2</InformationSource><Artifacts/><Spells/></Character><Character ID="modul"><Name>Modulator</Name><Location>2828</Location><Nation>25</Nation><Command>0</Command><TotalCommand>0</TotalCommand><Agent>0</Agent><TotalAgent>0</TotalAgent><Emmisary>74</Emmisary><TotalEmmisary>74</TotalEmmisary><Mage>0</Mage><TotalMage>0</TotalMage><Stealth>0</Stealth><TotalStealth>0</TotalStealth><Challenge>37</Challenge><Health>100</Health><Title></Title><InformationSource>0</InformationSource><Artifacts/><Spells/></Character><Character ID="trans"><Name>Transmitter</Name><Location>3912</Location><Nation>25</Nation><Command>0</Command><TotalCommand>0</TotalCommand><Agent>0</Agent><TotalAgent>0</TotalAgent><Emmisary>72</Emmisary><TotalEmmisary>72</TotalEmmisary><Mage>60</Mage><TotalMage>60</TotalMage><Stealth>0</Stealth><TotalStealth>0</TotalStealth><Challenge>69</Challenge><Health>100</Health><Title></Title><InformationSource>0</InformationSource><Artifacts/><Spells><Spell>#314 Teleport(65)</Spell><Spell>#412 Research Artifact(85)</Spell><Spell>#413 Scry Population Center(85)</Spell><Spell>#415 Scry Area(77)</Spell><Spell>#418 Locate Artifact(85)</Spell><Spell>#428 Locate Artifact True(75)</Spell><Spell>#508 Conjure Mounts(92)</Spell></Spells></Character></Characters>
<Economy><Nation><ArmyMaint>17598</ArmyMaint><PopMaint>5000</PopMaint><CharMaint>36200</CharMaint><TotalMaint>58798</TotalMaint><TaxRate>60</TaxRate><Revenue>42470</Revenue><Surplus>-16328</Surplus><Reserve>19606</Reserve><TaxBase>24</TaxBase></Nation><Market><Product type="le"><BuyPrice>3</BuyPrice><SellPrice>1</SellPrice><MarketAvail>27683</MarketAvail><NationStores>3504</NationStores><NationProduction>1374</NationProduction></Product><Product type="br"><BuyPrice>3</BuyPrice><SellPrice>1</SellPrice><MarketAvail>18477</MarketAvail><NationStores>1120</NationStores><NationProduction>280</NationProduction></Product><Product type="st"><BuyPrice>5</BuyPrice><SellPrice>3</SellPrice><MarketAvail>6409</MarketAvail><NationStores>0</NationStores><NationProduction>549</NationProduction></Product><Product type="mi"><BuyPrice>12</BuyPrice><SellPrice>6</SellPrice><MarketAvail>4448</MarketAvail><NationStores>0</NationStores><NationProduction>87</NationProduction></Product><Product type="fo"><BuyPrice>2</BuyPrice><SellPrice>1</SellPrice><MarketAvail>290847</MarketAvail><NationStores>6861</NationStores><NationProduction>4606</NationProduction></Product><Product type="ti"><BuyPrice>3</BuyPrice><SellPrice>1</SellPrice><MarketAvail>28107</MarketAvail><NationStores>937</NationStores><NationProduction>495</NationProduction></Product><Product type="mo"><BuyPrice>8</BuyPrice><SellPrice>4</SellPrice><MarketAvail>4057</MarketAvail><NationStores>362</NationStores><NationProduction>121</NationProduction></Product></Market></Economy>
<PopCentres><PopCentre HexID="0206"><Name>Gorgon</Name><Nation>25</Nation><NationAllegience>0</NationAllegience><FortificationLevel>1</FortificationLevel><Size>2</Size><Dock>0</Dock><Capital>0</Capital><Loyalty>36</Loyalty><InformationSource>1</InformationSource><Hidden>0</Hidden></PopCentre><PopCentre HexID="0207"><Name>Baltus</Name><Nation>25</Nation><NationAllegience>0</NationAllegience><FortificationLevel>1</FortificationLevel><Size>5</Size><Dock>0</Dock><Capital>1</Capital><Loyalty>90</Loyalty><InformationSource>1</InformationSource><Hidden>0</Hidden></PopCentre><PopCentre HexID="0306"><Name>Melkor</Name><Nation>25</Nation><NationAllegience>0</NationAllegience><FortificationLevel>0</FortificationLevel><Size>2</Size><Dock>0</Dock><Capital>0</Capital><Loyalty>56</Loyalty><InformationSource>1</InformationSource><Hidden>0</Hidden></PopCentre><PopCentre HexID="0307"><Name>Zhantus</Name><Nation>25</Nation><NationAllegience>0</NationAllegience><FortificationLevel>1</FortificationLevel><Size>3</Size><Dock>0</Dock><Capital>0</Capital><Loyalty>1</Loyalty><InformationSource>1</InformationSource><Hidden>0</Hidden></PopCentre><PopCentre HexID="0308"><Name>Barad Cirith</Name><Nation>25</Nation><NationAllegience>0</NationAllegience><FortificationLevel>0</FortificationLevel><Size>1</Size><Dock>0</Dock><Capital>0</Capital><Loyalty>30</Loyalty><InformationSource>1</InformationSource><Hidden>0</Hidden></PopCentre><PopCentre HexID="0405"><Name>Dire</Name><Nation>25</Nation><NationAllegience>0</NationAllegience><FortificationLevel>3</FortificationLevel><Size>4</Size><Dock>2</Dock><Capital>0</Capital><Loyalty>62</Loyalty><InformationSource>1</InformationSource><Hidden>0</Hidden></PopCentre><PopCentre HexID="0408"><Name>Tol Cirith</Name><Nation>25</Nation><NationAllegience>0</NationAllegience><FortificationLevel>1</FortificationLevel><Size>4</Size><Dock>0</Dock><Capital>0</Capital><Loyalty>34</Loyalty><InformationSource>1</InformationSource><Hidden>0</Hidden></PopCentre><PopCentre HexID="0505"><Name>Mijesec</Name><Nation>25</Nation><NationAllegience>0</NationAllegience><FortificationLevel>0</FortificationLevel><Size>1</Size><Dock>0</Dock><Capital>0</Capital><Loyalty>35</Loyalty><InformationSource>1</InformationSource><Hidden>0</Hidden></PopCentre><PopCentre HexID="0507"><Name>Lirith Tol</Name><Nation>25</Nation><NationAllegience>0</NationAllegience><FortificationLevel>1</FortificationLevel><Size>4</Size><Dock>0</Dock><Capital>0</Capital><Loyalty>78</Loyalty><InformationSource>1</InformationSource><Hidden>0</Hidden></PopCentre><PopCentre HexID="0512"><Name>Unknown (Map Icon)</Name><Nation>0</Nation><NationAllegience>0</NationAllegience><FortificationLevel>0</FortificationLevel><Size>1</Size><Dock>0</Dock><Capital>0</Capital><Loyalty>0</Loyalty><InformationSource>4</InformationSource><Hidden>0</Hidden></PopCentre><PopCentre HexID="0604"><Name>Unknown (Map Icon)</Name><Nation>0</Nation><NationAllegience>0</NationAllegience><FortificationLevel>0</FortificationLevel><Size>2</Size><Dock>0</Dock><Capital>0</Capital><Loyalty>0</Loyalty><InformationSource>4</InformationSource><Hidden>0</Hidden></PopCentre><PopCentre HexID="0605"><Name>Sanká</Name><Nation>25</Nation><NationAllegience>0</NationAllegience><FortificationLevel>0</FortificationLevel><Size>2</Size><Dock>0</Dock><Capital>0</Capital><Loyalty>32</Loyalty><InformationSource>1</InformationSource><Hidden>0</Hidden></PopCentre><PopCentre HexID="0607"><Name>Andakro</Name><Nation>25</Nation><NationAllegience>0</NationAllegience><FortificationLevel>0</FortificationLevel><Size>1</Size><Dock>0</Dock><Capital>0</Capital><Loyalty>21</Loyalty><InformationSource>1</InformationSource><Hidden>0</Hidden></PopCentre><PopCentre HexID="0608"><Name>Lisgardh</Name><Nation>25</Nation><NationAllegience>0</NationAllegience><FortificationLevel>0</FortificationLevel><Size>2</Size><Dock>0</Dock><Capital>0</Capital><Loyalty>18</Loyalty><InformationSource>1</InformationSource><Hidden>0</Hidden></PopCentre><PopCentre HexID="0611"><Name>Unknown (Map Icon)</Name><Nation>0</Nation><NationAllegience>0</NationAllegience><FortificationLevel>0</FortificationLevel><Size>2</Size><Dock>0</Dock><Capital>0</Capital><Loyalty>0</Loyalty><InformationSource>4</InformationSource><Hidden>0</Hidden></PopCentre><PopCentre HexID="0613"><Name>Port Royale</Name><Nation>20</Nation><NationAllegience>0</NationAllegience><FortificationLevel>0</FortificationLevel><Size>4</Size><Dock>0</Dock><Capital>0</Capital><Loyalty>0</Loyalty><InformationSource>3</InformationSource><Hidden>0</Hidden></PopCentre><PopCentre HexID="0702"><Name>Northern Way</Name><Nation>25</Nation><NationAllegience>0</NationAllegience><FortificationLevel>0</FortificationLevel><Size>1</Size><Dock>0</Dock><Capital>0</Capital><Loyalty>48</Loyalty><InformationSource>1</InformationSource><Hidden>0</Hidden></PopCentre><PopCentre HexID="0703"><Name>Drú Dôr</Name><Nation>25</Nation><NationAllegience>0</NationAllegience><FortificationLevel>0</FortificationLevel><Size>2</Size><Dock>0</Dock><Capital>0</Capital><Loyalty>19</Loyalty><InformationSource>1</InformationSource><Hidden>0</Hidden></PopCentre><PopCentre HexID="0711"><Name>Unknown (Map Icon)</Name><Nation>0</Nation><NationAllegience>0</NationAllegience><FortificationLevel>0</FortificationLevel><Size>3</Size><Dock>0</Dock><Capital>0</Capital><Loyalty>0</Loyalty><InformationSource>4</InformationSource><Hidden>0</Hidden></PopCentre><PopCentre HexID="0810"><Name>Unknown (Map Icon)</Name><Nation>0</Nation><NationAllegience>0</NationAllegience><FortificationLevel>0</FortificationLevel><Size>2</Size><Dock>0</Dock><Capital>0</Capital><Loyalty>0</Loyalty><InformationSource>4</InformationSource><Hidden>0</Hidden></PopCentre><PopCentre HexID="0811"><Name>Unknown (Map Icon)</Name><Nation>0</Nation><NationAllegience>0</NationAllegience><FortificationLevel>0</FortificationLevel><Size>2</Size><Dock>0</Dock><Capital>0</Capital><Loyalty>0</Loyalty><InformationSource>4</InformationSource><Hidden>0</Hidden></PopCentre><PopCentre HexID="0812"><Name>Unknown (Map Icon)</Name><Nation>0</Nation><NationAllegience>0</NationAllegience><FortificationLevel>0</FortificationLevel><Size>2</Size><Dock>0</Dock><Capital>0</Capital><Loyalty>0</Loyalty><InformationSource>4</InformationSource><Hidden>0</Hidden></PopCentre><PopCentre HexID="0913"><Name>Unknown (Map Icon)</Name><Nation>0</Nation><NationAllegience>0</NationAllegience><FortificationLevel>0</FortificationLevel><Size>2</Size><Dock>0</Dock><Capital>0</Capital><Loyalty>0</Loyalty><InformationSource>4</InformationSource><Hidden>0</Hidden></PopCentre><PopCentre HexID="1922"><Name>Raugawul</Name><Nation>13</Nation><NationAllegience>0</NationAllegience><FortificationLevel>0</FortificationLevel><Size>2</Size><Dock>0</Dock><Capital>0</Capital><Loyalty>0</Loyalty><InformationSource>3</InformationSource><Hidden>0</Hidden></PopCentre><PopCentre HexID="2218"><Name>Cataract Glen</Name><Nation>10</Nation><NationAllegience>0</NationAllegience><FortificationLevel>1</FortificationLevel><Size>3</Size><Dock>0</Dock><Capital>0</Capital><Loyalty>0</Loyalty><InformationSource>3</InformationSource><Hidden>0</Hidden></PopCentre><PopCentre HexID="2822"><Name>Echiant</Name><Nation>25</Nation><NationAllegience>0</NationAllegience><FortificationLevel>0</FortificationLevel><Size>1</Size><Dock>0</Dock><Capital>0</Capital><Loyalty>19</Loyalty><InformationSource>1</InformationSource><Hidden>0</Hidden></PopCentre><PopCentre HexID="2828"><Name>Halenon</Name><Nation>25</Nation><NationAllegience>0</NationAllegience><FortificationLevel>0</FortificationLevel><Size>2</Size><Dock>0</Dock><Capital>0</Capital><Loyalty>48</Loyalty><InformationSource>1</InformationSource><Hidden>0</Hidden></PopCentre><PopCentre HexID="3624"><Name>Nosebleed</Name><Nation>25</Nation><NationAllegience>0</NationAllegience><FortificationLevel>0</FortificationLevel><Size>1</Size><Dock>0</Dock><Capital>0</Capital><Loyalty>32</Loyalty><InformationSource>1</InformationSource><Hidden>0</Hidden></PopCentre><PopCentre HexID="3729"><Name></Name><Nation>25</Nation><NationAllegience>0</NationAllegience><FortificationLevel>0</FortificationLevel><Size>1</Size><Dock>0</Dock><Capital>0</Capital><Loyalty>33</Loyalty><InformationSource>1</InformationSource><Hidden>0</Hidden></PopCentre><PopCentre HexID="3825"><Name>Akhúlsa</Name><Nation>25</Nation><NationAllegience>0</NationAllegience><FortificationLevel>0</FortificationLevel><Size>1</Size><Dock>0</Dock><Capital>0</Capital><Loyalty>33</Loyalty><InformationSource>1</InformationSource><Hidden>0</Hidden></PopCentre><PopCentre HexID="3912"><Name>Taverna</Name><Nation>25</Nation><NationAllegience>0</NationAllegience><FortificationLevel>1</FortificationLevel><Size>4</Size><Dock>0</Dock><Capital>0</Capital><Loyalty>88</Loyalty><InformationSource>1</InformationSource><Hidden>0</Hidden></PopCentre><PopCentre HexID="4012"><Name>Unknown (Map Icon)</Name><Nation>0</Nation><NationAllegience>0</NationAllegience><FortificationLevel>1</FortificationLevel><Size>2</Size><Dock>0</Dock><Capital>0</Capital><Loyalty>0</Loyalty><InformationSource>4</InformationSource><Hidden>0</Hidden></PopCentre><PopCentre HexID="4013"><Name>Unknown (Map Icon)</Name><Nation>0</Nation><NationAllegience>0</NationAllegience><FortificationLevel>2</FortificationLevel><Size>4</Size><Dock>0</Dock><Capital>0</Capital><Loyalty>0</Loyalty><InformationSource>4</InformationSource><Hidden>0</Hidden></PopCentre></PopCentres><Armies><Army HexID="0207"><Nation>25</Nation><NationAllegience>0</NationAllegience><Size>2</Size><TroopCount>113</TroopCount><Commander>Barrow Wight</Commander><CommanderTitle>Lord</CommanderTitle><ExtraInfo>113HI</ExtraInfo><Navy>0</Navy><InformationSource>1</InformationSource><CharsTravellingWith></CharsTravellingWith></Army><Army HexID="0207"><Nation>0</Nation><NationAllegience>1</NationAllegience><Size>0</Size><TroopCount>0</TroopCount><Commander>Unknown (Map Icon)</Commander><CommanderTitle></CommanderTitle><ExtraInfo></ExtraInfo><Navy>0</Navy><InformationSource>4</InformationSource><CharsTravellingWith></CharsTravellingWith></Army><Army HexID="0408"><Nation>25</Nation><NationAllegience>0</NationAllegience><Size>3</Size><TroopCount>1000</TroopCount><Commander>Carvedas</Commander><CommanderTitle>Commander</CommanderTitle><ExtraInfo>100HC 900HI</ExtraInfo><Navy>1</Navy><InformationSource>1</InformationSource><CharsTravellingWith></CharsTravellingWith></Army><Army HexID="0408"><Nation>25</Nation><NationAllegience>0</NationAllegience><Size>3</Size><TroopCount>607</TroopCount><Commander>Llewi</Commander><CommanderTitle>Regent</CommanderTitle><ExtraInfo>591HI 16MA</ExtraInfo><Navy>0</Navy><InformationSource>3</InformationSource><CharsTravellingWith></CharsTravellingWith></Army><Army HexID="0408"><Nation>0</Nation><NationAllegience>1</NationAllegience><Size>0</Size><TroopCount>0</TroopCount><Commander>Unknown (Map Icon)</Commander><CommanderTitle></CommanderTitle><ExtraInfo></ExtraInfo><Navy>0</Navy><InformationSource>4</InformationSource><CharsTravellingWith></CharsTravellingWith></Army><Army HexID="0507"><Nation>25</Nation><NationAllegience>0</NationAllegience><Size>2</Size><TroopCount>517</TroopCount><Commander>Agbathû</Commander><CommanderTitle>Lord</CommanderTitle><ExtraInfo>170HC 347HI</ExtraInfo><Navy>0</Navy><InformationSource>3</InformationSource><CharsTravellingWith></CharsTravellingWith></Army><Army HexID="0507"><Nation>25</Nation><NationAllegience>0</NationAllegience><Size>3</Size><TroopCount>1095</TroopCount><Commander>Carlin</Commander><CommanderTitle>Warlord</CommanderTitle><ExtraInfo>1095HC</ExtraInfo><Navy>0</Navy><InformationSource>3</InformationSource><CharsTravellingWith>Lumban - Moeskin - Moraiza</CharsTravellingWith></Army><Army HexID="0507"><Nation>25</Nation><NationAllegience>0</NationAllegience><Size>2</Size><TroopCount>147</TroopCount><Commander>Erestor</Commander><CommanderTitle>Commander</CommanderTitle><ExtraInfo>147HI</ExtraInfo><Navy>0</Navy><InformationSource>1</InformationSource><CharsTravellingWith>Gwaihir Eagles</CharsTravellingWith></Army><Army HexID="0507"><Nation>0</Nation><NationAllegience>1</NationAllegience><Size>0</Size><TroopCount>0</TroopCount><Commander>Unknown (Map Icon)</Commander><CommanderTitle></CommanderTitle><ExtraInfo></ExtraInfo><Navy>0</Navy><InformationSource>4</InformationSource><CharsTravellingWith></CharsTravellingWith></Army><Army HexID="0604"><Nation>0</Nation><NationAllegience>2</NationAllegience><Size>0</Size><TroopCount>0</TroopCount><Commander>Unknown (Map Icon)</Commander><CommanderTitle></CommanderTitle><ExtraInfo></ExtraInfo><Navy>0</Navy><InformationSource>4</InformationSource><CharsTravellingWith></CharsTravellingWith></Army><Army HexID="0807"><Nation>0</Nation><NationAllegience>2</NationAllegience><Size>0</Size><TroopCount>0</TroopCount><Commander>Unknown (Map Icon)</Commander><CommanderTitle></CommanderTitle><ExtraInfo></ExtraInfo><Navy>0</Navy><InformationSource>4</InformationSource><CharsTravellingWith></CharsTravellingWith></Army><Army HexID="0907"><Nation>0</Nation><NationAllegience>2</NationAllegience><Size>0</Size><TroopCount>0</TroopCount><Commander>Unknown (Map Icon)</Commander><CommanderTitle></CommanderTitle><ExtraInfo></ExtraInfo><Navy>0</Navy><InformationSource>4</InformationSource><CharsTravellingWith></CharsTravellingWith></Army><Army HexID="3729"><Nation>7</Nation><NationAllegience>0</NationAllegience><Size>2</Size><TroopCount>0</TroopCount><Commander>Valandil</Commander><CommanderTitle>Lord</CommanderTitle><ExtraInfo></ExtraInfo><Navy>0</Navy><InformationSource>3</InformationSource><CharsTravellingWith></CharsTravellingWith></Army></Armies><NationInfo><EmptyPopHexes HexIDList="0101,0102,0103,0104,0105,0106,0107,0108,0109,0110,0111,0112,0113,0201,0202,0203,0204,0205,0208,0209,0210,0211,0212,0213,0301,0302,0303,0304,0305,0309,0310,0311,0312,0313,0401,0402,0403,0404,0406,0407,0409,0410,0411,0412,0413,0501,0502,0503,0504,0506,0508,0509,0510,0511,0513,0601,0602,0603,0606,0609,0610,0612,0701,0704,0705,0706,0707,0708,0709,0710,0712,0713,0801,0802,0803,0804,0805,0806,0807,0808,0809,0813,0901,0903,0905,0907,0909,0911,3812,3911,3913,4011"/><PopHexes HexIDList="0206,0207,0306,0307,0308,0405,0408,0505,0507,0512,0604,0605,0607,0608,0611,0613,0702,0703,0711,0810,0811,0812,0913,3912,4012,4013"/><NationMessages><NationMessage>There are rumors of a personal challenge involving Silusini and Keemac at 3105. </NationMessage><NationMessage>The loyalty was influenced/reduced at Drú Dôr. </NationMessage><NationMessage>There are rumors of an assassination attempt involving Madonna and Hepzibah. </NationMessage><NationMessage>There are rumors of a sabotage attempt involving Oruthan at 3024. </NationMessage><NationMessage>8000 Gold was transported from the Wise Council to Baltus. </NationMessage></NationMessages></NationInfo><Nations><Nation ID="0">Unknown</Nation><Nation ID="1">North Kingdom</Nation><Nation ID="2">South Kingdom</Nation><Nation ID="3">Wise Council</Nation><Nation ID="4">Acadians</Nation><Nation ID="5">Silent Assembly</Nation><Nation ID="6">Thorinar</Nation><Nation ID="7">Sapphic Enclave</Nation><Nation ID="8">Nameless</Nation><Nation ID="9">Ground Pounders</Nation><Nation ID="10">Sundered</Nation><Nation ID="11">Lohmai'gwaith</Nation><Nation ID="12">Sheri-Urk</Nation><Nation ID="13">Red Witches</Nation><Nation ID="14">Dark Feast</Nation><Nation ID="15">Twilight Hammer</Nation><Nation ID="16">Sh'iar Empire</Nation><Nation ID="17">Great Trollusk</Nation><Nation ID="18">Benîm an Pharazôn</Nation><Nation ID="19">RhunLandChattelCo</Nation><Nation ID="20">Tribes of Angmar</Nation><Nation ID="21">Lands</Nation><Nation ID="22">Sing a Song</Nation><Nation ID="23">Once Upon a Time</Nation><Nation ID="24">Plane</Nation><Nation ID="25">Alvernus</Nation></Nations></METurn>
