<METurn METURNVERSION="V2.0.2"><TurnInfo><GameNo>141</GameNo><TurnNo>26</TurnNo><NationNo>21</NationNo><GameType>Fourth Age, circa 1000</GameType><NationCapitalHex>2137</NationCapitalHex><DueDate>OCTOBER 6 2013</DueDate><Secret>7539</Secret><Player>NATE KEENE</Player><Account>110758</Account><NationEliminated>0</NationEliminated><Int>9E6B976C669C99679564649D9C6E</Int></TurnInfo><Characters><Character ID="earth"><Name>Earth</Name><Location>2135</Location><Nation>21</Nation><Command>41</Command><TotalCommand>41</TotalCommand><Agent>0</Agent><TotalAgent>0</TotalAgent><Emmisary>90</Emmisary><TotalEmmisary>90</TotalEmmisary><Mage>0</Mage><TotalMage>0</TotalMage><Stealth>0</Stealth><TotalStealth>0</TotalStealth><Challenge>55</Challenge><Health>100</Health><Title></Title><InformationSource>0</InformationSource><Artifacts/><Spells/></Character><Character ID="water"><Name>Water</Name><Location>2135</Location><Nation>21</Nation><Command>0</Command><TotalCommand>0</TotalCommand><Agent>0</Agent><TotalAgent>0</TotalAgent><Emmisary>93</Emmisary><TotalEmmisary>93</TotalEmmisary><Mage>0</Mage><TotalMage>0</TotalMage><Stealth>0</Stealth><TotalStealth>0</TotalStealth><Challenge>46</Challenge><Health>100</Health><Title></Title><InformationSource>0</InformationSource><Artifacts/><Spells/></Character><Character ID="aldhe"><Name>Aldhelm Demuret</Name><Location>2137</Location><Nation>21</Nation><Command>0</Command><TotalCommand>0</TotalCommand><Agent>70</Agent><TotalAgent>70</TotalAgent><Emmisary>0</Emmisary><TotalEmmisary>0</TotalEmmisary><Mage>0</Mage><TotalMage>0</TotalMage><Stealth>0</Stealth><TotalStealth>0</TotalStealth><Challenge>52</Challenge><Health>100</Health><Title></Title><InformationSource>0</InformationSource><Artifacts/><Spells/></Character><Character ID="light"><Name>Light</Name><Location>2137</Location><Nation>21</Nation><Command>0</Command><TotalCommand>0</TotalCommand><Agent>0</Agent><TotalAgent>0</TotalAgent><Emmisary>73</Emmisary><TotalEmmisary>73</TotalEmmisary><Mage>0</Mage><TotalMage>0</TotalMage><Stealth>0</Stealth><TotalStealth>0</TotalStealth><Challenge>36</Challenge><Health>100</Health><Title></Title><InformationSource>0</InformationSource><Artifacts/><Spells/></Character><Character ID="quell"><Name>Quellious</Name><Location>2435</Location><Nation>0</Nation><Command>0</Command><TotalCommand>0</TotalCommand><Agent>0</Agent><TotalAgent>0</TotalAgent><Emmisary>0</Emmisary><TotalEmmisary>0</TotalEmmisary><Mage>0</Mage><TotalMage>0</TotalMage><Stealth>0</Stealth><TotalStealth>0</TotalStealth><Challenge>0</Challenge><Health>0</Health><Title></Title><InformationSource>2</InformationSource><Artifacts/><Spells/></Character><Character ID="tabay"><Name>Tabaya Kas</Name><Location>2438</Location><Nation>21</Nation><Command>0</Command><TotalCommand>0</TotalCommand><Agent>79</Agent><TotalAgent>79</TotalAgent><Emmisary>0</Emmisary><TotalEmmisary>0</TotalEmmisary><Mage>0</Mage><TotalMage>0</TotalMage><Stealth>0</Stealth><TotalStealth>0</TotalStealth><Challenge>59</Challenge><Health>100</Health><Title></Title><InformationSource>0</InformationSource><Artifacts/><Spells/></Character><Character ID="wind "><Name>Wind </Name><Location>2512</Location><Nation>21</Nation><Command>0</Command><TotalCommand>0</TotalCommand><Agent>0</Agent><TotalAgent>0</TotalAgent><Emmisary>83</Emmisary><TotalEmmisary>83</TotalEmmisary><Mage>0</Mage><TotalMage>0</TotalMage><Stealth>0</Stealth><TotalStealth>0</TotalStealth><Challenge>41</Challenge><Health>100</Health><Title></Title><InformationSource>0</InformationSource><Artifacts/><Spells/></Character><Character ID="inoru"><Name>Inoruuk</Name><Location>2537</Location><Nation>0</Nation><Command>0</Command><TotalCommand>0</TotalCommand><Agent>0</Agent><TotalAgent>0</TotalAgent><Emmisary>0</Emmisary><TotalEmmisary>0</TotalEmmisary><Mage>0</Mage><TotalMage>0</TotalMage><Stealth>0</Stealth><TotalStealth>0</TotalStealth><Challenge>0</Challenge><Health>0</Health><Title></Title><InformationSource>2</InformationSource><Artifacts/><Spells/></Character><Character ID="fire "><Name>Fire </Name><Location>2636</Location><Nation>21</Nation><Command>72</Command><TotalCommand>72</TotalCommand><Agent>53</Agent><TotalAgent>53</TotalAgent><Emmisary>0</Emmisary><TotalEmmisary>0</TotalEmmisary><Mage>0</Mage><TotalMage>0</TotalMage><Stealth>0</Stealth><TotalStealth>0</TotalStealth><Challenge>81</Challenge><Health>100</Health><Title></Title><InformationSource>0</InformationSource><Artifacts/><Spells/></Character><Character ID="null "><Name>Null </Name><Location>2636</Location><Nation>21</Nation><Command>59</Command><TotalCommand>59</TotalCommand><Agent>0</Agent><TotalAgent>0</TotalAgent><Emmisary>0</Emmisary><TotalEmmisary>0</TotalEmmisary><Mage>48</Mage><TotalMage>48</TotalMage><Stealth>0</Stealth><TotalStealth>0</TotalStealth><Challenge>71</Challenge><Health>100</Health><Title></Title><InformationSource>0</InformationSource><Artifacts/><Spells><Spell>#412 Research Artifact(78)</Spell><Spell>#413 Scry Population Center(72)</Spell><Spell>#415 Scry Area(56)</Spell><Spell>#418 Locate Artifact(68)</Spell><Spell>#428 Locate Artifact True(71)</Spell></Spells></Character><Character ID="tarta"><Name>Tartas Izain</Name><Location>2636</Location><Nation>21</Nation><Command>0</Command><TotalCommand>0</TotalCommand><Agent>80</Agent><TotalAgent>80</TotalAgent><Emmisary>0</Emmisary><TotalEmmisary>0</TotalEmmisary><Mage>0</Mage><TotalMage>0</TotalMage><Stealth>0</Stealth><TotalStealth>0</TotalStealth><Challenge>60</Challenge><Health>100</Health><Title></Title><InformationSource>0</InformationSource><Artifacts><Artifact>#162 Cuiviegurth</Artifact></Artifacts><Spells/></Character><Character ID="klu r"><Name>Klú Relortin</Name><Location>2731</Location><Nation>21</Nation><Command>0</Command><TotalCommand>0</TotalCommand><Agent>78</Agent><TotalAgent>78</TotalAgent><Emmisary>0</Emmisary><TotalEmmisary>0</TotalEmmisary><Mage>0</Mage><TotalMage>0</TotalMage><Stealth>0</Stealth><TotalStealth>0</TotalStealth><Challenge>58</Challenge><Health>100</Health><Title></Title><InformationSource>0</InformationSource><Artifacts/><Spells/></Character><Character ID="dark "><Name>Dark </Name><Location>2734</Location><Nation>21</Nation><Command>67</Command><TotalCommand>67</TotalCommand><Agent>0</Agent><TotalAgent>0</TotalAgent><Emmisary>0</Emmisary><TotalEmmisary>0</TotalEmmisary><Mage>45</Mage><TotalMage>45</TotalMage><Stealth>0</Stealth><TotalStealth>0</TotalStealth><Challenge>78</Challenge><Health>100</Health><Title></Title><InformationSource>0</InformationSource><Artifacts/><Spells><Spell>#406 Divine Army(98)</Spell><Spell>#412 Research Artifact(100)</Spell><Spell>#413 Scry Population Center(100)</Spell><Spell>#415 Scry Area(91)</Spell><Spell>#418 Locate Artifact(60)</Spell><Spell>#428 Locate Artifact True(73)</Spell></Spells></Character><Character ID="qesse"><Name>Qesset</Name><Location>2837</Location><Nation>21</Nation><Command>0</Command><TotalCommand>0</TotalCommand><Agent>80</Agent><TotalAgent>115</TotalAgent><Emmisary>0</Emmisary><TotalEmmisary>0</TotalEmmisary><Mage>0</Mage><TotalMage>0</TotalMage><Stealth>0</Stealth><TotalStealth>0</TotalStealth><Challenge>106</Challenge><Health>100</Health><Title></Title><InformationSource>0</InformationSource><Artifacts><Artifact>#55 Ring of Curufin</Artifact><Artifact>#85 Stinging Tongue</Artifact><Artifact>#91 Sulhelka</Artifact><Artifact>#108 Miramarth</Artifact><Artifact>#111 Calris</Artifact><Artifact>#117 Helm of the Dark</Artifact></Artifacts><Spells/></Character><Character ID="cinar"><Name>Cinard</Name><Location>2933</Location><Nation>21</Nation><Command>0</Command><TotalCommand>0</TotalCommand><Agent>82</Agent><TotalAgent>82</TotalAgent><Emmisary>0</Emmisary><TotalEmmisary>0</TotalEmmisary><Mage>0</Mage><TotalMage>0</TotalMage><Stealth>0</Stealth><TotalStealth>0</TotalStealth><Challenge>61</Challenge><Health>100</Health><Title></Title><InformationSource>0</InformationSource><Artifacts/><Spells/></Character></Characters>
<Economy><Nation><ArmyMaint>7872</ArmyMaint><PopMaint>2500</PopMaint><CharMaint>23860</CharMaint><TotalMaint>34232</TotalMaint><TaxRate>78</TaxRate><Revenue>19380</Revenue><Surplus>-14852</Surplus><Reserve>15446</Reserve><TaxBase>7</TaxBase></Nation><Market><Product type="le"><BuyPrice>3</BuyPrice><SellPrice>2</SellPrice><MarketAvail>27612</MarketAvail><NationStores>36</NationStores><NationProduction>1320</NationProduction></Product><Product type="br"><BuyPrice>3</BuyPrice><SellPrice>2</SellPrice><MarketAvail>29031</MarketAvail><NationStores>970</NationStores><NationProduction>746</NationProduction></Product><Product type="st"><BuyPrice>3</BuyPrice><SellPrice>2</SellPrice><MarketAvail>15348</MarketAvail><NationStores>0</NationStores><NationProduction>190</NationProduction></Product><Product type="mi"><BuyPrice>9</BuyPrice><SellPrice>6</SellPrice><MarketAvail>4527</MarketAvail><NationStores>0</NationStores><NationProduction>0</NationProduction></Product><Product type="fo"><BuyPrice>2</BuyPrice><SellPrice>1</SellPrice><MarketAvail>314207</MarketAvail><NationStores>11207</NationStores><NationProduction>4794</NationProduction></Product><Product type="ti"><BuyPrice>3</BuyPrice><SellPrice>2</SellPrice><MarketAvail>25678</MarketAvail><NationStores>164</NationStores><NationProduction>1364</NationProduction></Product><Product type="mo"><BuyPrice>6</BuyPrice><SellPrice>4</SellPrice><MarketAvail>4822</MarketAvail><NationStores>74</NationStores><NationProduction>74</NationProduction></Product></Market></Economy>
<PopCentres><PopCentre HexID="1627"><Name>Unknown (Map Icon)</Name><Nation>0</Nation><NationAllegience>0</NationAllegience><FortificationLevel>0</FortificationLevel><Size>2</Size><Dock>0</Dock><Capital>0</Capital><Loyalty>0</Loyalty><InformationSource>4</InformationSource><Hidden>0</Hidden></PopCentre><PopCentre HexID="2135"><Name>Narqelion</Name><Nation>21</Nation><NationAllegience>0</NationAllegience><FortificationLevel>0</FortificationLevel><Size>1</Size><Dock>0</Dock><Capital>0</Capital><Loyalty>8</Loyalty><InformationSource>1</InformationSource><Hidden>0</Hidden></PopCentre><PopCentre HexID="2136"><Name>Mountains</Name><Nation>21</Nation><NationAllegience>0</NationAllegience><FortificationLevel>0</FortificationLevel><Size>2</Size><Dock>0</Dock><Capital>0</Capital><Loyalty>33</Loyalty><InformationSource>1</InformationSource><Hidden>0</Hidden></PopCentre><PopCentre HexID="2137"><Name>Hills</Name><Nation>21</Nation><NationAllegience>0</NationAllegience><FortificationLevel>2</FortificationLevel><Size>5</Size><Dock>0</Dock><Capital>1</Capital><Loyalty>50</Loyalty><InformationSource>1</InformationSource><Hidden>0</Hidden></PopCentre><PopCentre HexID="2139"><Name>Unknown (Map Icon)</Name><Nation>0</Nation><NationAllegience>0</NationAllegience><FortificationLevel>1</FortificationLevel><Size>4</Size><Dock>0</Dock><Capital>0</Capital><Loyalty>0</Loyalty><InformationSource>4</InformationSource><Hidden>0</Hidden></PopCentre><PopCentre HexID="2227"><Name>Unknown (Map Icon)</Name><Nation>0</Nation><NationAllegience>0</NationAllegience><FortificationLevel>1</FortificationLevel><Size>3</Size><Dock>1</Dock><Capital>0</Capital><Loyalty>0</Loyalty><InformationSource>4</InformationSource><Hidden>0</Hidden></PopCentre><PopCentre HexID="2235"><Name>Unknown (Map Icon)</Name><Nation>0</Nation><NationAllegience>0</NationAllegience><FortificationLevel>0</FortificationLevel><Size>3</Size><Dock>0</Dock><Capital>0</Capital><Loyalty>0</Loyalty><InformationSource>4</InformationSource><Hidden>0</Hidden></PopCentre><PopCentre HexID="2236"><Name>Desert</Name><Nation>21</Nation><NationAllegience>0</NationAllegience><FortificationLevel>1</FortificationLevel><Size>1</Size><Dock>0</Dock><Capital>0</Capital><Loyalty>35</Loyalty><InformationSource>1</InformationSource><Hidden>0</Hidden></PopCentre><PopCentre HexID="2239"><Name>Unknown (Map Icon)</Name><Nation>0</Nation><NationAllegience>0</NationAllegience><FortificationLevel>0</FortificationLevel><Size>2</Size><Dock>0</Dock><Capital>0</Capital><Loyalty>0</Loyalty><InformationSource>4</InformationSource><Hidden>0</Hidden></PopCentre><PopCentre HexID="2335"><Name>Swamp</Name><Nation>21</Nation><NationAllegience>0</NationAllegience><FortificationLevel>1</FortificationLevel><Size>1</Size><Dock>0</Dock><Capital>0</Capital><Loyalty>19</Loyalty><InformationSource>1</InformationSource><Hidden>0</Hidden></PopCentre><PopCentre HexID="2336"><Name>Amrûn</Name><Nation>21</Nation><NationAllegience>0</NationAllegience><FortificationLevel>0</FortificationLevel><Size>1</Size><Dock>0</Dock><Capital>0</Capital><Loyalty>48</Loyalty><InformationSource>1</InformationSource><Hidden>0</Hidden></PopCentre><PopCentre HexID="2337"><Name>Unknown (Map Icon)</Name><Nation>0</Nation><NationAllegience>0</NationAllegience><FortificationLevel>1</FortificationLevel><Size>2</Size><Dock>0</Dock><Capital>0</Capital><Loyalty>0</Loyalty><InformationSource>4</InformationSource><Hidden>0</Hidden></PopCentre><PopCentre HexID="2339"><Name>Unknown (Map Icon)</Name><Nation>0</Nation><NationAllegience>0</NationAllegience><FortificationLevel>1</FortificationLevel><Size>1</Size><Dock>0</Dock><Capital>0</Capital><Loyalty>0</Loyalty><InformationSource>4</InformationSource><Hidden>0</Hidden></PopCentre><PopCentre HexID="2435"><Name>Deldúwath</Name><Nation>21</Nation><NationAllegience>0</NationAllegience><FortificationLevel>0</FortificationLevel><Size>1</Size><Dock>0</Dock><Capital>0</Capital><Loyalty>16</Loyalty><InformationSource>1</InformationSource><Hidden>0</Hidden></PopCentre><PopCentre HexID="2437"><Name>Thargelion</Name><Nation>21</Nation><NationAllegience>0</NationAllegience><FortificationLevel>0</FortificationLevel><Size>1</Size><Dock>0</Dock><Capital>0</Capital><Loyalty>36</Loyalty><InformationSource>1</InformationSource><Hidden>0</Hidden></PopCentre><PopCentre HexID="2438"><Name>Havens Of Umbar</Name><Nation>24</Nation><NationAllegience>0</NationAllegience><FortificationLevel>0</FortificationLevel><Size>2</Size><Dock>0</Dock><Capital>0</Capital><Loyalty>0</Loyalty><InformationSource>3</InformationSource><Hidden>0</Hidden></PopCentre><PopCentre HexID="2512"><Name>Peley</Name><Nation>20</Nation><NationAllegience>0</NationAllegience><FortificationLevel>0</FortificationLevel><Size>1</Size><Dock>0</Dock><Capital>0</Capital><Loyalty>0</Loyalty><InformationSource>3</InformationSource><Hidden>0</Hidden></PopCentre><PopCentre HexID="2536"><Name>Mae Govannon</Name><Nation>21</Nation><NationAllegience>0</NationAllegience><FortificationLevel>0</FortificationLevel><Size>1</Size><Dock>0</Dock><Capital>0</Capital><Loyalty>47</Loyalty><InformationSource>1</InformationSource><Hidden>0</Hidden></PopCentre><PopCentre HexID="2537"><Name>Melyanna</Name><Nation>21</Nation><NationAllegience>0</NationAllegience><FortificationLevel>0</FortificationLevel><Size>1</Size><Dock>0</Dock><Capital>0</Capital><Loyalty>28</Loyalty><InformationSource>1</InformationSource><Hidden>0</Hidden></PopCentre><PopCentre HexID="2634"><Name>Mukatana</Name><Nation>21</Nation><NationAllegience>0</NationAllegience><FortificationLevel>0</FortificationLevel><Size>1</Size><Dock>0</Dock><Capital>0</Capital><Loyalty>31</Loyalty><InformationSource>1</InformationSource><Hidden>0</Hidden></PopCentre><PopCentre HexID="2636"><Name>Falassë</Name><Nation>24</Nation><NationAllegience>0</NationAllegience><FortificationLevel>2</FortificationLevel><Size>5</Size><Dock>0</Dock><Capital>0</Capital><Loyalty>0</Loyalty><InformationSource>3</InformationSource><Hidden>0</Hidden></PopCentre><PopCentre HexID="2731"><Name>Zigurunzaden</Name><Nation>18</Nation><NationAllegience>0</NationAllegience><FortificationLevel>0</FortificationLevel><Size>3</Size><Dock>0</Dock><Capital>0</Capital><Loyalty>0</Loyalty><InformationSource>3</InformationSource><Hidden>0</Hidden></PopCentre><PopCentre HexID="2734"><Name>Of Fear</Name><Nation>21</Nation><NationAllegience>0</NationAllegience><FortificationLevel>1</FortificationLevel><Size>2</Size><Dock>0</Dock><Capital>0</Capital><Loyalty>17</Loyalty><InformationSource>1</InformationSource><Hidden>0</Hidden></PopCentre><PopCentre HexID="2834"><Name>Herenya</Name><Nation>21</Nation><NationAllegience>0</NationAllegience><FortificationLevel>0</FortificationLevel><Size>2</Size><Dock>0</Dock><Capital>0</Capital><Loyalty>12</Loyalty><InformationSource>1</InformationSource><Hidden>0</Hidden></PopCentre><PopCentre HexID="2933"><Name>Amon Sur</Name><Nation>17</Nation><NationAllegience>0</NationAllegience><FortificationLevel>0</FortificationLevel><Size>2</Size><Dock>0</Dock><Capital>0</Capital><Loyalty>0</Loyalty><InformationSource>3</InformationSource><Hidden>0</Hidden></PopCentre><PopCentre HexID="2935"><Name>Lámina</Name><Nation>21</Nation><NationAllegience>0</NationAllegience><FortificationLevel>0</FortificationLevel><Size>1</Size><Dock>0</Dock><Capital>0</Capital><Loyalty>44</Loyalty><InformationSource>1</InformationSource><Hidden>0</Hidden></PopCentre><PopCentre HexID="3036"><Name>Unknown (Map Icon)</Name><Nation>0</Nation><NationAllegience>0</NationAllegience><FortificationLevel>1</FortificationLevel><Size>1</Size><Dock>0</Dock><Capital>0</Capital><Loyalty>0</Loyalty><InformationSource>4</InformationSource><Hidden>0</Hidden></PopCentre><PopCentre HexID="3136"><Name>Unknown (Map Icon)</Name><Nation>0</Nation><NationAllegience>0</NationAllegience><FortificationLevel>0</FortificationLevel><Size>1</Size><Dock>0</Dock><Capital>0</Capital><Loyalty>0</Loyalty><InformationSource>4</InformationSource><Hidden>0</Hidden></PopCentre><PopCentre HexID="3235"><Name>Unknown (Map Icon)</Name><Nation>0</Nation><NationAllegience>0</NationAllegience><FortificationLevel>1</FortificationLevel><Size>2</Size><Dock>0</Dock><Capital>0</Capital><Loyalty>0</Loyalty><InformationSource>4</InformationSource><Hidden>0</Hidden></PopCentre><PopCentre HexID="3336"><Name>MPEG-2</Name><Nation>21</Nation><NationAllegience>0</NationAllegience><FortificationLevel>0</FortificationLevel><Size>1</Size><Dock>0</Dock><Capital>0</Capital><Loyalty>21</Loyalty><InformationSource>1</InformationSource><Hidden>0</Hidden></PopCentre></PopCentres><Armies><Army HexID="2139"><Nation>0</Nation><NationAllegience>1</NationAllegience><Size>0</Size><TroopCount>0</TroopCount><Commander>Unknown (Map Icon)</Commander><CommanderTitle></CommanderTitle><ExtraInfo></ExtraInfo><Navy>0</Navy><InformationSource>4</InformationSource><CharsTravellingWith></CharsTravellingWith></Army><Army HexID="2636"><Nation>21</Nation><NationAllegience>0</NationAllegience><Size>3</Size><TroopCount>628</TroopCount><Commander>Fire </Commander><CommanderTitle>Warlord</CommanderTitle><ExtraInfo>628HC</ExtraInfo><Navy>0</Navy><InformationSource>3</InformationSource><CharsTravellingWith></CharsTravellingWith></Army><Army HexID="2636"><Nation>21</Nation><NationAllegience>0</NationAllegience><Size>3</Size><TroopCount>548</TroopCount><Commander>Null </Commander><CommanderTitle>Lord</CommanderTitle><ExtraInfo>548HC</ExtraInfo><Navy>0</Navy><InformationSource>1</InformationSource><CharsTravellingWith></CharsTravellingWith></Army><Army HexID="2734"><Nation>21</Nation><NationAllegience>0</NationAllegience><Size>2</Size><TroopCount>136</TroopCount><Commander>Dark </Commander><CommanderTitle>Regent</CommanderTitle><ExtraInfo>136HC</ExtraInfo><Navy>0</Navy><InformationSource>1</InformationSource><CharsTravellingWith></CharsTravellingWith></Army></Armies><NationInfo><EmptyPopHexes HexIDList="1628,1629,1630,1631,1632,1633,1634,1635,1636,1637,1638,1639,1727,1728,1729,1730,1731,1732,1733,1734,1735,1736,1737,1738,1739,1827,1828,1829,1830,1831,1832,1833,1834,1835,1836,1837,1838,1839,1927,1928,1929,1930,1931,1932,1933,1934,1935,1936,1937,1938,1939,2027,2028,2029,2030,2031,2032,2033,2034,2035,2036,2037,2038,2039,2127,2128,2129,2130,2131,2132,2133,2134,2138,2228,2229,2230,2231,2232,2233,2234,2237,2238,2327,2328,2329,2330,2331,2332,2333,2334,2338,2427,2429,2431,2433,2439,3135,3137,3236,3237"/><PopHexes HexIDList="1627,2135,2136,2137,2139,2227,2235,2236,2239,2335,2336,2337,2339,2435,2437,3036,3136,3235"/><NationMessages><NationMessage>There are rumors of an armed conflict involving the North Kingdom at 2611. </NationMessage><NationMessage>The tax rate was increased to avoid going bankrupt! Loyalty has been affected. </NationMessage><NationMessage>There are rumors of an assassination attempt involving Huyna and Khamul. </NationMessage><NationMessage>There are rumors of a kidnap attempt involving Angelimar and Fremont. </NationMessage><NationMessage>There are rumors of a theft attempt involving Marhwini at Lagna Sa. </NationMessage><NationMessage>There are rumors of a theft attempt involving Torennis at Khiranos. </NationMessage><NationMessage>There are rumors of a theft attempt involving Iarless at Saghamor. </NationMessage><NationMessage>5253 Gold was transported from the Once Upon a Time to Hills. </NationMessage><NationMessage>11207 Food transported from the Once Upon a Time to Hills. </NationMessage></NationMessages></NationInfo><Nations><Nation ID="0">Unknown</Nation><Nation ID="1">North Kingdom</Nation><Nation ID="2">South Kingdom</Nation><Nation ID="3">Wise Council</Nation><Nation ID="4">Acadians</Nation><Nation ID="5">Silent Assembly</Nation><Nation ID="6">Thorinar</Nation><Nation ID="7">Sapphic Enclave</Nation><Nation ID="8">Nameless</Nation><Nation ID="9">Ground Pounders</Nation><Nation ID="10">Sundered</Nation><Nation ID="11">Lohmai'gwaith</Nation><Nation ID="12">Sheri-Urk</Nation><Nation ID="13">Red Witches</Nation><Nation ID="14">Dark Feast</Nation><Nation ID="15">Twilight Hammer</Nation><Nation ID="16">Sh'iar Empire</Nation><Nation ID="17">Great Trollusk</Nation><Nation ID="18">Benîm an Pharazôn</Nation><Nation ID="19">RhunLandChattelCo</Nation><Nation ID="20">Tribes of Angmar</Nation><Nation ID="21">Lands</Nation><Nation ID="22">Sing a Song</Nation><Nation ID="23">Once Upon a Time</Nation><Nation ID="24">Plane</Nation><Nation ID="25">Alvernus</Nation></Nations></METurn>
