<METurn METURNVERSION="V2.0.2"><TurnInfo><GameNo>141</GameNo><TurnNo>31</TurnNo><NationNo>23</NationNo><GameType>Fourth Age, circa 1000</GameType><NationCapitalHex>3712</NationCapitalHex><DueDate>DECEMBER 15 2013</DueDate><Secret>8751</Secret><Player>ANASTASIA GEMELLI</Player><Account>110894</Account><NationEliminated>0</NationEliminated><Int>9F6D9964679799699564649EA06A</Int></TurnInfo><Characters><Character ID="cener"><Name>Cenerentola</Name><Location>1219</Location><Nation>23</Nation><Command>24</Command><TotalCommand>24</TotalCommand><Agent>0</Agent><TotalAgent>0</TotalAgent><Emmisary>71</Emmisary><TotalEmmisary>71</TotalEmmisary><Mage>0</Mage><TotalMage>0</TotalMage><Stealth>0</Stealth><TotalStealth>0</TotalStealth><Challenge>41</Challenge><Health>100</Health><Title></Title><InformationSource>0</InformationSource><Artifacts/><Spells/></Character><Character ID="cacci"><Name>Cacciatore</Name><Location>2209</Location><Nation>23</Nation><Command>0</Command><TotalCommand>0</TotalCommand><Agent>0</Agent><TotalAgent>0</TotalAgent><Emmisary>60</Emmisary><TotalEmmisary>60</TotalEmmisary><Mage>0</Mage><TotalMage>0</TotalMage><Stealth>0</Stealth><TotalStealth>0</TotalStealth><Challenge>30</Challenge><Health>100</Health><Title></Title><InformationSource>0</InformationSource><Artifacts/><Spells/></Character><Character ID="cical"><Name>Cicala</Name><Location>2209</Location><Nation>23</Nation><Command>0</Command><TotalCommand>0</TotalCommand><Agent>0</Agent><TotalAgent>0</TotalAgent><Emmisary>86</Emmisary><TotalEmmisary>86</TotalEmmisary><Mage>0</Mage><TotalMage>0</TotalMage><Stealth>0</Stealth><TotalStealth>0</TotalStealth><Challenge>43</Challenge><Health>100</Health><Title></Title><InformationSource>0</InformationSource><Artifacts/><Spells/></Character><Character ID="grete"><Name>Gretel</Name><Location>2209</Location><Nation>23</Nation><Command>0</Command><TotalCommand>0</TotalCommand><Agent>0</Agent><TotalAgent>0</TotalAgent><Emmisary>90</Emmisary><TotalEmmisary>90</TotalEmmisary><Mage>0</Mage><TotalMage>0</TotalMage><Stealth>0</Stealth><TotalStealth>0</TotalStealth><Challenge>45</Challenge><Health>100</Health><Title></Title><InformationSource>0</InformationSource><Artifacts/><Spells/></Character><Character ID="pinoc"><Name>Pinocchio</Name><Location>2312</Location><Nation>23</Nation><Command>77</Command><TotalCommand>77</TotalCommand><Agent>0</Agent><TotalAgent>0</TotalAgent><Emmisary>0</Emmisary><TotalEmmisary>0</TotalEmmisary><Mage>58</Mage><TotalMage>58</TotalMage><Stealth>0</Stealth><TotalStealth>0</TotalStealth><Challenge>91</Challenge><Health>100</Health><Title></Title><InformationSource>0</InformationSource><Artifacts/><Spells><Spell>#102 Barriers(77)</Spell><Spell>#412 Research Artifact(90)</Spell><Spell>#418 Locate Artifact(86)</Spell><Spell>#508 Conjure Mounts(100)</Spell></Spells></Character><Character ID="cappu"><Name>Cappuccetto Rosso</Name><Location>2711</Location><Nation>23</Nation><Command>60</Command><TotalCommand>60</TotalCommand><Agent>0</Agent><TotalAgent>0</TotalAgent><Emmisary>0</Emmisary><TotalEmmisary>0</TotalEmmisary><Mage>64</Mage><TotalMage>64</TotalMage><Stealth>0</Stealth><TotalStealth>0</TotalStealth><Challenge>94</Challenge><Health>100</Health><Title></Title><InformationSource>0</InformationSource><Artifacts><Artifact>#126 Macirillë</Artifact></Artifacts><Spells><Spell>#102 Barriers(96)</Spell><Spell>#412 Research Artifact(100)</Spell><Spell>#418 Locate Artifact(67)</Spell><Spell>#502 Weakness(91)</Spell><Spell>#508 Conjure Mounts(100)</Spell></Spells></Character><Character ID="gatto"><Name>Gatto</Name><Location>2711</Location><Nation>23</Nation><Command>83</Command><TotalCommand>83</TotalCommand><Agent>0</Agent><TotalAgent>0</TotalAgent><Emmisary>0</Emmisary><TotalEmmisary>0</TotalEmmisary><Mage>50</Mage><TotalMage>50</TotalMage><Stealth>0</Stealth><TotalStealth>0</TotalStealth><Challenge>95</Challenge><Health>100</Health><Title></Title><InformationSource>0</InformationSource><Artifacts/><Spells><Spell>#102 Barriers(100)</Spell><Spell>#416 Reveal Production(89)</Spell><Spell>#420 Reveal Character(74)</Spell><Spell>#508 Conjure Mounts(71)</Spell></Spells></Character><Character ID="polli"><Name>Pollicino</Name><Location>2711</Location><Nation>23</Nation><Command>0</Command><TotalCommand>0</TotalCommand><Agent>0</Agent><TotalAgent>0</TotalAgent><Emmisary>0</Emmisary><TotalEmmisary>0</TotalEmmisary><Mage>79</Mage><TotalMage>79</TotalMage><Stealth>0</Stealth><TotalStealth>0</TotalStealth><Challenge>79</Challenge><Health>100</Health><Title></Title><InformationSource>0</InformationSource><Artifacts/><Spells><Spell>#102 Barriers(87)</Spell><Spell>#218 Wall of Wind(66)</Spell><Spell>#308 Capital Return(94)</Spell><Spell>#314 Teleport(82)</Spell><Spell>#414 Scry Hex(84)</Spell><Spell>#506 Curses(42)</Spell><Spell>#508 Conjure Mounts(100)</Spell></Spells></Character><Character ID="sabbi"><Name>Sabbiolina</Name><Location>2711</Location><Nation>23</Nation><Command>0</Command><TotalCommand>0</TotalCommand><Agent>0</Agent><TotalAgent>0</TotalAgent><Emmisary>0</Emmisary><TotalEmmisary>0</TotalEmmisary><Mage>77</Mage><TotalMage>77</TotalMage><Stealth>0</Stealth><TotalStealth>0</TotalStealth><Challenge>77</Challenge><Health>100</Health><Title></Title><InformationSource>0</InformationSource><Artifacts/><Spells><Spell>#102 Barriers(90)</Spell><Spell>#214 Call Winds(69)</Spell><Spell>#302 Long Stride(85)</Spell><Spell>#413 Scry Population Center(89)</Spell><Spell>#508 Conjure Mounts(100)</Spell></Spells></Character><Character ID="solit"><Name>Solitaria</Name><Location>2711</Location><Nation>23</Nation><Command>33</Command><TotalCommand>33</TotalCommand><Agent>14</Agent><TotalAgent>14</TotalAgent><Emmisary>21</Emmisary><TotalEmmisary>21</TotalEmmisary><Mage>0</Mage><TotalMage>0</TotalMage><Stealth>0</Stealth><TotalStealth>0</TotalStealth><Challenge>38</Challenge><Health>100</Health><Title></Title><InformationSource>0</InformationSource><Artifacts/><Spells/></Character><Character ID="nonna"><Name>Nonna</Name><Location>3322</Location><Nation>23</Nation><Command>0</Command><TotalCommand>0</TotalCommand><Agent>0</Agent><TotalAgent>0</TotalAgent><Emmisary>68</Emmisary><TotalEmmisary>68</TotalEmmisary><Mage>0</Mage><TotalMage>0</TotalMage><Stealth>0</Stealth><TotalStealth>0</TotalStealth><Challenge>34</Challenge><Health>100</Health><Title></Title><InformationSource>0</InformationSource><Artifacts/><Spells/></Character><Character ID="decod"><Name>Decoder</Name><Location>3707</Location><Nation>23</Nation><Command>0</Command><TotalCommand>0</TotalCommand><Agent>0</Agent><TotalAgent>0</TotalAgent><Emmisary>82</Emmisary><TotalEmmisary>82</TotalEmmisary><Mage>0</Mage><TotalMage>0</TotalMage><Stealth>0</Stealth><TotalStealth>0</TotalStealth><Challenge>41</Challenge><Health>100</Health><Title></Title><InformationSource>0</InformationSource><Artifacts/><Spells/></Character><Character ID="muxes"><Name>Muxes</Name><Location>3707</Location><Nation>23</Nation><Command>10</Command><TotalCommand>10</TotalCommand><Agent>0</Agent><TotalAgent>0</TotalAgent><Emmisary>85</Emmisary><TotalEmmisary>85</TotalEmmisary><Mage>0</Mage><TotalMage>0</TotalMage><Stealth>0</Stealth><TotalStealth>0</TotalStealth><Challenge>44</Challenge><Health>100</Health><Title></Title><InformationSource>0</InformationSource><Artifacts/><Spells/></Character><Character ID="bianc"><Name>Biancaneve</Name><Location>3712</Location><Nation>23</Nation><Command>0</Command><TotalCommand>0</TotalCommand><Agent>0</Agent><TotalAgent>0</TotalAgent><Emmisary>0</Emmisary><TotalEmmisary>0</TotalEmmisary><Mage>47</Mage><TotalMage>92</TotalMage><Stealth>0</Stealth><TotalStealth>0</TotalStealth><Challenge>92</Challenge><Health>100</Health><Title></Title><InformationSource>0</InformationSource><Artifacts><Artifact>#2 Staff of the Serpent</Artifact><Artifact>#84 Maranya</Artifact></Artifacts><Spells><Spell>#104 Resistances(71)</Spell><Spell>#218 Wall of Wind(90)</Spell><Spell>#308 Capital Return(61)</Spell><Spell>#412 Research Artifact(61)</Spell></Spells></Character><Character ID="brici"><Name>Briciolina</Name><Location>3712</Location><Nation>23</Nation><Command>0</Command><TotalCommand>0</TotalCommand><Agent>0</Agent><TotalAgent>0</TotalAgent><Emmisary>0</Emmisary><TotalEmmisary>0</TotalEmmisary><Mage>60</Mage><TotalMage>60</TotalMage><Stealth>0</Stealth><TotalStealth>0</TotalStealth><Challenge>60</Challenge><Health>100</Health><Title></Title><InformationSource>0</InformationSource><Artifacts/><Spells><Spell>#102 Barriers(75)</Spell><Spell>#202 Call Fire(91)</Spell><Spell>#302 Long Stride(86)</Spell><Spell>#408 Perceive Nationality(58)</Spell><Spell>#508 Conjure Mounts(96)</Spell></Spells></Character><Character ID="lupo "><Name>Lupo </Name><Location>3712</Location><Nation>23</Nation><Command>68</Command><TotalCommand>68</TotalCommand><Agent>0</Agent><TotalAgent>0</TotalAgent><Emmisary>44</Emmisary><TotalEmmisary>44</TotalEmmisary><Mage>0</Mage><TotalMage>0</TotalMage><Stealth>0</Stealth><TotalStealth>0</TotalStealth><Challenge>73</Challenge><Health>100</Health><Title></Title><InformationSource>0</InformationSource><Artifacts/><Spells/></Character><Character ID="robin"><Name>Robin Hood</Name><Location>3712</Location><Nation>23</Nation><Command>0</Command><TotalCommand>0</TotalCommand><Agent>0</Agent><TotalAgent>0</TotalAgent><Emmisary>0</Emmisary><TotalEmmisary>0</TotalEmmisary><Mage>72</Mage><TotalMage>72</TotalMage><Stealth>0</Stealth><TotalStealth>0</TotalStealth><Challenge>72</Challenge><Health>100</Health><Title></Title><InformationSource>0</InformationSource><Artifacts/><Spells><Spell>#102 Barriers(93)</Spell><Spell>#214 Call Winds(78)</Spell><Spell>#308 Capital Return(80)</Spell><Spell>#402 Perceive Allegiance(68)</Spell><Spell>#508 Conjure Mounts(92)</Spell></Spells></Character><Character ID="volpe"><Name>Volpe</Name><Location>3712</Location><Nation>23</Nation><Command>64</Command><TotalCommand>64</TotalCommand><Agent>0</Agent><TotalAgent>0</TotalAgent><Emmisary>0</Emmisary><TotalEmmisary>0</TotalEmmisary><Mage>59</Mage><TotalMage>59</TotalMage><Stealth>0</Stealth><TotalStealth>0</TotalStealth><Challenge>78</Challenge><Health>100</Health><Title></Title><InformationSource>0</InformationSource><Artifacts/><Spells><Spell>#102 Barriers(86)</Spell><Spell>#404 Perceive Relations(92)</Spell><Spell>#414 Scry Hex(86)</Spell><Spell>#508 Conjure Mounts(87)</Spell></Spells></Character><Character ID="augus"><Name>Augustus</Name><Location>3721</Location><Nation>0</Nation><Command>0</Command><TotalCommand>0</TotalCommand><Agent>0</Agent><TotalAgent>0</TotalAgent><Emmisary>0</Emmisary><TotalEmmisary>0</TotalEmmisary><Mage>0</Mage><TotalMage>0</TotalMage><Stealth>0</Stealth><TotalStealth>0</TotalStealth><Challenge>0</Challenge><Health>0</Health><Title></Title><InformationSource>2</InformationSource><Artifacts/><Spells/></Character><Character ID="picco"><Name>Piccola Vedetta</Name><Location>4432</Location><Nation>23</Nation><Command>0</Command><TotalCommand>0</TotalCommand><Agent>0</Agent><TotalAgent>0</TotalAgent><Emmisary>68</Emmisary><TotalEmmisary>68</TotalEmmisary><Mage>0</Mage><TotalMage>0</TotalMage><Stealth>0</Stealth><TotalStealth>0</TotalStealth><Challenge>34</Challenge><Health>100</Health><Title></Title><InformationSource>0</InformationSource><Artifacts/><Spells/></Character><Character ID="azzur"><Name>Azzurro</Name><Location>4433</Location><Nation>23</Nation><Command>18</Command><TotalCommand>18</TotalCommand><Agent>93</Agent><TotalAgent>93</TotalAgent><Emmisary>0</Emmisary><TotalEmmisary>0</TotalEmmisary><Mage>0</Mage><TotalMage>0</TotalMage><Stealth>10</Stealth><TotalStealth>10</TotalStealth><Challenge>73</Challenge><Health>100</Health><Title></Title><InformationSource>0</InformationSource><Artifacts/><Spells/></Character></Characters>
<Economy><Nation><ArmyMaint>11994</ArmyMaint><PopMaint>7250</PopMaint><CharMaint>35700</CharMaint><TotalMaint>54944</TotalMaint><TaxRate>60</TaxRate><Revenue>60840</Revenue><Surplus>5896</Surplus><Reserve>6957</Reserve><TaxBase>34</TaxBase></Nation><Market><Product type="le"><BuyPrice>3</BuyPrice><SellPrice>2</SellPrice><MarketAvail>19131</MarketAvail><NationStores>4154</NationStores><NationProduction>1048</NationProduction></Product><Product type="br"><BuyPrice>3</BuyPrice><SellPrice>2</SellPrice><MarketAvail>29442</MarketAvail><NationStores>3546</NationStores><NationProduction>1570</NationProduction></Product><Product type="st"><BuyPrice>4</BuyPrice><SellPrice>2</SellPrice><MarketAvail>11830</MarketAvail><NationStores>3311</NationStores><NationProduction>692</NationProduction></Product><Product type="mi"><BuyPrice>16</BuyPrice><SellPrice>9</SellPrice><MarketAvail>2721</MarketAvail><NationStores>906</NationStores><NationProduction>158</NationProduction></Product><Product type="fo"><BuyPrice>2</BuyPrice><SellPrice>1</SellPrice><MarketAvail>273972</MarketAvail><NationStores>518</NationStores><NationProduction>3999</NationProduction></Product><Product type="ti"><BuyPrice>3</BuyPrice><SellPrice>2</SellPrice><MarketAvail>22967</MarketAvail><NationStores>7473</NationStores><NationProduction>245</NationProduction></Product><Product type="mo"><BuyPrice>8</BuyPrice><SellPrice>5</SellPrice><MarketAvail>3936</MarketAvail><NationStores>2727</NationStores><NationProduction>54</NationProduction></Product></Market></Economy>
<PopCentres><PopCentre HexID="1219"><Name>Dannedhir</Name><Nation>12</Nation><NationAllegience>0</NationAllegience><FortificationLevel>0</FortificationLevel><Size>1</Size><Dock>0</Dock><Capital>0</Capital><Loyalty>0</Loyalty><InformationSource>3</InformationSource><Hidden>0</Hidden></PopCentre><PopCentre HexID="1319"><Name>Barad Pelendur</Name><Nation>23</Nation><NationAllegience>0</NationAllegience><FortificationLevel>0</FortificationLevel><Size>2</Size><Dock>0</Dock><Capital>0</Capital><Loyalty>46</Loyalty><InformationSource>1</InformationSource><Hidden>0</Hidden></PopCentre><PopCentre HexID="2209"><Name>Imladris</Name><Nation>20</Nation><NationAllegience>0</NationAllegience><FortificationLevel>2</FortificationLevel><Size>3</Size><Dock>0</Dock><Capital>0</Capital><Loyalty>0</Loyalty><InformationSource>3</InformationSource><Hidden>0</Hidden></PopCentre><PopCentre HexID="2307"><Name>Currahee</Name><Nation>23</Nation><NationAllegience>0</NationAllegience><FortificationLevel>0</FortificationLevel><Size>4</Size><Dock>0</Dock><Capital>0</Capital><Loyalty>48</Loyalty><InformationSource>1</InformationSource><Hidden>0</Hidden></PopCentre><PopCentre HexID="2610"><Name>Herëamon</Name><Nation>23</Nation><NationAllegience>0</NationAllegience><FortificationLevel>0</FortificationLevel><Size>2</Size><Dock>0</Dock><Capital>0</Capital><Loyalty>29</Loyalty><InformationSource>1</InformationSource><Hidden>0</Hidden></PopCentre><PopCentre HexID="2711"><Name>Neverending</Name><Nation>23</Nation><NationAllegience>0</NationAllegience><FortificationLevel>1</FortificationLevel><Size>5</Size><Dock>0</Dock><Capital>0</Capital><Loyalty>84</Loyalty><InformationSource>1</InformationSource><Hidden>0</Hidden></PopCentre><PopCentre HexID="3122"><Name>Durthang</Name><Nation>23</Nation><NationAllegience>0</NationAllegience><FortificationLevel>0</FortificationLevel><Size>1</Size><Dock>0</Dock><Capital>0</Capital><Loyalty>65</Loyalty><InformationSource>1</InformationSource><Hidden>0</Hidden></PopCentre><PopCentre HexID="3209"><Name>Unknown (Map Icon)</Name><Nation>0</Nation><NationAllegience>0</NationAllegience><FortificationLevel>0</FortificationLevel><Size>2</Size><Dock>0</Dock><Capital>0</Capital><Loyalty>0</Loyalty><InformationSource>4</InformationSource><Hidden>0</Hidden></PopCentre><PopCentre HexID="3210"><Name>Unknown (Map Icon)</Name><Nation>0</Nation><NationAllegience>0</NationAllegience><FortificationLevel>0</FortificationLevel><Size>1</Size><Dock>0</Dock><Capital>0</Capital><Loyalty>0</Loyalty><InformationSource>4</InformationSource><Hidden>0</Hidden></PopCentre><PopCentre HexID="3305"><Name>Unknown (Map Icon)</Name><Nation>0</Nation><NationAllegience>0</NationAllegience><FortificationLevel>0</FortificationLevel><Size>3</Size><Dock>0</Dock><Capital>0</Capital><Loyalty>0</Loyalty><InformationSource>4</InformationSource><Hidden>0</Hidden></PopCentre><PopCentre HexID="3322"><Name>Montagna</Name><Nation>23</Nation><NationAllegience>0</NationAllegience><FortificationLevel>0</FortificationLevel><Size>1</Size><Dock>0</Dock><Capital>0</Capital><Loyalty>11</Loyalty><InformationSource>1</InformationSource><Hidden>0</Hidden></PopCentre><PopCentre HexID="3421"><Name>Fiaba</Name><Nation>23</Nation><NationAllegience>0</NationAllegience><FortificationLevel>0</FortificationLevel><Size>3</Size><Dock>0</Dock><Capital>0</Capital><Loyalty>30</Loyalty><InformationSource>1</InformationSource><Hidden>0</Hidden></PopCentre><PopCentre HexID="3423"><Name>Barad-dûr</Name><Nation>23</Nation><NationAllegience>0</NationAllegience><FortificationLevel>1</FortificationLevel><Size>2</Size><Dock>0</Dock><Capital>0</Capital><Loyalty>44</Loyalty><InformationSource>1</InformationSource><Hidden>0</Hidden></PopCentre><PopCentre HexID="3430"><Name>Spiaggia</Name><Nation>23</Nation><NationAllegience>0</NationAllegience><FortificationLevel>0</FortificationLevel><Size>1</Size><Dock>0</Dock><Capital>0</Capital><Loyalty>18</Loyalty><InformationSource>1</InformationSource><Hidden>0</Hidden></PopCentre><PopCentre HexID="3506"><Name>Unknown (Map Icon)</Name><Nation>0</Nation><NationAllegience>0</NationAllegience><FortificationLevel>0</FortificationLevel><Size>2</Size><Dock>0</Dock><Capital>0</Capital><Loyalty>0</Loyalty><InformationSource>4</InformationSource><Hidden>0</Hidden></PopCentre><PopCentre HexID="3607"><Name>Unknown (Map Icon)</Name><Nation>0</Nation><NationAllegience>0</NationAllegience><FortificationLevel>0</FortificationLevel><Size>2</Size><Dock>0</Dock><Capital>0</Capital><Loyalty>0</Loyalty><InformationSource>4</InformationSource><Hidden>0</Hidden></PopCentre><PopCentre HexID="3612"><Name>Terrano</Name><Nation>23</Nation><NationAllegience>0</NationAllegience><FortificationLevel>1</FortificationLevel><Size>3</Size><Dock>1</Dock><Capital>0</Capital><Loyalty>20</Loyalty><InformationSource>1</InformationSource><Hidden>0</Hidden></PopCentre><PopCentre HexID="3705"><Name>Farfaraway</Name><Nation>23</Nation><NationAllegience>0</NationAllegience><FortificationLevel>0</FortificationLevel><Size>1</Size><Dock>0</Dock><Capital>0</Capital><Loyalty>34</Loyalty><InformationSource>1</InformationSource><Hidden>0</Hidden></PopCentre><PopCentre HexID="3706"><Name>Unknown (Map Icon)</Name><Nation>0</Nation><NationAllegience>0</NationAllegience><FortificationLevel>0</FortificationLevel><Size>2</Size><Dock>0</Dock><Capital>0</Capital><Loyalty>0</Loyalty><InformationSource>4</InformationSource><Hidden>0</Hidden></PopCentre><PopCentre HexID="3707"><Name>Trannel</Name><Nation>14</Nation><NationAllegience>0</NationAllegience><FortificationLevel>0</FortificationLevel><Size>3</Size><Dock>0</Dock><Capital>0</Capital><Loyalty>0</Loyalty><InformationSource>3</InformationSource><Hidden>0</Hidden></PopCentre><PopCentre HexID="3708"><Name>Thiach</Name><Nation>23</Nation><NationAllegience>0</NationAllegience><FortificationLevel>0</FortificationLevel><Size>2</Size><Dock>0</Dock><Capital>0</Capital><Loyalty>21</Loyalty><InformationSource>1</InformationSource><Hidden>0</Hidden></PopCentre><PopCentre HexID="3711"><Name>Ponte</Name><Nation>23</Nation><NationAllegience>0</NationAllegience><FortificationLevel>1</FortificationLevel><Size>3</Size><Dock>0</Dock><Capital>0</Capital><Loyalty>39</Loyalty><InformationSource>1</InformationSource><Hidden>0</Hidden></PopCentre><PopCentre HexID="3712"><Name>Casa</Name><Nation>23</Nation><NationAllegience>0</NationAllegience><FortificationLevel>1</FortificationLevel><Size>5</Size><Dock>2</Dock><Capital>1</Capital><Loyalty>77</Loyalty><InformationSource>1</InformationSource><Hidden>0</Hidden></PopCentre><PopCentre HexID="3713"><Name>Unknown (Map Icon)</Name><Nation>0</Nation><NationAllegience>0</NationAllegience><FortificationLevel>0</FortificationLevel><Size>2</Size><Dock>0</Dock><Capital>0</Capital><Loyalty>0</Loyalty><InformationSource>4</InformationSource><Hidden>0</Hidden></PopCentre><PopCentre HexID="3716"><Name>Unknown (Map Icon)</Name><Nation>0</Nation><NationAllegience>0</NationAllegience><FortificationLevel>0</FortificationLevel><Size>2</Size><Dock>0</Dock><Capital>0</Capital><Loyalty>0</Loyalty><InformationSource>4</InformationSource><Hidden>0</Hidden></PopCentre><PopCentre HexID="3721"><Name>Nuvole Bianche</Name><Nation>23</Nation><NationAllegience>0</NationAllegience><FortificationLevel>0</FortificationLevel><Size>1</Size><Dock>0</Dock><Capital>0</Capital><Loyalty>37</Loyalty><InformationSource>1</InformationSource><Hidden>0</Hidden></PopCentre><PopCentre HexID="3806"><Name>Fortino</Name><Nation>23</Nation><NationAllegience>0</NationAllegience><FortificationLevel>2</FortificationLevel><Size>1</Size><Dock>0</Dock><Capital>0</Capital><Loyalty>26</Loyalty><InformationSource>1</InformationSource><Hidden>0</Hidden></PopCentre><PopCentre HexID="3807"><Name>Ragnar Sa</Name><Nation>23</Nation><NationAllegience>0</NationAllegience><FortificationLevel>1</FortificationLevel><Size>4</Size><Dock>0</Dock><Capital>0</Capital><Loyalty>40</Loyalty><InformationSource>1</InformationSource><Hidden>0</Hidden></PopCentre><PopCentre HexID="3811"><Name>Pianura</Name><Nation>23</Nation><NationAllegience>0</NationAllegience><FortificationLevel>1</FortificationLevel><Size>3</Size><Dock>0</Dock><Capital>0</Capital><Loyalty>45</Loyalty><InformationSource>1</InformationSource><Hidden>0</Hidden></PopCentre><PopCentre HexID="3821"><Name>Pioggia</Name><Nation>23</Nation><NationAllegience>0</NationAllegience><FortificationLevel>0</FortificationLevel><Size>2</Size><Dock>0</Dock><Capital>0</Capital><Loyalty>22</Loyalty><InformationSource>1</InformationSource><Hidden>0</Hidden></PopCentre><PopCentre HexID="3906"><Name>Unknown (Map Icon)</Name><Nation>0</Nation><NationAllegience>0</NationAllegience><FortificationLevel>0</FortificationLevel><Size>2</Size><Dock>0</Dock><Capital>0</Capital><Loyalty>0</Loyalty><InformationSource>4</InformationSource><Hidden>0</Hidden></PopCentre><PopCentre HexID="3912"><Name>Unknown (Map Icon)</Name><Nation>0</Nation><NationAllegience>0</NationAllegience><FortificationLevel>1</FortificationLevel><Size>4</Size><Dock>0</Dock><Capital>0</Capital><Loyalty>0</Loyalty><InformationSource>4</InformationSource><Hidden>0</Hidden></PopCentre><PopCentre HexID="4012"><Name>Prato</Name><Nation>23</Nation><NationAllegience>0</NationAllegience><FortificationLevel>1</FortificationLevel><Size>2</Size><Dock>0</Dock><Capital>0</Capital><Loyalty>41</Loyalty><InformationSource>1</InformationSource><Hidden>0</Hidden></PopCentre><PopCentre HexID="4013"><Name>Castello</Name><Nation>23</Nation><NationAllegience>0</NationAllegience><FortificationLevel>2</FortificationLevel><Size>4</Size><Dock>0</Dock><Capital>0</Capital><Loyalty>38</Loyalty><InformationSource>1</InformationSource><Hidden>0</Hidden></PopCentre><PopCentre HexID="4015"><Name>Unknown (Map Icon)</Name><Nation>0</Nation><NationAllegience>0</NationAllegience><FortificationLevel>1</FortificationLevel><Size>4</Size><Dock>0</Dock><Capital>0</Capital><Loyalty>0</Loyalty><InformationSource>4</InformationSource><Hidden>0</Hidden></PopCentre><PopCentre HexID="4017"><Name>Unknown (Map Icon)</Name><Nation>0</Nation><NationAllegience>0</NationAllegience><FortificationLevel>0</FortificationLevel><Size>1</Size><Dock>0</Dock><Capital>0</Capital><Loyalty>0</Loyalty><InformationSource>4</InformationSource><Hidden>0</Hidden></PopCentre><PopCentre HexID="4128"><Name>Fate</Name><Nation>23</Nation><NationAllegience>0</NationAllegience><FortificationLevel>1</FortificationLevel><Size>2</Size><Dock>0</Dock><Capital>0</Capital><Loyalty>51</Loyalty><InformationSource>1</InformationSource><Hidden>0</Hidden></PopCentre><PopCentre HexID="4215"><Name>Isola che non</Name><Nation>23</Nation><NationAllegience>0</NationAllegience><FortificationLevel>0</FortificationLevel><Size>2</Size><Dock>0</Dock><Capital>0</Capital><Loyalty>36</Loyalty><InformationSource>1</InformationSource><Hidden>0</Hidden></PopCentre><PopCentre HexID="4428"><Name>Tallunë</Name><Nation>23</Nation><NationAllegience>0</NationAllegience><FortificationLevel>0</FortificationLevel><Size>2</Size><Dock>0</Dock><Capital>0</Capital><Loyalty>43</Loyalty><InformationSource>1</InformationSource><Hidden>0</Hidden></PopCentre><PopCentre HexID="4432"><Name>Vulcan</Name><Nation>16</Nation><NationAllegience>0</NationAllegience><FortificationLevel>0</FortificationLevel><Size>2</Size><Dock>0</Dock><Capital>0</Capital><Loyalty>0</Loyalty><InformationSource>3</InformationSource><Hidden>0</Hidden></PopCentre><PopCentre HexID="4433"><Name>Chandilar</Name><Nation>16</Nation><NationAllegience>0</NationAllegience><FortificationLevel>0</FortificationLevel><Size>5</Size><Dock>0</Dock><Capital>0</Capital><Loyalty>0</Loyalty><InformationSource>3</InformationSource><Hidden>0</Hidden></PopCentre></PopCentres><Armies><Army HexID="2312"><Nation>23</Nation><NationAllegience>0</NationAllegience><Size>0</Size><TroopCount>1800</TroopCount><Commander>Pinocchio</Commander><CommanderTitle>Warlord</CommanderTitle><ExtraInfo>1800HC</ExtraInfo><Navy>0</Navy><InformationSource>1</InformationSource><CharsTravellingWith></CharsTravellingWith></Army><Army HexID="2711"><Nation>23</Nation><NationAllegience>0</NationAllegience><Size>2</Size><TroopCount>149</TroopCount><Commander>Cappuccetto Rosso</Commander><CommanderTitle>Regent</CommanderTitle><ExtraInfo>149HC</ExtraInfo><Navy>0</Navy><InformationSource>1</InformationSource><CharsTravellingWith>Gatto - Solitaria</CharsTravellingWith></Army><Army HexID="2711"><Nation>0</Nation><NationAllegience>1</NationAllegience><Size>0</Size><TroopCount>0</TroopCount><Commander>Unknown (Map Icon)</Commander><CommanderTitle></CommanderTitle><ExtraInfo></ExtraInfo><Navy>0</Navy><InformationSource>4</InformationSource><CharsTravellingWith></CharsTravellingWith></Army><Army HexID="3305"><Nation>0</Nation><NationAllegience>1</NationAllegience><Size>0</Size><TroopCount>0</TroopCount><Commander>Unknown (Map Icon)</Commander><CommanderTitle></CommanderTitle><ExtraInfo></ExtraInfo><Navy>0</Navy><InformationSource>4</InformationSource><CharsTravellingWith></CharsTravellingWith></Army><Army HexID="3506"><Nation>0</Nation><NationAllegience>1</NationAllegience><Size>0</Size><TroopCount>0</TroopCount><Commander>Unknown (Map Icon)</Commander><CommanderTitle></CommanderTitle><ExtraInfo></ExtraInfo><Navy>0</Navy><InformationSource>4</InformationSource><CharsTravellingWith></CharsTravellingWith></Army><Army HexID="3706"><Nation>0</Nation><NationAllegience>1</NationAllegience><Size>0</Size><TroopCount>0</TroopCount><Commander>Unknown (Map Icon)</Commander><CommanderTitle></CommanderTitle><ExtraInfo></ExtraInfo><Navy>0</Navy><InformationSource>4</InformationSource><CharsTravellingWith></CharsTravellingWith></Army><Army HexID="3707"><Nation>0</Nation><NationAllegience>1</NationAllegience><Size>0</Size><TroopCount>0</TroopCount><Commander>Unknown (Map Icon)</Commander><CommanderTitle></CommanderTitle><ExtraInfo></ExtraInfo><Navy>0</Navy><InformationSource>4</InformationSource><CharsTravellingWith></CharsTravellingWith></Army><Army HexID="3716"><Nation>0</Nation><NationAllegience>1</NationAllegience><Size>0</Size><TroopCount>0</TroopCount><Commander>Unknown (Map Icon)</Commander><CommanderTitle></CommanderTitle><ExtraInfo></ExtraInfo><Navy>0</Navy><InformationSource>4</InformationSource><CharsTravellingWith></CharsTravellingWith></Army></Armies><NationInfo><LostControlOf Name="Tatamagouche"/><EmptyPopHexes HexIDList="2611,2612,2710,2712,2811,3205,3206,3207,3208,3211,3212,3213,3214,3215,3216,3217,3306,3307,3308,3309,3310,3311,3312,3313,3314,3315,3316,3317,3405,3406,3407,3408,3409,3410,3411,3412,3413,3414,3415,3416,3417,3505,3507,3508,3509,3510,3511,3512,3513,3514,3515,3516,3517,3605,3606,3608,3609,3610,3611,3613,3614,3615,3616,3617,3709,3710,3714,3715,3717,3805,3808,3809,3810,3812,3813,3814,3815,3816,3817,3905,3907,3908,3909,3910,3911,3913,3914,3915,3916,3917,4005,4007,4009,4011"/><PopHexes HexIDList="2610,2711,3209,3210,3305,3506,3607,3612,3705,3706,3707,3708,3711,3712,3713,3716,3806,3807,3811,3906,3912,4013,4015,4017"/><NationMessages><NationMessage>The loyalty was influenced/reduced at Tatamagouche. </NationMessage><NationMessage>Tatamagouche is no longer under our control. </NationMessage><NationMessage>There are rumors of a theft attempt involving Carfe at Hellgate. </NationMessage><NationMessage>175 Gold was stolen at Herëamon. </NationMessage></NationMessages></NationInfo><Nations><Nation ID="0">Unknown</Nation><Nation ID="1">North Kingdom</Nation><Nation ID="2">South Kingdom</Nation><Nation ID="3">Wise Council</Nation><Nation ID="4">Acadians</Nation><Nation ID="5">Silent Assembly</Nation><Nation ID="6">Thorinar</Nation><Nation ID="7">Sapphic Enclave</Nation><Nation ID="8">Nameless</Nation><Nation ID="9">Ground Pounders</Nation><Nation ID="10">Sundered</Nation><Nation ID="11">Lohmai'gwaith</Nation><Nation ID="12">Sheri-Urk</Nation><Nation ID="13">Red Witches</Nation><Nation ID="14">Dark Feast</Nation><Nation ID="15">Twilight Hammer</Nation><Nation ID="16">Sh'iar Empire</Nation><Nation ID="17">Great Trollusk</Nation><Nation ID="18">Benîm an Pharazôn</Nation><Nation ID="19">RhunLandChattelCo</Nation><Nation ID="20">Tribes of Angmar</Nation><Nation ID="21">Lands</Nation><Nation ID="22">Sing a Song</Nation><Nation ID="23">Once Upon a Time</Nation><Nation ID="24">Plane</Nation><Nation ID="25">Alvernus</Nation></Nations></METurn>
